1,Maple,0.448261,0.448261,0.448261,0.448261,0.448261,0.448261,0.448261,0.448261,0.448261,0.448261,0.448261,0.448261,8.512572,8.482721,5.817954,9.355995,10.730660,9.922382,7.989788,3.873185,7.242814,8.345182,8.924955,9.613248,7.431376,8.676614,9.877252,7.815485,11.638714,11.375640,5.859519,2.449155,8.222940,9.501789,13.299570,12.848028,5.466284,9.409704,9.471460,6.821099,10.674084,9.565368,7.094703,7.601169,9.348381,8.235263,13.018241,9.868180,2.103386,7.037014,7.735180,8.982507,8.655898,9.148411,8.671782,6.666630,8.571492,7.905626,5.952953,4.661986,6.399864,6.496825,6.236742,8.914417,9.324731,9.595802,7.648869,5.544225,8.065002,8.614511,8.328814,4.375178,7.090929,6.759847,6.790991,8.199329,6.730502,6.540245,5.904706,6.008694,4.964626,4.197471,5.268875,6.004778,3.901051,5.330336,6.777246,3.954028,4.848507,4.932587,5.084378,4.581510,3.867197,5.485286,6.039002,4.440341,3.091538,2.709481,4.701497,2.222208,3.453243,3.779613,2.109303,1.553066,2.182399,2.491568,2.038704,3.888074
2,Maple,0.359281,0.359281,0.359281,0.359281,0.359281,0.359281,0.359281,0.359281,0.359281,0.359281,0.359281,0.359281,7.785465,6.247158,6.701899,7.962377,9.679482,2.428263,8.567640,6.153187,7.191664,8.347008,4.213411,0.630718,8.107557,9.730733,8.966455,8.032528,10.277557,8.999443,7.985684,8.493558,9.751925,9.692972,11.881217,11.029196,8.594018,9.680655,9.892303,9.106745,9.260366,9.639237,7.238800,8.160495,9.520049,10.275205,12.548967,10.964889,7.033975,7.797154,7.863356,8.258924,8.677567,7.532943,8.072205,6.991209,8.247591,7.652011,7.574800,6.017961,7.419954,7.006052,7.543232,7.228291,6.976609,7.573635,8.009693,7.351256,7.441862,6.787738,7.757147,6.867621,7.328606,7.319268,8.552701,7.346877,6.197481,7.094028,6.172163,6.482579,5.770988,6.470852,5.937942,6.728923,5.488494,5.339922,7.004047,4.897392,5.756720,5.942225,6.339856,5.130955,4.246317,5.792953,6.486279,3.953390,4.025696,5.525115,5.156785,4.174790,2.676309,4.056465,3.143353,1.766057,2.173962,2.669741,2.071672,4.236498
3,Maple,0.521452,0.521452,0.521452,0.521452,5.887679,0.521452,0.521452,0.521452,0.521452,0.521452,0.521452,0.521452,6.664796,9.548889,7.625790,9.257801,10.118332,0.521451,1.489611,4.933200,7.064385,8.027298,4.309992,2.169151,7.500605,9.855024,10.410375,9.764174,10.013892,10.915904,7.764413,8.759419,9.426945,9.739231,10.707823,8.197343,5.770577,9.122707,9.477771,9.729901,10.070143,10.693306,10.300900,8.444429,9.812246,9.449573,9.343875,8.661497,6.393029,6.775287,7.693233,8.870607,9.635123,9.828273,8.859061,7.326074,6.515228,8.508822,8.517803,5.630469,7.603405,6.606131,7.632448,8.782709,9.636896,9.799811,8.125914,6.369130,5.787146,6.980038,8.634099,7.570044,7.746019,6.713501,7.205983,7.556863,7.488829,6.976550,6.213251,6.389706,5.913381,5.854844,5.824291,6.534857,5.673672,5.923770,7.553795,5.613249,5.825057,5.531952,5.327786,4.965971,4.453698,5.840545,6.524130,4.470622,4.315493,3.059457,5.158158,4.067142,4.156268,4.451639,4.397572,1.749512,2.511168,2.950840,2.366334,4.597808
4,Maple,0.617664,0.617664,0.617664,0.617664,0.617664,0.617664,0.617664,0.617664,0.617664,0.617664,0.617664,0.617664,4.629686,1.560627,2.857274,11.222273,12.448247,11.467257,7.717959,7.641835,8.722460,9.300591,9.430592,10.817380,13.120478,9.603836,10.605274,10.686233,12.901576,11.729899,10.530466,7.925951,9.125770,9.980029,12.729879,14.167482,10.556652,9.581126,9.770472,9.867025,11.130342,10.274888,7.835084,7.610301,8.217835,8.575523,13.385550,12.907609,7.604636,7.988555,7.725078,9.642689,9.206800,9.420134,9.022393,7.016471,8.634468,8.360542,6.842793,5.942357,7.384322,7.093620,7.796882,9.343577,8.466455,9.857475,8.302016,6.675109,8.585727,8.823725,8.004292,7.151546,6.635580,6.318909,7.129683,7.657804,7.559340,6.962184,6.269803,6.507305,6.427739,6.222397,6.260051,6.726254,5.493276,5.852829,7.444445,4.533868,5.659651,6.137983,6.020772,4.859099,4.989511,5.350860,5.613214,4.098446,3.973287,3.174117,5.258191,2.273123,3.797836,4.169923,2.504956,1.544230,2.203078,2.831603,2.268476,4.054420
5,Maple,0.458442,0.458442,0.458442,0.458442,0.458442,0.458442,0.458442,0.458442,0.458442,0.458442,0.458442,0.458442,8.116337,7.963651,5.062590,4.498224,5.817614,1.325757,5.642421,6.395445,8.695805,9.705644,8.202906,7.552626,7.592701,8.538535,4.564828,5.226795,10.299845,6.935819,7.437019,7.749273,9.370801,9.738177,8.770703,8.879857,8.999592,9.635696,9.825753,9.364313,10.833057,10.147058,8.638850,8.438239,9.831877,6.966214,7.946684,8.435118,7.198888,8.115329,8.163076,10.168404,9.797798,9.785069,9.723526,8.237412,7.723223,9.048119,6.508784,5.361127,7.877034,7.065035,7.179784,9.040988,8.487183,10.029339,8.212751,6.011090,8.312361,9.275924,9.111641,8.386806,7.547763,7.141613,7.190951,8.796636,7.746378,7.531591,6.274695,6.465284,6.276808,6.394990,6.061875,6.513053,5.407415,5.515022,7.300042,4.282944,5.968405,5.853877,5.809395,4.923567,4.285287,6.135133,6.371739,5.532559,3.580963,3.615845,3.531544,2.658467,3.775578,4.501023,2.930300,2.045550,2.826339,3.021478,3.371205,3.893947
6,Maple,0.409221,0.409221,0.409221,0.409221,0.409221,0.409221,0.409221,0.409221,0.409221,0.409221,0.409221,0.409221,8.034325,4.995532,5.421247,2.029685,10.155701,0.420889,0.420889,0.420889,8.530135,9.541508,9.621315,9.000591,7.485492,9.863119,10.303999,8.883305,11.222473,7.020387,7.168763,8.646295,9.115884,8.938685,10.980641,10.117663,7.138459,9.754734,10.296503,8.081163,10.505191,8.142971,8.762519,7.531629,8.386916,8.900339,10.823023,10.201951,6.444995,7.242023,7.615198,8.343221,9.667471,9.526201,8.914278,7.672166,9.049551,8.300328,7.718517,5.595277,7.427367,7.691912,8.092286,9.078107,9.673127,10.071305,8.054092,7.454498,8.138480,8.269381,8.306969,6.123383,8.242454,6.904740,7.400256,9.072321,7.708727,6.806408,5.736780,5.672142,6.116489,6.100668,6.282188,7.609704,5.410270,5.784809,6.982082,6.230909,5.684499,5.630880,5.759526,5.213090,4.358852,6.724538,6.250726,4.110630,3.926574,3.000388,5.094857,3.506254,4.021135,4.219244,2.328832,1.475538,2.714231,3.169861,2.353126,4.501132
7,Maple,0.541211,0.541211,0.541211,0.541211,0.541211,0.541211,0.541211,0.541211,0.541211,0.541211,0.541211,0.541211,8.863431,8.811083,8.273254,9.278663,9.101376,7.992200,8.763103,6.359440,7.766864,3.957593,11.202290,11.642856,10.236872,9.342400,9.673498,9.289610,6.078096,7.100087,8.080301,7.716604,9.323283,9.447243,11.525220,13.200305,8.971822,9.849194,9.863280,8.646943,8.660903,7.496322,9.416041,8.395295,9.927530,8.827300,11.614851,10.961260,5.214680,7.853082,7.932898,8.363914,9.370116,9.498998,8.603079,7.208679,8.920296,8.362026,7.005607,5.608135,7.417483,7.361867,7.112733,8.658396,9.557519,9.863944,9.488687,7.674129,8.731251,8.792142,8.844519,5.471851,7.889293,7.370960,7.446936,8.353640,7.455930,6.912801,6.258289,6.524683,6.492652,6.214529,6.930285,6.603517,5.259624,5.852131,6.709939,4.336971,5.677602,5.554943,6.106052,5.019004,4.809907,5.562104,6.348476,6.300240,4.559914,3.354063,5.170150,2.915325,3.899274,3.925788,2.845550,2.816029,2.535123,2.612221,4.105284,4.575720
8,Maple,0.574242,0.574242,0.574242,0.574242,0.574242,0.574242,0.574242,0.574242,0.574242,0.574242,0.574242,0.574242,8.041142,9.262799,8.680442,6.155545,8.941879,9.751610,7.568965,6.366058,7.326946,3.578853,8.719445,10.886809,9.506884,9.946679,10.659052,9.859804,9.774042,9.086290,6.763976,8.204571,9.030678,9.560340,11.485606,10.777594,9.307278,10.154581,10.799845,8.785137,9.127464,8.388390,8.372448,8.011388,9.545200,9.365227,10.752720,11.231565,7.400189,7.333002,7.701054,8.260108,9.343143,8.844014,9.117974,9.067414,8.153055,8.654626,7.939812,5.648484,7.616744,7.288012,7.533970,8.548961,9.786137,9.152246,8.902077,6.277427,8.289559,8.981366,8.296100,6.038455,8.075456,7.286983,7.259881,5.788088,6.225264,7.045490,6.455238,6.494535,6.109875,6.866099,6.676681,6.905133,5.523396,5.321232,7.241893,4.269452,5.691443,5.938622,5.803888,5.277534,4.771878,6.012063,6.171314,4.500853,3.638180,3.129749,4.684699,2.928459,3.754001,4.334088,2.689276,1.729951,3.413344,2.790894,2.775932,4.427230
9,Maple,0.437265,0.437265,0.437265,0.437265,0.437265,0.437265,0.437265,0.437265,0.437265,0.437265,0.437265,0.437265,8.571702,0.439365,0.439365,5.171952,5.797824,6.918793,6.526483,6.493589,8.507549,9.391222,11.309445,9.646730,9.231699,2.650023,5.756866,7.174928,7.965198,8.132611,7.283111,8.587335,9.262691,9.991899,11.715324,9.946548,6.391608,9.721820,9.314599,7.720221,8.528253,9.629154,8.122495,8.379678,8.875673,8.406096,11.231339,9.707815,6.765278,8.011057,7.708363,6.950774,7.760359,9.612274,8.991206,9.259250,8.936971,8.138290,8.646502,5.749295,7.170360,6.410136,5.142438,8.027766,7.792630,7.963485,6.239489,6.580871,8.294307,9.090209,9.065541,7.496086,7.581344,7.363580,7.528349,8.275079,7.571260,6.746152,6.134498,6.295127,5.967652,6.445733,6.341220,6.931403,5.335023,5.525586,6.945246,4.392263,5.364309,5.668758,5.304528,5.299673,5.215447,6.612485,6.053765,5.597170,3.348074,3.701251,4.592200,4.190668,4.340499,4.078035,2.178901,2.022434,2.356619,2.782245,2.461769,4.676670
10,Maple,0.423209,0.423209,0.423209,0.423209,0.423209,0.423209,0.423209,0.423209,0.423209,0.423209,0.423209,0.423209,3.817772,7.079602,7.368755,9.239653,11.735355,8.125681,6.928300,5.870940,8.319099,9.726762,9.277064,7.878697,8.144643,9.851583,9.068243,9.227364,12.259752,9.221934,7.082076,6.597708,9.423736,9.675570,10.864524,10.797350,6.253912,9.917419,10.090055,10.000360,9.560111,9.474580,7.794421,6.427675,7.642359,11.543022,11.016886,9.869810,6.443023,7.210172,7.827112,9.277379,9.239193,9.359178,8.536172,6.416607,8.359481,8.545541,6.255968,4.994152,8.183269,6.732204,6.938058,8.566982,9.580378,9.814863,8.141183,6.575664,8.103364,7.173518,7.049195,7.242514,7.704509,7.285352,7.285422,8.586055,7.358656,6.875709,6.113881,6.311082,5.817152,6.263674,5.961031,6.768830,5.582774,5.954065,7.171834,5.744752,5.372373,6.117351,5.613055,4.976817,4.389223,6.278453,6.397292,6.158352,3.239660,3.456451,4.885989,3.980974,3.983876,4.651649,3.604558,1.926798,2.545061,2.754429,2.484847,3.509666
11,Maple,0.492886,0.492886,0.492886,0.492886,0.492886,0.492886,0.492886,0.492886,0.492886,0.492886,0.492886,0.492886,0.494692,6.807787,6.005526,6.085552,8.086926,8.707441,8.380081,6.161134,7.641963,0.494692,8.846713,9.289738,9.899709,9.295185,7.318841,7.409448,8.467340,9.963633,8.871397,8.410825,8.522253,8.580322,11.599514,10.998578,6.023821,9.062684,7.027802,7.839461,8.442945,8.537249,8.915376,8.361414,9.794921,9.846393,10.320820,9.267591,4.426764,6.307453,6.915148,8.139147,8.133889,7.899068,9.142701,7.112988,8.592572,8.496878,9.596255,5.761795,7.997801,6.738055,7.322145,7.485021,8.298683,7.187192,8.006367,6.897762,9.836854,9.090034,8.696582,8.102147,7.661171,7.138457,7.717196,7.663203,6.343151,6.810965,6.216804,6.310214,6.043563,6.220772,6.523802,6.661107,5.469432,5.887833,5.512986,4.132613,5.429791,6.458660,5.997093,5.037654,4.653283,5.712269,6.534405,4.294161,4.023405,2.796291,5.124224,2.587789,4.853855,4.203792,3.077463,1.471051,2.988076,2.911155,2.312704,4.385077
12,Maple,0.450316,0.450316,0.450316,0.450316,0.450316,0.450316,0.450316,0.450316,0.450316,0.450316,0.450316,0.450316,8.130491,9.040218,7.979526,9.052029,7.528700,5.809985,0.472989,0.472989,0.472989,0.472989,5.797549,7.286948,8.703753,10.063230,10.736480,9.630028,11.383411,11.469441,8.985094,7.202369,8.057919,5.335693,8.239800,7.599298,8.102644,9.268940,9.923695,9.807430,11.403029,11.367842,9.718004,8.716500,7.550678,7.686168,8.703869,10.743036,4.762674,7.634916,8.066545,8.649203,9.204329,9.914610,9.094525,8.073478,7.942958,8.620638,8.106752,5.769723,7.347909,7.106514,7.280139,8.592834,9.289908,8.020375,9.449622,6.747414,8.244958,9.141327,8.746202,5.050113,7.079290,7.007225,7.407043,8.237638,6.797950,6.669324,6.242918,6.297428,5.713408,6.389987,5.977064,7.082387,5.338952,6.041567,6.838028,5.546038,5.632374,5.626931,6.303760,5.675748,5.677140,5.458124,6.290746,5.228083,3.608354,3.710450,4.125370,3.231451,4.275524,4.389722,2.510782,1.830749,2.730206,2.652992,2.219427,4.294700
13,Maple,0.495249,0.495249,0.495249,0.495249,0.495249,0.495249,0.495249,0.495249,0.495249,0.495249,0.495249,0.495249,7.264339,6.395132,9.515063,9.325678,10.984019,6.696644,0.496924,0.496924,1.323167,7.516951,8.515380,8.024906,6.049490,9.271058,10.418525,9.436344,10.746975,9.756561,7.837229,5.485695,9.522081,9.423515,7.795123,8.737664,6.349946,7.645500,10.121108,7.789257,9.210739,10.787227,9.334390,7.652777,9.101049,8.441703,10.333313,10.687472,5.547719,5.503545,8.153661,9.111465,9.201587,9.309555,9.140903,7.633449,8.992427,9.175846,8.052400,6.126130,7.265345,7.264935,9.100363,9.607388,9.952003,9.391434,7.931065,6.597707,8.837188,9.161636,9.127250,6.591653,7.948134,7.018147,7.476289,7.881096,7.669545,7.125767,6.402375,6.407341,5.452199,5.842038,5.745371,7.566541,5.463999,5.910696,7.230834,6.674854,5.698687,5.404066,5.883228,5.307671,4.438617,5.784542,7.093833,4.602311,3.451548,5.058482,5.012046,3.760678,3.769121,3.948812,2.313604,1.696109,2.726368,2.964449,2.876807,4.531866
14,Maple,0.567550,0.567550,0.567550,0.567550,0.567550,0.567550,0.567550,0.567550,0.567550,0.567550,0.567550,0.567550,2.884469,7.271716,6.952413,7.667145,12.208048,9.579932,7.754126,6.303950,7.466570,9.550245,11.110816,9.937415,7.527438,8.721457,6.562118,10.992482,12.724457,11.831980,8.597235,5.241091,9.183873,10.107025,11.641775,10.639222,5.707478,8.539776,8.386323,8.358014,10.570434,8.418223,7.837651,8.788494,10.355476,9.162456,9.274423,8.036473,4.752501,7.636822,7.748556,9.813963,9.357847,9.911955,8.708694,7.742430,9.001904,8.549810,7.212374,5.928023,7.359663,5.885779,6.414244,6.029936,6.378475,9.945889,7.778709,4.549483,4.811579,7.225607,6.930169,6.309918,7.912080,4.920652,3.971766,5.509943,5.780305,6.493856,6.026161,4.708586,5.804704,4.413906,4.384901,6.859491,5.219041,5.027975,4.482407,4.295876,4.398373,5.426646,5.860287,5.028471,4.576090,4.368970,4.278058,3.499572,3.591381,3.302490,1.492173,0.192329,1.423855,3.663936,2.147962,1.349796,1.674677,2.240134,1.084800,3.269042
15,Maple,0.579985,0.579985,0.579985,0.579985,0.579985,0.579985,0.579985,0.579985,0.579985,0.579985,0.579985,0.579985,7.342150,8.748107,8.046263,6.801768,10.114513,2.889848,8.154387,6.218340,6.757913,4.306429,8.937524,9.772222,9.492711,10.480360,10.879318,10.225314,9.774889,9.335134,7.494897,5.671860,9.243070,9.012726,8.964613,9.949442,9.549074,9.794890,10.281121,10.920234,9.003139,10.234806,8.734432,8.667636,9.539308,8.697456,9.505541,9.133634,7.631850,8.071450,7.966402,8.803453,9.113070,9.626237,9.514626,8.879585,8.837065,8.539584,6.685877,5.915941,7.423591,7.014623,7.065490,8.714638,9.533504,9.901284,9.115798,8.395082,8.406085,9.151353,8.914304,6.406199,7.409829,7.283286,7.326681,8.450867,7.640060,6.919551,6.322896,6.282675,5.714221,6.072907,6.160484,6.781643,5.970418,5.520391,7.069324,4.316996,5.855741,5.573006,5.551982,5.217827,6.158594,6.505983,6.481978,4.866002,3.524976,4.774272,5.331465,2.517710,3.751031,4.048129,4.114780,2.503161,2.400751,2.838375,2.017426,4.323469
16,Maple,0.554563,0.554563,0.554563,0.554563,0.554563,0.554563,0.554563,0.554563,0.554563,0.554563,0.554563,0.554563,8.707494,9.243972,10.116978,9.494287,6.702752,6.408503,6.081711,5.662934,8.869407,8.897657,5.860519,5.468648,9.346856,9.837715,10.261309,8.975033,7.075660,7.767992,6.123771,5.747210,9.063744,9.587029,9.349759,9.700064,9.994296,9.257036,9.076244,9.111427,7.485206,7.398350,5.892461,7.551357,9.673339,8.817975,9.020638,9.652813,7.132502,7.243093,7.057769,9.095637,9.443325,8.547832,7.808842,7.150707,8.832766,9.225033,7.736733,7.451734,6.469687,6.326041,9.180199,9.248972,9.576897,9.338536,8.023693,6.493486,8.307454,9.529077,8.763617,5.690572,7.297629,7.168176,7.379338,8.640749,8.435811,7.054078,6.200393,6.318516,6.357964,6.141640,6.506505,6.651145,5.431811,6.131384,7.330159,5.790014,5.542069,5.669244,5.595780,5.602543,6.041389,6.474787,6.558836,4.428073,3.354413,5.377374,5.074914,4.489325,4.025795,4.014536,2.349583,1.640664,2.435306,2.580778,3.087282,3.374510
17,Maple,0.581904,0.581904,0.581904,0.581904,0.581904,0.581904,0.581904,0.581904,0.581904,0.581904,0.581904,0.581904,9.577712,8.115146,9.516106,9.466105,10.574714,10.471941,8.313313,4.513066,7.845835,9.887259,13.562196,11.791962,9.823295,7.981819,10.333738,9.129629,12.049104,11.936730,10.055870,8.024036,9.638391,11.622196,13.770313,11.506928,6.726299,8.509390,9.231944,10.465285,11.186037,10.798541,8.548375,7.174399,9.036843,8.903394,12.998042,10.376832,6.728288,7.475428,7.603514,9.512542,9.438832,8.932025,9.146179,7.851047,8.208386,8.721430,6.540186,5.533125,7.576164,7.198576,7.482615,8.841262,8.571288,8.680445,8.098340,6.742741,8.393861,8.514643,8.794765,6.640987,7.768411,7.603552,7.248406,8.711817,7.471620,7.507039,6.135104,6.162868,6.543621,6.129447,7.146211,6.174317,6.150613,7.159202,7.092653,5.138563,5.877901,5.768461,4.881290,4.955962,4.782007,6.086503,6.455939,4.673692,3.355325,4.139416,5.294418,3.081501,3.957232,4.112442,2.975518,2.592984,2.327356,2.816067,2.068456,4.410765
18,Maple,0.594439,0.594439,0.594439,0.594439,0.594439,0.594439,0.594439,0.594439,0.594439,0.594439,0.594439,0.594439,0.601782,6.604335,9.633727,9.244765,11.623996,11.344948,7.417349,7.578204,0.601782,0.601782,0.601782,0.601782,2.172282,8.549415,9.970086,9.992427,12.576136,11.717090,10.319884,5.778534,0.611073,0.611073,0.611073,1.760262,6.005739,9.440789,9.616163,8.395546,11.259072,11.229256,10.421492,7.382650,9.563428,7.237603,9.588575,9.843040,6.599824,7.562820,7.449321,9.553444,8.617221,10.647724,9.042450,8.258746,8.830719,9.216917,6.960371,5.578351,7.336777,6.764546,9.055902,9.371777,10.323902,10.143371,8.396026,7.156153,9.108897,9.178349,9.388222,8.229073,7.700155,6.979606,8.375463,8.683367,7.465933,7.328694,6.248204,6.350304,5.900742,6.727451,6.364415,6.737600,5.601899,6.169327,6.957925,5.499078,6.197465,5.526962,5.513017,5.201963,4.736241,5.852758,6.411816,4.367966,3.283346,2.828383,4.965326,2.884408,3.759429,4.369377,4.319730,1.722736,2.773614,3.051484,2.323906,3.750781
19,Maple,0.451201,0.451201,0.451201,0.451201,0.451201,0.451201,0.451201,0.451201,0.451201,0.451201,0.451201,0.451201,5.087820,4.102864,9.768010,8.797872,9.345332,9.264340,7.517872,3.600794,7.786666,1.454426,7.175159,8.466964,7.520226,7.399467,10.368291,9.184732,9.474736,10.098193,8.127296,5.424787,9.345034,9.145658,11.902987,9.353699,8.051917,9.663109,9.822101,8.877290,8.342900,9.324016,8.640758,9.559202,9.361478,10.000182,11.124347,8.813015,4.843894,7.610031,7.872554,9.868395,8.825633,9.605919,9.166265,9.857873,8.960297,7.758164,7.786052,6.453768,7.115352,6.614567,7.460472,9.698732,8.534838,8.420252,9.242764,7.844730,8.473744,9.250156,8.789414,6.548521,7.761868,7.269010,7.403565,8.132369,7.246300,6.801528,6.595155,6.592852,5.726346,5.702708,5.938039,6.573696,5.563277,5.901847,7.135483,4.426421,5.898658,5.666667,5.597404,4.868137,4.288192,5.729185,6.539919,5.414014,4.057296,4.833669,5.191592,4.780763,4.198423,3.968209,2.481176,1.742049,2.795351,2.988413,2.542432,4.242026
20,Maple,0.499105,0.499105,0.499105,0.499105,0.499105,0.499105,0.499105,0.499105,0.499105,0.499105,0.499105,0.499105,7.437462,9.041553,7.993611,8.141630,7.618424,7.859071,7.901138,6.448967,6.299374,9.012616,8.762720,4.939970,9.294848,9.770674,10.581286,8.699739,10.695906,9.823499,8.076941,9.777460,9.260983,11.124985,10.737166,8.767470,6.192409,7.963066,8.314146,10.083518,11.449565,9.599739,9.010832,7.483848,9.516196,9.031962,9.229639,9.167650,5.320765,7.290550,8.422001,9.150460,9.164459,9.381609,8.187810,6.752077,8.860207,8.392175,9.055664,6.014994,7.354305,6.747306,8.096583,9.295150,8.460043,6.012528,7.779669,7.889217,8.659708,9.096455,8.592949,7.747118,7.680622,7.060157,7.207619,9.216499,7.373686,6.530231,6.096633,6.329794,5.449368,6.547945,6.926711,6.368399,5.112803,7.125279,7.073551,4.041338,6.328535,5.878913,6.052107,5.290734,6.047282,6.287685,5.935610,5.692517,3.626249,3.520976,5.327551,4.793832,3.351945,3.940033,2.498800,1.684164,2.672319,3.182229,2.543443,4.394969
21,Maple,0.613712,0.613712,0.613712,0.613712,0.613712,0.613712,0.613712,0.613712,0.613712,0.613712,0.613712,0.613712,8.562602,9.219998,9.674423,9.014618,9.535901,9.266296,8.680807,7.285972,8.946364,9.608992,12.207609,13.227889,11.078042,9.360550,10.345740,9.056777,11.313400,9.744009,7.844732,6.212142,9.572453,10.406464,12.903732,13.965243,10.024362,8.758942,10.033268,8.172724,10.871512,8.328814,9.047872,6.897215,10.276011,10.832886,13.234682,11.586379,5.985023,7.506486,9.267369,10.386435,9.226323,9.488795,8.756321,6.869019,7.931593,8.197005,7.669425,5.608261,7.513985,6.278905,7.720706,9.879428,9.689048,9.227974,8.823302,6.903430,8.273306,7.597682,7.804873,5.268607,8.015704,7.306820,7.450749,8.430862,7.473139,7.352420,6.904657,6.380749,5.623807,5.714082,6.664506,7.260484,5.595883,5.590220,6.534910,6.418640,6.072031,5.476708,5.552505,4.970808,4.431140,6.460799,6.518041,5.540255,3.408629,3.832532,5.309905,3.137318,3.823222,4.059268,3.049771,2.445452,3.030306,3.279653,3.072257,4.441665
22,Maple,0.576098,0.576098,0.576098,0.576098,0.576098,0.576098,0.576098,0.576098,0.576098,0.576098,0.576098,0.576098,7.604433,9.096844,9.783484,9.548601,12.290381,8.505007,8.557693,5.218930,10.176293,9.640913,9.099951,6.199674,7.497749,8.999276,10.624342,11.598857,12.568124,9.721602,8.181833,7.866891,9.028404,9.973618,9.490200,9.521309,5.667295,7.840706,10.011030,7.918204,11.008704,8.807399,8.299164,7.857899,9.597692,9.249453,9.828776,9.714936,6.106209,7.614995,7.655631,9.663890,9.197772,9.463904,9.054099,8.815450,9.130659,9.029215,7.903365,5.764677,7.011137,6.428668,7.232420,9.594522,9.226113,7.167654,7.182178,6.420977,8.488784,8.110173,8.482904,4.776177,7.521235,7.011180,7.332184,8.614160,7.510895,7.109743,6.375807,6.927530,5.902652,6.455243,7.141881,7.008220,5.549201,6.020585,7.036639,5.393913,5.484226,5.687252,4.847451,5.295743,4.489705,5.768663,6.379783,4.842305,3.342874,3.164009,4.889317,2.424173,3.768002,3.918228,2.339593,2.187679,2.435869,2.475520,3.203434,4.595531
23,Maple,0.475188,0.475188,0.475188,0.475188,0.475188,0.475188,0.475188,0.475188,0.475188,0.475188,0.475188,0.475188,8.270385,9.506225,10.587324,8.818810,8.901612,6.761981,7.955569,6.245555,8.457561,9.108780,9.184367,2.619609,9.251214,10.014910,10.223719,9.539443,9.505047,9.521385,7.873112,8.606152,8.926366,9.921190,10.876149,7.421478,9.064457,9.991266,9.446152,8.320196,8.475771,8.873146,8.890072,8.394453,9.726025,9.585828,12.670344,10.825185,5.986131,7.661860,7.361637,8.718573,8.719286,7.958306,9.200505,7.752049,9.144708,8.514501,8.583252,5.618863,7.498820,8.029320,8.420892,8.856109,8.465581,8.511642,8.139982,6.870812,8.386003,8.695798,9.108393,4.876012,7.608820,7.191062,7.376678,8.137093,7.047637,6.695362,6.345763,6.355175,5.494369,6.896351,6.216871,7.102939,5.429753,6.336248,6.765742,4.456712,5.588691,5.814226,5.620112,4.912638,4.547017,5.790430,6.560726,5.948272,3.522063,4.174477,4.750629,3.241465,4.058142,4.714375,2.520592,2.590929,2.860648,3.095957,2.166559,4.655981
24,Maple,0.528551,0.528551,0.528551,0.528551,0.528551,0.528551,0.528551,0.528551,0.528551,0.528551,0.528551,0.528551,0.529409,3.138324,7.690451,9.276209,11.267999,11.372643,8.799051,4.913825,8.349499,8.670116,0.529409,0.529409,6.978041,8.504574,8.358397,7.812294,11.964239,12.064245,10.906176,7.807615,8.923049,8.814964,8.492632,9.060646,6.163190,9.846056,7.713567,9.443735,9.249776,10.851707,10.072767,7.729442,9.717317,8.367140,8.982568,9.109475,7.747202,7.690977,7.619172,10.013884,8.918671,9.522573,9.214344,7.099070,8.427241,8.176555,8.240205,5.722852,6.989138,7.271954,7.725996,9.317897,9.685225,9.940467,8.326379,8.918804,8.746426,8.956512,8.784847,6.520157,8.191967,7.156880,7.218801,8.762367,7.765174,7.143106,6.070481,6.196446,5.416321,6.174925,6.558727,6.757284,5.456355,5.709697,6.795043,5.747918,5.743307,5.430911,5.656867,5.318053,6.032350,6.059480,6.733078,5.557998,4.587823,3.426071,4.262628,2.675596,3.867353,4.579267,2.177801,2.660327,2.729731,3.349554,3.342968,4.879582
25,Maple,0.399846,0.399846,0.399846,0.399846,0.399846,0.399846,0.399846,0.399846,0.399846,0.399846,0.399846,0.399846,6.514761,9.294316,8.517125,7.902802,8.379721,11.367959,8.609808,7.810558,8.775918,0.403474,0.403474,7.368314,7.749218,9.178033,8.532922,8.333067,9.077724,11.093546,9.153041,7.614805,8.890787,7.901980,1.332864,7.590506,6.087476,8.690042,9.888613,8.940048,7.679963,9.276261,7.670238,8.032332,9.013003,8.216353,10.483363,9.494157,6.643431,7.487081,7.663018,8.405364,9.555072,8.640573,8.502838,8.483651,9.742375,8.789510,8.231290,6.467462,7.014939,6.935630,7.327445,8.431070,9.448323,9.754981,8.270294,7.014929,8.096763,8.960760,8.517025,5.332467,7.553256,7.428566,7.333213,7.785320,7.101757,6.817044,5.849650,6.077297,5.831470,6.153554,5.932238,6.533274,5.740505,5.619843,7.300655,5.513125,5.638325,5.670178,5.497046,5.311849,5.434102,6.703636,6.411088,5.494593,4.810334,2.819045,4.474923,4.337009,3.743240,3.494248,2.462603,1.870181,2.648973,3.206202,3.724182,4.651851
26,Maple,0.459292,0.459292,0.459292,0.459292,0.459292,0.459292,0.459292,0.459292,0.459292,0.459292,0.459292,0.459292,7.681893,7.934104,5.972320,8.730431,10.075147,10.622033,8.568786,1.309479,7.607217,8.476706,8.919924,8.369658,7.295313,9.436165,9.507939,9.948153,10.175779,11.473776,11.252232,8.419592,7.328976,8.230543,8.579726,9.362144,9.769493,10.112193,9.879880,9.832239,10.981891,10.596722,8.907345,8.618952,9.709471,8.800150,8.202561,8.478335,6.221503,7.997598,7.796531,9.599319,9.762388,10.103044,9.148648,7.797179,8.946263,7.401648,6.852970,5.493437,6.951906,7.019549,7.336795,9.393043,9.678794,8.499194,8.198907,6.359210,8.304955,9.112297,9.200947,8.084188,7.253582,7.261044,7.062990,8.709968,7.546416,7.553260,6.144225,6.557493,6.855648,5.994525,7.489985,6.502709,5.677354,5.987635,6.155435,5.110681,5.560598,5.777750,5.808098,5.682749,5.658235,6.092695,6.952286,5.008611,3.258103,3.280971,3.138232,3.333205,3.918278,4.079184,4.218732,1.893897,2.981150,3.080561,4.497102,4.421436
27,Maple,0.597395,0.597395,0.597395,0.597395,0.597395,0.597395,0.597395,0.597395,0.597395,0.597395,0.597395,0.597395,8.565830,9.105600,9.999769,7.842445,9.816013,10.498054,8.526756,7.507425,8.814074,9.562791,9.701069,9.140485,9.634036,9.664801,10.855002,9.984203,10.223668,9.973632,8.818956,8.139620,9.481368,10.271026,10.899296,8.916254,10.068356,9.681456,9.713099,8.252903,10.408854,10.271355,7.925210,8.454292,9.742940,8.679255,8.859325,4.787816,6.815095,6.532638,7.471766,9.150057,9.699777,9.916172,9.041255,8.531406,8.792252,8.636319,6.663013,5.140265,7.566779,6.949771,6.998707,8.878542,10.042622,10.485779,9.912230,8.253966,8.332421,8.923539,6.598432,6.027246,7.470695,7.012869,7.406475,8.852829,7.573980,7.567718,6.318972,5.920934,6.041924,6.370286,6.153430,7.127161,5.347429,5.764214,6.340208,4.792113,5.660650,5.494353,5.704559,5.066599,5.074973,6.126616,7.410973,5.735356,3.252214,3.259486,4.276638,2.986615,3.719854,4.118242,2.610044,1.541246,2.812975,2.503335,3.535512,4.386268
28,Maple,0.537354,0.537354,0.537354,0.537354,0.537354,0.537354,0.537354,0.537354,0.537354,0.537354,0.537354,0.537354,8.233596,9.322210,8.819996,9.438152,10.977972,10.515568,9.202822,2.333572,10.051349,9.766923,12.647250,9.086484,8.645495,9.799033,10.394048,9.154920,12.461253,11.559199,10.997464,7.545257,9.640741,10.878021,12.568119,10.288532,7.358236,9.614027,9.883834,9.317763,10.985530,10.712822,9.920930,7.901849,8.721090,11.274364,11.451826,9.595876,6.717796,7.636718,7.810565,9.279057,8.732047,8.787643,8.493865,6.987741,8.649663,8.432282,7.718978,5.675404,7.921502,7.546887,7.498637,9.212946,6.988632,8.824485,8.095483,7.801439,8.533303,9.060967,8.606492,7.549986,7.512514,7.123384,7.885250,9.110053,7.694303,6.923904,6.054933,6.405798,5.805063,6.412946,6.461853,6.780130,5.605100,6.710370,7.118917,5.589985,5.925163,5.496645,6.273876,5.825758,4.687697,6.075598,6.372962,5.785676,2.731143,3.086275,4.671528,2.752776,4.223757,2.660424,2.824564,2.115474,2.634489,3.829835,3.171014,4.814282
29,Maple,0.506345,0.506345,0.506345,0.506345,0.506345,0.506345,0.506345,0.506345,0.506345,0.506345,0.506345,0.506345,8.527282,8.686864,8.031966,7.740445,1.279046,0.509097,5.985997,3.659715,8.499496,9.470605,12.319563,10.303601,7.990833,10.222090,10.283801,10.641461,7.088632,1.885707,3.859779,4.034830,10.014907,12.533402,13.434924,11.575927,8.519254,10.405835,10.060383,9.587621,8.523022,9.146942,8.084519,7.295146,9.098948,11.388268,13.598878,11.301600,7.391453,7.719821,7.913897,9.908416,9.155301,10.017165,9.250554,7.019031,8.370111,8.986588,6.409997,5.300533,7.292948,6.432366,9.093085,8.995374,9.742468,10.943830,8.123696,8.314425,8.790827,8.913081,8.068505,6.999294,7.989827,8.184295,7.858209,8.229859,7.373158,7.146865,6.731830,6.528405,5.317636,5.947970,7.095859,6.813307,5.333844,6.135653,7.338082,5.310921,5.487373,5.709823,5.432263,4.929910,4.164055,6.041658,6.543705,4.176910,3.430094,2.830498,5.086756,2.991792,3.867290,3.406074,2.460701,1.745844,2.477204,2.961038,3.188848,4.233348
30,Maple,0.589487,0.589487,0.589487,0.589487,0.589487,0.589487,0.589487,0.589487,0.589487,0.589487,0.589487,0.589487,8.409899,7.013248,7.123198,8.212752,11.472777,10.890920,8.354550,7.137470,7.337153,9.238314,2.538708,8.689762,8.689343,9.984388,10.300319,9.065777,11.161218,11.830700,8.331288,9.064649,9.535303,9.835083,11.850904,9.095213,9.232285,10.374619,9.924533,8.234674,9.724210,10.676176,8.726505,7.948508,9.863065,8.406367,9.583082,8.321928,6.871809,7.357416,9.132618,10.153585,8.650146,9.350565,8.699124,9.124812,9.267875,8.870469,6.882319,5.308183,7.558564,7.817091,7.635211,9.465052,8.005358,9.433051,8.261150,7.815595,8.375285,9.120738,8.512897,4.629225,7.475261,7.222413,7.768258,8.088062,6.235744,7.381584,6.597423,6.612216,5.768837,6.940746,6.363641,6.311364,5.515472,5.407359,6.693638,5.516304,5.736156,5.742373,5.659814,5.068774,4.332611,6.435392,6.392448,5.219549,3.670358,3.692829,5.230743,4.066777,4.005268,4.131125,2.279081,2.002983,2.228954,2.843285,2.203610,3.303776
31,Maple,0.453685,0.453685,0.453685,0.453685,0.453685,0.453685,0.453685,0.453685,0.453685,0.453685,0.453685,0.453685,8.415069,9.166996,7.992964,1.697848,0.456671,0.456671,1.886106,5.091246,8.198836,9.750255,9.683017,9.980612,9.050937,9.584274,9.072116,8.670039,9.160793,8.763637,3.305574,7.435037,8.788949,12.245324,12.777923,10.083270,6.505144,8.643445,7.148534,7.912472,10.133814,9.540123,8.183769,8.173592,10.054495,8.845340,13.332487,9.766679,6.400714,7.764926,9.688086,9.869558,9.872659,9.501880,8.716337,8.834021,9.261079,8.524252,6.837723,5.466393,7.350666,6.847330,8.182289,9.587183,7.793271,9.005944,8.804124,8.239656,8.540216,9.054649,8.366395,6.033780,7.975528,7.538034,8.284871,8.684365,7.162328,6.752059,6.276187,6.247392,6.192715,6.329868,6.143916,6.517366,5.594501,5.573878,7.087025,6.516817,5.840806,5.568079,5.846799,4.707157,5.887469,5.975123,6.676611,5.522816,3.896667,3.830031,5.271271,3.887956,4.207859,3.774632,2.500031,1.939161,2.736918,2.979012,3.913081,4.666070
32,Maple,0.526324,0.526324,0.526324,0.526324,0.526324,0.526324,0.526324,0.526324,0.526324,0.526324,0.526324,0.526324,6.998076,7.806823,8.640071,9.368937,10.448720,5.398878,1.191463,7.737032,8.130054,10.093171,8.663363,8.596938,7.635019,9.411102,10.431648,9.433005,10.631449,8.824631,7.758858,9.008623,9.864071,10.060707,12.564365,9.093475,6.902050,9.369631,9.864808,9.900356,8.588880,8.791814,7.619700,8.091756,9.841926,8.582621,11.965155,9.911586,4.170918,7.007351,7.731871,9.545711,9.052088,8.939955,9.001188,6.882954,8.389918,9.151530,8.158383,5.716082,7.278020,6.929552,7.479920,9.546492,9.365560,8.826142,8.169915,7.020320,8.226918,9.024943,8.760832,7.829717,7.526630,7.107001,7.451506,8.334213,7.795683,7.645645,6.517713,6.872159,5.866309,6.234651,6.167807,7.165510,5.595467,5.976651,7.440968,6.999187,6.087795,5.626361,5.694540,5.012764,6.021550,5.669805,6.529143,5.575365,3.380562,3.081744,5.161050,3.890076,3.740556,4.471158,2.282350,2.009643,3.029361,3.298403,2.598569,4.513869
33,Maple,0.576675,0.576675,0.576675,0.576675,0.576675,0.576675,0.576675,0.576675,0.576675,0.576675,0.576675,0.576675,0.625303,0.948538,9.579813,9.135952,11.298281,9.534640,8.285004,8.758488,8.502484,9.559262,11.234908,4.239894,9.015017,10.332711,9.881476,10.841351,10.814575,9.517175,8.143915,7.589212,10.164038,12.080275,12.290766,10.216646,9.569925,9.906620,10.906604,9.389356,9.677211,10.160435,9.159205,8.339714,9.079313,10.710348,11.760848,9.994436,7.178007,7.819798,7.657518,9.128950,9.122691,9.994275,9.293461,8.017161,8.434682,8.385815,6.764113,5.834986,7.711903,7.415411,8.076065,9.715171,9.749000,9.557674,9.089986,6.253276,8.137023,8.456077,8.867781,7.105523,7.107431,6.513281,8.231081,8.712461,7.321415,8.348401,5.832081,6.444810,5.510772,6.290595,5.790133,6.109103,5.481734,5.597421,5.531591,5.610449,5.664525,5.632123,5.388540,5.473813,5.542219,6.171354,6.685686,6.594855,3.880562,4.410351,5.204521,2.230366,4.329313,4.841349,2.304736,1.484677,2.348712,3.045910,3.656020,4.614280
34,Maple,0.506962,0.506962,0.506962,0.506962,0.506962,0.506962,0.506962,0.506962,0.506962,0.506962,0.506962,0.506962,7.204792,8.819676,9.158407,5.439113,7.908677,9.432511,8.598493,6.273586,6.780831,7.890872,9.074647,8.776276,7.864314,9.680989,8.778285,8.536268,9.828068,11.134555,8.045410,7.307884,8.467292,9.650105,8.987117,10.216212,5.845119,9.474163,8.396601,7.722259,8.758137,10.234343,8.410513,8.230474,9.689609,9.391752,9.572877,9.521498,5.333541,7.582076,7.597640,9.171994,9.316027,10.164413,7.514509,8.483258,9.469893,9.781387,7.670414,5.355028,7.014048,6.488511,7.437031,8.854173,8.802810,9.914611,8.033593,6.978014,8.350127,9.156376,8.576696,7.161427,8.355721,7.029269,7.218332,7.393096,7.324917,7.487717,6.693760,6.667850,6.343554,6.611359,5.884209,6.413733,5.954228,5.461995,6.673733,4.104467,5.684252,5.700694,5.507439,5.083167,4.090548,6.037951,6.406754,4.280849,3.300135,3.149528,5.173854,4.888899,3.090316,2.693195,1.942968,2.310123,2.688013,2.766260,2.081003,4.327307
35,Maple,0.434722,0.434722,0.434722,0.434722,0.434722,0.434722,0.434722,0.434722,0.434722,0.434722,0.434722,0.434722,6.869685,7.090786,0.437669,8.090097,9.761855,10.215743,8.497695,5.447444,4.816986,5.037902,7.727367,7.886455,7.443693,8.255309,8.244459,8.378328,10.352320,10.327113,7.890751,7.081561,7.547672,9.910182,9.666780,8.285462,6.100067,8.859244,10.059471,9.700953,6.522909,7.476455,8.431500,7.739491,9.090040,8.783238,7.764030,7.045661,5.878947,7.577867,7.753762,8.898517,9.596016,9.620914,9.091586,8.316807,8.976110,9.802778,6.533731,5.824280,7.640832,6.989759,7.003222,9.294769,9.721102,10.215262,7.931574,8.095859,8.519204,8.888088,7.772841,6.690143,7.327373,7.226475,7.241205,6.812669,7.278841,6.996740,6.911542,6.067776,5.900400,6.133023,6.258310,6.266416,5.722004,5.678665,7.260518,5.323012,5.674351,5.843988,5.938927,5.007333,4.329671,6.380486,6.562930,4.157943,3.012791,2.970562,4.889350,2.902326,4.019388,4.273850,2.376116,1.995210,2.358306,2.840191,2.629314,4.644520
36,Maple,0.566672,0.566672,0.566672,0.566672,0.566672,0.566672,0.566672,0.566672,0.566672,0.566672,0.566672,0.566672,1.755351,2.204142,6.969246,9.182494,11.238203,11.322707,8.541014,0.570108,6.747406,9.377319,9.860050,3.508491,8.533134,5.207844,9.160815,8.660823,12.209225,12.088713,11.279510,4.932812,6.321461,9.802429,12.166502,10.416509,10.073593,9.597224,9.652743,9.473843,11.021257,11.404187,9.677543,7.994515,9.803748,10.631586,12.439548,10.777209,7.477864,7.870763,8.389524,10.100324,9.430242,9.327477,9.500426,8.009046,10.713926,8.551634,7.983314,5.945211,7.627780,7.105876,7.676222,9.511723,9.843897,10.130185,9.482484,6.142824,6.729633,7.644044,8.892290,7.693781,8.113441,7.267719,7.101076,6.676906,7.373617,7.196588,7.221190,7.249965,6.430927,6.040135,7.239031,6.924319,5.708503,5.524140,7.437784,5.446267,5.536809,5.510922,5.567806,5.651609,6.001678,6.625319,7.165832,6.224551,2.198908,3.795193,5.437070,3.575001,4.005404,4.292313,3.748894,2.129531,2.388100,2.430850,4.047674,4.125207
37,Maple,0.502145,0.502145,0.502145,0.502145,0.502145,0.502145,0.502145,0.502145,0.502145,0.502145,0.502145,0.502145,8.348725,9.184093,9.816680,8.354933,8.549975,0.507542,0.507542,4.252629,1.002312,8.330831,9.759892,11.348278,8.800291,10.007382,10.164910,9.373210,8.072492,1.980488,5.976749,5.431340,9.500994,9.557812,11.216028,12.102836,10.601925,10.793147,10.041031,9.624587,8.659272,6.375847,4.915729,8.734088,9.954513,9.149992,10.651263,11.331505,4.808511,7.916909,8.217381,10.109927,8.684354,8.698586,8.563981,8.717649,9.166992,8.104855,7.343658,7.447276,7.178837,6.814948,8.658676,9.843164,9.226612,8.631007,8.015271,5.966407,8.244727,9.347075,8.712801,6.555982,7.853507,7.493149,8.686609,8.816363,7.728601,7.786900,6.121503,6.723701,7.153646,5.799148,5.779778,6.586501,5.318480,5.795147,7.921803,5.694837,5.647208,5.401149,5.629456,5.397121,4.303591,5.959749,6.266262,5.045978,3.613162,2.921440,5.248210,3.544910,4.349272,4.026765,3.820841,1.913615,2.334076,2.094716,3.372441,4.461442
38,Maple,0.527177,0.527177,0.527177,0.527177,0.527177,0.527177,0.527177,0.527177,6.490038,0.527177,0.527177,0.527177,7.215864,9.081001,10.113891,8.960727,11.460587,5.195005,0.528369,6.128748,7.865071,0.528369,7.007887,9.564314,8.870192,9.307056,10.353950,9.570641,11.518994,4.752779,7.829353,6.852716,8.923957,9.930329,12.127589,9.466536,5.910032,8.498101,9.926122,10.048566,10.567739,10.094067,9.207287,6.253182,9.401383,10.505717,11.903611,9.934299,7.213660,7.788356,7.272300,9.855896,9.155390,9.712985,9.225631,8.212132,9.016150,8.130727,8.090606,5.649069,7.112169,6.843556,7.510491,9.155684,8.920860,9.759636,7.974546,8.014496,8.446920,8.868824,8.657384,6.380657,7.582037,7.274993,8.281343,8.812260,7.071888,7.276019,6.738709,6.514655,7.102852,6.084272,6.176705,6.910799,5.492737,6.161683,7.140833,4.775949,5.781027,5.657667,5.415224,5.155556,5.021210,6.445005,6.541931,6.703729,3.687119,4.858215,5.101149,2.501478,3.833280,4.326298,2.475653,2.045381,2.341620,2.516145,2.392714,4.283893
39,Maple,0.511174,0.511174,0.511174,0.511174,0.511174,0.511174,0.511174,0.511174,0.511174,0.511174,0.511174,0.511174,8.940992,9.607886,10.004239,5.813032,8.482288,9.408366,3.991385,4.206116,3.532061,0.513149,0.513149,9.068247,8.615487,9.857801,10.923256,9.407040,7.838592,9.612574,7.979277,7.256815,8.472299,8.190335,10.108531,8.564940,6.943304,10.191072,10.073391,8.988332,4.120356,9.892932,8.453294,8.446337,9.434664,8.020000,9.353243,7.850100,7.274734,7.281004,8.344564,10.025042,9.742604,9.690817,8.095543,8.107856,9.159360,9.134618,9.207594,5.970255,7.205836,6.626543,6.721178,9.265336,9.857427,9.679853,9.155137,8.103998,8.218174,9.105647,8.766407,7.742392,7.580975,7.648851,7.673244,8.485641,7.374405,7.294110,6.436290,6.752707,6.165622,5.782650,5.798652,7.045352,6.208097,6.483943,7.400749,7.061083,5.494517,5.481201,5.502662,4.884765,4.656122,6.036820,6.519238,6.282169,3.637250,3.382342,5.194155,2.337855,3.957161,5.036120,2.806082,1.604911,2.141696,3.041583,2.244969,4.455267
40,Maple,0.444716,0.444716,0.444716,0.444716,0.444716,0.444716,0.444716,0.444716,0.444716,0.444716,0.444716,0.444716,8.713892,6.653705,2.064107,7.138204,6.065762,6.933980,7.963159,6.299879,8.676265,7.764831,8.116960,9.298818,7.931332,9.006564,10.103342,9.767479,12.041477,10.720628,9.249784,8.526149,9.567103,10.181579,11.227585,10.108264,9.518309,9.496391,9.445771,8.670012,11.670777,10.817063,9.292677,4.957625,9.663406,8.847340,10.298189,10.725226,7.708869,7.803048,9.563793,10.141429,9.021967,7.676077,7.718513,4.377155,8.830522,8.302994,6.115295,5.445739,8.108132,6.925656,7.272444,9.473855,9.187551,8.189247,8.248769,6.389919,8.407084,8.564374,8.873482,8.363837,7.424464,7.671938,7.534280,8.240872,7.418397,7.223701,6.111702,6.389943,5.922809,5.986877,5.542593,6.433485,5.429494,5.598558,6.554133,4.200070,5.572842,6.289425,5.782662,5.204127,4.154464,5.912757,5.314385,5.352127,3.632919,5.099442,5.360635,2.514000,4.080698,4.145483,2.415080,1.935405,0.860753,2.504521,2.281319,3.843733
41,Maple,0.465006,0.465006,0.465006,0.465006,0.465006,0.465006,0.465006,0.465006,0.465006,0.465006,0.465006,0.465006,7.404905,9.407417,8.013977,4.740079,0.470588,0.470588,8.169621,4.810420,0.905586,9.063673,10.375214,11.585911,8.654561,10.099799,10.517900,9.926363,8.598288,9.414743,8.081040,7.877636,8.387082,11.961823,13.733205,12.655114,10.290327,9.609590,9.999832,9.227821,9.851511,9.462486,8.169563,8.149824,10.119207,10.339474,13.140661,11.540249,7.184537,7.458972,9.708838,10.479531,9.694196,9.457095,9.009309,8.701305,9.343958,8.091835,8.234336,5.679717,6.935731,7.391453,7.863357,9.296096,9.275981,9.604282,7.625017,9.190555,8.210922,8.546039,8.776448,6.391882,7.412042,7.432547,8.080705,8.647470,7.812882,6.902486,6.475804,6.161500,5.500886,6.615649,6.532517,6.720881,5.512615,5.720703,7.029473,5.565721,5.696174,5.402276,5.697487,5.077858,6.308416,5.884472,6.913775,6.379822,3.344566,2.832381,4.903523,2.650155,4.033035,3.790498,2.169729,1.314362,2.738238,2.833371,2.629242,2.624227
42,Maple,0.424928,0.424928,0.424928,0.424928,0.424928,0.424928,0.424928,0.424928,0.424928,0.424928,0.424928,0.424928,0.427041,8.790531,9.413253,4.315461,3.562521,0.427041,3.035556,5.403225,8.282212,9.728834,6.686617,5.639872,7.348592,9.815296,9.894464,9.356853,7.964551,10.306972,7.530300,8.549679,10.290786,9.487813,10.208871,8.562190,7.243192,10.051743,10.166252,9.592786,7.664107,10.289626,7.797063,8.180828,10.169167,10.625402,10.633648,9.572014,5.693913,7.952997,7.579355,8.231334,9.299204,9.480181,8.740607,7.595143,9.329256,8.294843,8.732854,5.668811,7.205335,7.425422,7.957183,10.321346,9.786177,9.217360,8.382072,6.592207,8.611517,8.983537,8.850763,8.281698,7.748580,7.442677,7.201312,8.473912,8.017228,7.404164,6.789864,6.484533,5.452136,6.282486,6.710710,6.386701,5.222475,6.211825,7.187060,5.984739,5.605326,5.432946,5.100570,4.881791,5.581312,5.936019,6.345562,4.884340,3.723426,2.894716,5.697921,4.107754,3.777313,3.745921,2.767780,2.269660,2.267399,2.840657,2.635205,5.086565
43,Maple,0.403616,0.403616,0.403616,0.403616,0.403616,0.403616,0.403616,0.403616,0.403616,0.403616,0.403616,0.403616,7.542004,9.066607,7.955494,9.086332,10.333851,9.309176,7.603890,6.213389,8.623800,6.355017,7.242465,9.343584,9.289299,9.526250,10.405722,9.038099,10.089153,11.413525,9.255882,5.562943,9.661875,8.767781,9.016451,9.886178,8.518732,8.734620,9.575703,8.727755,9.358913,9.838722,8.082879,7.421407,8.995225,8.148190,7.337755,9.353809,6.789850,7.997725,7.213989,9.148126,9.203489,10.683653,9.185167,4.968294,8.061431,8.266222,6.457266,5.752407,7.207127,7.337943,7.546115,9.662104,9.959377,10.156263,8.990082,6.078740,8.367510,8.946851,7.872714,6.008855,7.794142,7.652585,7.461685,8.449094,7.294542,6.904688,6.919170,6.776561,6.211627,6.165282,6.002442,6.375978,5.305033,5.893453,6.676484,4.508062,5.619376,5.818296,6.110050,5.024610,4.380111,5.903084,6.333750,4.341303,3.893929,3.749446,3.915249,3.063649,3.846329,4.314207,4.087367,2.228036,2.821698,2.664703,2.387318,4.359458
44,Maple,0.433250,0.433250,0.433250,0.433250,0.433250,0.433250,0.433250,0.433250,0.433250,0.433250,0.433250,0.433250,5.863609,5.163788,8.801805,8.755095,9.613009,9.550745,7.025356,2.943162,3.743647,6.051278,10.305824,7.956341,7.784744,6.779799,9.918742,9.088038,8.875360,8.928885,7.972071,3.771069,7.061572,9.779058,10.978324,10.153639,6.086803,7.894039,8.596163,7.359584,7.785607,5.958147,6.626667,7.006577,8.549372,9.327145,9.819510,8.860363,6.953983,7.728203,7.645476,9.294752,8.695711,8.191578,7.678531,7.443632,8.880552,8.114722,7.615856,5.752563,7.135628,6.897361,7.962727,9.647334,9.600280,9.018965,7.948745,6.412284,8.396813,8.412240,8.765398,5.169189,7.312424,7.404201,7.402097,8.549043,8.319857,7.293965,6.518061,6.309529,6.697095,6.371340,6.111466,6.170466,5.367649,5.562485,5.401276,4.592851,5.604667,5.781512,6.157609,5.000813,5.193657,5.682615,5.787720,4.908792,3.587457,3.201967,4.852054,1.817532,3.694566,4.196724,2.565154,2.384079,0.756847,2.822302,4.174160,4.478468
45,Maple,0.373079,0.373079,0.373079,0.373079,0.373079,0.373079,0.373079,0.373079,0.373079,0.373079,0.373079,0.373079,6.379413,3.312340,8.906565,8.711944,8.891837,7.825816,1.597610,0.402311,0.433499,0.553195,7.689761,7.515458,9.970064,9.789862,10.172794,8.392227,9.115519,9.291773,7.676472,7.236198,8.973270,9.601017,8.729497,10.538383,9.351125,9.907785,9.787775,8.015666,7.300708,10.416774,8.382948,8.030713,9.125836,8.507152,9.182794,9.466215,6.523327,7.949650,7.939381,7.967820,6.023104,9.517087,9.994147,8.827428,9.856310,8.529459,7.249386,5.501807,8.067947,6.790620,6.916468,8.279840,8.715748,9.198853,7.954328,6.352817,8.240352,7.419577,8.065214,5.722670,8.026427,7.358835,7.327903,8.720525,7.607870,7.613002,6.112747,6.456319,5.311209,6.055965,6.084069,6.846431,6.137617,6.156119,7.503542,6.799900,5.713408,5.504735,5.470136,5.127668,3.975863,6.057563,6.425258,5.060746,3.422510,2.980097,4.784284,2.209502,3.877666,3.255220,3.386664,1.679376,2.845588,3.349327,2.357743,4.628124
46,Maple,0.519023,0.519023,0.519023,0.519023,0.519023,0.519023,0.519023,0.519023,0.519023,0.519023,0.519023,0.519023,7.590300,7.756955,9.255774,10.411510,12.225945,10.077693,7.158614,4.961786,8.949857,9.521968,12.488894,7.863154,7.855008,8.110967,9.201694,11.273795,12.864772,9.245883,7.466410,8.436945,10.538933,11.003799,12.447858,9.394517,6.391713,7.068733,8.585629,7.011137,10.517271,9.098475,7.886851,7.942605,9.860710,9.583895,10.556293,9.285378,6.878063,7.380752,7.825490,10.038836,9.021635,9.272718,7.459618,7.056754,8.840186,7.434541,6.889860,5.378208,7.163480,6.379255,9.570019,9.489670,9.805890,8.421331,7.220506,8.534849,8.384787,9.036667,9.078642,7.348785,7.839798,7.210720,7.291549,7.976304,7.582295,6.951764,6.522884,6.250926,5.954173,6.411963,6.299034,7.012994,5.784218,5.946132,7.422709,4.806071,6.177773,5.570169,5.537027,5.683418,4.301952,6.458346,6.606289,5.375212,3.482797,3.137137,5.327640,3.581220,3.484335,4.033708,2.648193,2.128197,2.416701,2.665539,2.557289,4.318181
47,Maple,0.499235,0.499235,0.499235,0.499235,0.499235,0.499235,0.499235,0.499235,0.499235,0.499235,0.499235,0.499235,5.443160,5.278734,4.065413,2.078476,2.738132,9.690279,8.197701,6.096664,8.381611,8.108887,10.980578,8.264796,5.691981,6.500852,9.415676,4.660760,8.679668,8.910518,8.143585,5.663347,9.744436,9.750543,11.625425,8.265834,5.919016,8.473570,9.752594,8.789966,8.946827,9.402351,7.887053,5.022118,9.456627,8.836355,10.981601,9.417054,6.199585,7.679072,9.918917,9.681871,9.230544,9.446795,9.028935,8.474998,9.108066,9.104485,8.676163,5.580338,7.301495,7.218907,9.192190,9.605326,9.948868,9.455832,8.168130,6.979026,8.284533,10.326235,8.684464,6.866370,7.734315,7.178275,7.608518,8.946909,7.629801,6.700190,6.709017,6.666320,5.775474,6.901121,6.265686,6.914435,5.498936,7.052448,6.832930,5.507048,6.595430,5.664337,5.837902,5.018194,5.101895,7.298748,6.431030,6.139711,3.387959,3.988607,4.819607,2.179244,4.805671,4.133926,3.174203,2.032849,1.790201,3.172499,2.222500,4.821124
48,Maple,0.450979,0.450979,0.450979,0.450979,0.450979,0.450979,0.450979,0.476353,6.669627,0.450979,0.450979,0.450979,9.722911,9.180169,9.515741,8.820196,4.652392,6.784487,7.040221,7.130998,8.536621,9.230754,9.404279,13.477963,11.346988,10.477018,10.449404,9.314028,8.148121,5.980594,6.514688,5.142333,8.812684,8.157372,13.036942,14.051673,7.526301,8.466864,10.209221,10.019082,9.983206,9.609938,8.816150,7.865884,9.461216,8.165246,11.139196,11.209867,6.844454,7.435515,7.361966,9.344133,9.667097,10.073875,9.236753,8.727313,8.926738,7.865755,7.732199,6.772581,7.596406,6.760890,9.391086,9.490970,10.043649,9.660992,8.033845,8.476124,8.590124,8.931573,8.736317,5.696879,7.673378,7.628691,7.719155,8.357589,7.233670,6.677352,6.243595,6.414549,6.323750,5.918149,5.730813,6.997477,5.407236,5.751107,7.156580,5.190912,5.908829,5.604317,5.973427,4.929531,4.946058,5.709634,6.459738,4.754303,3.576592,3.727293,4.846994,3.797143,3.873831,2.471403,3.035211,2.502542,2.548541,3.191692,2.563472,4.357112
49,Maple,0.592579,0.592579,0.592579,0.592579,0.592579,0.592579,0.592579,0.592579,0.592579,0.592579,0.592579,0.592579,8.636907,7.103945,6.252400,10.808010,11.505760,10.974592,5.479377,6.324327,6.733462,9.848296,12.715147,13.120859,7.936532,8.015811,8.617985,11.132627,12.761769,12.652960,10.466013,7.671158,8.998128,11.944807,13.529141,13.814467,10.314876,9.763514,9.514567,10.475680,11.480721,11.305499,9.399586,7.934800,9.589785,11.628941,13.458484,11.616285,7.035519,8.065207,8.589589,10.124535,9.911719,9.327245,8.486053,7.248638,8.529479,8.960218,6.521933,5.586545,6.973808,6.845504,8.202825,9.106737,9.375579,8.430830,7.763595,7.613864,8.455009,9.625360,8.258101,7.187553,6.920440,6.979331,7.439965,8.532529,8.068271,7.324261,6.327974,6.576378,5.867073,6.065744,6.530641,6.321911,5.500180,5.466418,7.102448,4.742736,6.030601,5.509971,5.496683,5.052766,5.742171,6.072531,6.564152,4.314880,3.551221,5.161684,5.183025,2.355347,4.518627,4.060705,3.269074,1.789842,2.179899,2.867030,1.054025,4.526123
50,Maple,0.510599,0.510599,0.510599,0.510599,0.510599,0.510599,0.510599,0.510599,0.510599,0.510599,0.510599,0.510599,7.458102,2.945338,6.894762,8.620700,7.820689,5.647043,3.487954,5.160934,8.833882,9.222054,4.425124,8.765277,7.614030,7.294920,7.254624,8.532832,10.785296,9.113315,8.107493,7.341819,9.329167,10.128331,8.986618,9.655354,4.017220,5.224095,7.389587,8.400136,10.549248,10.527892,8.577815,9.759100,9.701576,8.851409,8.498450,6.843022,5.125989,5.500968,8.751702,9.983091,10.007839,9.980593,9.178043,7.142993,9.007338,8.688868,8.139606,5.420614,7.052775,6.770040,8.929273,9.395013,9.991075,9.973234,8.167469,7.081349,8.397908,8.952619,8.175239,7.185593,7.020264,7.327027,7.898134,8.728627,7.629680,7.541246,6.687346,6.606853,5.533276,6.213596,6.212303,6.775834,5.343719,5.314909,7.190802,4.964664,6.056315,5.499088,5.631463,5.220488,4.560841,6.852684,6.614966,4.676002,3.492108,3.496576,5.620447,5.983428,3.520166,4.016221,3.271884,1.635486,2.419073,3.008337,2.039646,4.472124
