<TreeSettings amount="1">
	<Instance index="0">
		<Position>
			<x>0.000000</x>
			<y>0.000000</y>
			<z>0.000000</z>
		</Position>
		<TreeParameters>
			<Seed>1</Seed>
			<Age>13</Age>
			<LateralBudPerNode>3</LateralBudPerNode>
			<VarianceApicalAngle>20.000000</VarianceApicalAngle>
			<BranchingAngleMean>29.520000</BranchingAngleMean>
			<BranchingAngleVariance>2.000000</BranchingAngleVariance>
			<RollAngleMean>91.000000</RollAngleMean>
			<RollAngleVariance>1.000000</RollAngleVariance>
			<ApicalBudKillProbability>0.000000</ApicalBudKillProbability>
			<LateralBudKillProbability>0.210000</LateralBudKillProbability>
			<ApicalDominanceBase>3.130000</ApicalDominanceBase>
			<ApicalDominanceDistanceFactor>0.130000</ApicalDominanceDistanceFactor>
			<ApicalDominanceAgeFactor>0.820000</ApicalDominanceAgeFactor>
			<GrowthRate>3.000000</GrowthRate>
			<InternodeLengthBase>1.000000</InternodeLengthBase>
			<InternodeLengthAgeFactor>0.930000</InternodeLengthAgeFactor>
			<ApicalControlBase>2.200000</ApicalControlBase>
			<ApicalControlAgeFactor>0.500000</ApicalControlAgeFactor>
			<ApicalControlLevelFactor>1.000000</ApicalControlLevelFactor>
			<ApicalControlDistanceFactor>0.000000</ApicalControlDistanceFactor>
			<MaxBudAge>20</MaxBudAge>
			<InternodeSize>0.600000</InternodeSize>
			<Phototropism>0.320000</Phototropism>
			<GravitropismBase>0.080000</GravitropismBase>
			<GravitropismLevelFactor>-0.030000</GravitropismLevelFactor>
			<PruningFactor>0.700000</PruningFactor>
			<LowBranchPruningFactor>1.300000</LowBranchPruningFactor>
			<ThicknessRemovalFactor>99999.000000</ThicknessRemovalFactor>
			<GravityBendingStrength>0.720000</GravityBendingStrength>
			<GravityBendingAngleFactor>0.830000</GravityBendingAngleFactor>
			<ApicalBudLightingFactor>0.390000</ApicalBudLightingFactor>
			<LateralBudLightingFactor>1.130000</LateralBudLightingFactor>
			<EndNodeThickness>0.020000</EndNodeThickness>
			<ThicknessControlFactor>0.650000</ThicknessControlFactor>
			<CrownShynessBase>1.000000</CrownShynessBase>
			<CrownShynessFactor>1.000000</CrownShynessFactor>
			<FoliageType>0</FoliageType>
			<LeafSizeX>0.060000</LeafSizeX>
			<LeafSizeY>0.060000</LeafSizeY>
			<LeafIlluminationLimit>0.000000</LeafIlluminationLimit>
			<LeafInhibitorFactor>0.000000</LeafInhibitorFactor>
			<IsBothSide>1</IsBothSide>
			<SideLeafAmount>3</SideLeafAmount>
			<StartBendingAngle>20.000000</StartBendingAngle>
			<BendingAngleIncrement>20.000000</BendingAngleIncrement>
			<LeafPhotoTropism>999.000000</LeafPhotoTropism>
			<LeafGravitropism>1.000000</LeafGravitropism>
			<LeafDistance>0.200000</LeafDistance>
		</TreeParameters>
	</Instance>
</TreeSettings>
