1,Willow,0.441433,0.441433,0.441433,0.441433,0.441433,0.441433,0.441433,0.441433,0.441433,0.441433,0.441433,0.441433,0.489884,0.489884,0.489884,0.498300,0.489884,3.583467,6.454687,6.996267,4.000039,8.947143,4.679169,3.608455,5.346263,5.327109,4.244354,3.545225,0.445096,6.275735,10.206152,10.107300,10.314255,10.653274,6.556270,5.013072,6.729977,6.298640,11.030761,9.221062,6.170256,8.115426,10.389980,9.871290,11.005379,9.264460,6.729261,5.162901,6.997111,6.577842,9.205557,9.972482,8.474637,8.528786,10.813127,10.956771,8.805385,9.048182,5.802791,5.693316,7.036899,9.148808,9.213303,8.405677,8.520743,8.290468,9.594323,10.572867,9.563164,8.242408,8.698530,5.461168,6.756284,8.848928,9.238642,8.682847,6.675217,8.231433,7.960908,7.053461,7.742264,8.443889,8.535233,6.914072,6.316909,3.820182,4.371372,5.114982,2.532724,4.793744,5.924923,6.051176,6.520880,7.785997,6.438769,5.677243,3.461845,2.165705,2.185862,0.000000,2.475851,2.118898,1.853303,0.915467,2.130272,5.317580,6.658611,5.361639
2,Willow,0.409835,0.409835,0.409835,0.409835,0.409835,0.409835,0.409835,0.409835,0.409835,0.409835,0.409835,0.409835,0.553367,0.553367,0.553367,3.023269,3.377875,3.340707,8.081794,7.422574,5.050161,7.489026,5.215582,0.553367,0.730475,5.929315,6.333128,6.730248,3.976839,7.885577,10.447739,9.823142,10.658057,10.817711,6.763100,5.087722,6.088614,6.311816,7.727107,7.001055,6.472861,8.006841,10.407095,9.921289,11.044674,10.301577,5.534015,5.930690,7.341781,5.913574,9.239236,9.982340,5.919405,8.169838,10.790214,10.767253,7.754025,8.759647,6.447564,7.467157,6.847497,9.071269,9.056495,7.923792,6.849607,7.913986,9.741485,11.376174,9.517992,8.286999,8.703709,5.544228,7.024580,8.015301,9.155062,7.442533,5.985164,8.268914,8.092762,6.204636,7.946005,8.436163,7.744990,6.626630,6.281054,5.133433,5.783097,5.331487,3.255531,4.433237,5.178652,5.806609,6.655084,7.664255,6.414258,5.303305,4.517771,2.114938,1.783430,1.890627,2.292603,2.250844,2.540850,0.000000,0.000000,5.229502,6.377740,4.681101
3,Willow,0.393143,0.393143,0.393143,0.393143,0.393143,0.393143,0.393143,0.393143,0.393143,0.393143,0.393143,0.393143,3.894498,1.347625,0.555280,0.555280,0.555280,5.513080,7.362019,9.353925,10.800008,7.027680,5.769400,4.954228,3.038607,0.000000,4.074385,7.200280,4.998959,6.731431,9.502924,10.161236,11.123070,10.724787,6.929645,5.141882,5.211590,5.619912,9.583862,9.368688,6.165058,8.369692,10.392653,10.186164,6.292678,10.691454,5.003905,4.143562,6.583029,5.838213,8.981892,10.022160,8.637751,8.622064,10.918812,10.766479,7.728741,8.244791,7.343545,7.728706,6.883097,9.509375,9.341361,7.664265,8.188806,8.075444,9.473722,11.218921,9.810799,8.273572,8.685321,5.388821,7.849452,8.735082,9.320903,8.133920,6.793756,8.170309,7.632830,6.726728,7.832340,8.060168,8.358849,6.738007,6.315272,5.491302,6.228886,5.136143,3.381368,5.009993,5.964722,5.836942,6.060599,7.817407,6.344552,6.153453,4.589789,1.852641,2.617464,1.222843,2.053882,2.534363,0.000000,3.206643,3.836169,4.988786,6.524517,5.208030
4,Willow,0.409557,0.409557,0.409557,0.409557,0.409557,0.409557,0.409557,0.409557,0.409557,0.409557,0.409557,0.409557,0.595628,0.595628,0.595628,0.595628,0.595628,0.595628,0.595628,0.595628,6.721734,7.080967,0.595628,0.595628,2.900133,4.294057,5.632823,6.853371,2.174192,6.685003,9.967160,7.000329,10.808605,8.974621,0.719308,4.432121,7.297642,5.432941,8.883201,9.088830,7.307177,7.750788,10.324037,8.384251,10.841135,10.649741,5.176155,4.543340,7.491874,7.916037,9.134507,9.220049,8.354396,7.573598,10.793798,11.379716,9.517999,8.227835,7.581114,7.563708,6.894085,8.581872,9.131663,8.347980,8.489454,7.855852,9.619060,11.243920,9.841048,8.218725,8.447225,4.344734,6.651780,8.770208,8.838190,8.676311,6.308489,8.182961,7.727934,7.575713,7.665756,8.492027,8.289346,6.523970,5.208354,5.331547,5.198990,5.341613,2.358182,4.144833,6.039318,5.566151,6.501405,7.647975,6.265456,6.101636,4.809659,2.071952,2.418845,1.796508,2.685098,0.911457,1.623147,3.503228,3.875410,2.654824,6.450210,5.409088
5,Willow,0.347348,0.347348,0.347348,0.347348,0.347348,0.347348,0.347348,0.347348,0.347348,0.347348,0.347348,0.347348,0.375452,0.375452,0.375452,0.786366,2.314145,0.375452,7.170889,4.176802,8.666865,0.375452,0.375452,0.375452,4.928827,3.630241,4.792758,3.314827,4.731416,7.968905,10.490703,8.664839,10.362668,5.566266,0.400976,5.315071,5.549912,5.867258,8.541839,9.277510,6.344335,8.162340,10.816435,9.928074,10.794911,9.888525,5.148748,5.462078,5.617038,7.898866,9.302499,9.899261,8.092892,8.671144,10.601461,10.287166,7.825038,9.585054,5.912192,5.029996,4.619553,9.069707,9.333136,7.503704,8.064586,7.533857,9.681647,7.915154,9.515558,7.934502,6.304073,4.155879,6.969541,8.694574,9.067384,8.638280,6.628519,7.777019,7.899765,6.442630,7.102000,8.173064,8.357651,6.061434,5.033992,5.216736,6.310739,5.029051,3.460680,4.939258,5.982160,5.755930,6.464662,7.151607,6.433070,6.201611,4.549565,4.667984,2.762910,0.417969,2.661971,2.753689,2.207393,2.248142,3.958375,5.101212,6.303084,5.564476
6,Willow,0.443599,0.443599,0.443599,0.443599,0.443599,0.443599,0.443599,0.443599,0.443599,0.443599,0.443599,0.443599,0.518050,0.518050,0.518050,0.518050,0.518050,0.518050,0.518050,0.518050,0.518050,0.518050,0.518050,4.838726,3.403910,5.813009,5.392868,4.226190,6.001820,7.788351,6.661522,9.455599,10.786946,10.611064,6.548655,5.137322,7.027716,5.317046,10.780622,9.302222,6.143891,8.118979,10.583926,9.922810,10.951890,8.187018,6.424954,2.513581,7.248566,5.965575,9.461777,9.673492,9.928857,6.860947,10.870406,10.780257,8.093222,8.588367,8.376478,7.458071,6.234748,9.548804,8.798127,8.075710,6.955667,7.920607,9.519804,11.399645,9.588538,8.338425,8.794358,5.099957,6.877239,8.778393,9.168193,7.423162,6.763881,8.198230,8.057261,6.171832,6.924102,8.520376,8.073925,5.091024,6.359474,5.409374,6.279521,5.267390,0.000000,5.060490,5.956408,5.736481,6.706847,7.344541,6.620551,6.079021,4.852125,2.343174,0.000000,0.000000,0.000000,0.000000,0.000000,3.040615,3.710765,5.099627,6.453562,5.178151
7,Willow,0.437955,0.437955,0.437955,0.437955,0.437955,0.437955,0.437955,0.437955,0.437955,0.437955,0.437955,0.437955,0.693301,0.693301,0.693301,0.693301,0.693301,0.693301,7.473512,4.821197,3.313144,8.003765,6.904463,5.418132,3.333525,6.223164,10.599856,5.978664,0.000000,3.607687,10.354936,9.786083,8.589891,10.350154,6.661252,5.446702,5.170938,5.090257,10.100527,5.644745,6.366683,7.516281,9.473543,9.822920,9.809235,10.603525,6.591278,6.969072,7.493080,5.510662,9.314143,9.272101,8.431162,8.642008,10.166637,10.489613,8.487203,9.619573,4.689841,6.811357,6.941208,9.381397,9.239149,8.522452,8.481009,7.733457,9.751641,11.313866,9.907670,7.495998,8.772481,5.440082,6.838876,8.807796,9.288183,8.592253,6.701277,8.110708,7.037799,6.294436,7.677292,8.268273,8.482368,5.380958,6.294619,5.510921,6.278669,5.206507,3.281926,4.589510,5.377609,5.150457,6.430580,7.802275,6.214887,5.556218,4.671568,1.786350,1.954610,0.733985,2.497131,2.206615,1.878008,0.000000,3.861214,5.195283,6.724798,5.225345
8,Willow,0.463805,0.463805,0.463805,0.463805,0.463805,0.463805,0.463805,0.463805,0.463805,0.463805,0.463805,0.463805,3.515893,1.137803,0.613160,0.613160,0.613160,0.613160,8.229712,6.997020,7.436655,0.613160,6.827929,3.780686,3.758809,2.621844,5.399641,2.157866,4.672876,6.014981,8.375232,6.732239,7.092163,6.509643,6.997882,5.110254,2.847965,7.906531,9.041425,8.444057,6.508973,8.203018,10.065745,10.542070,5.145260,5.233666,6.446177,5.236070,6.596751,5.846380,8.903031,7.112281,8.750738,8.392749,10.905093,11.495202,7.656753,8.453223,8.355099,7.672236,6.935732,8.951245,9.224835,7.904242,6.871265,7.966423,8.910750,11.550494,9.424088,8.173188,8.745186,5.135818,7.026319,8.922821,9.244585,8.492064,6.711956,7.880075,7.784665,6.108982,7.800203,8.425743,8.547350,6.500566,6.237731,5.543328,6.514674,5.234480,3.036722,4.628908,5.391418,5.860888,6.215868,7.759445,6.398254,6.016854,4.695360,4.242952,2.772882,1.183200,2.561501,0.000000,0.824045,0.000000,3.596847,5.058458,6.699024,5.510900
9,Willow,0.352511,0.352511,0.352511,0.352511,0.352511,0.352511,0.352511,0.352511,0.352511,0.352511,0.352511,0.352511,0.400143,2.920716,0.400143,0.400143,3.595898,7.827778,7.380127,1.029716,7.371641,0.400143,0.400143,0.400143,0.578012,0.578012,7.690502,6.209570,3.713744,3.443685,9.475517,10.166280,10.801078,10.741567,6.835093,3.368391,5.049710,3.182713,10.900321,9.290679,6.488908,7.855516,10.800803,9.321891,10.914091,10.579566,6.656233,5.315687,7.376740,7.449884,9.441432,9.726195,8.844048,8.270529,10.885797,10.129550,10.012513,9.362037,6.665207,6.074397,6.943616,8.701545,8.756830,8.147130,8.432557,8.128984,9.060219,11.422359,9.804444,8.258210,6.251967,5.398273,6.218529,8.748322,9.244864,8.777947,8.253022,8.269447,8.134520,6.302113,7.454420,7.677424,7.803761,6.827071,6.104558,5.261578,6.256666,5.130682,3.057270,4.595932,5.900833,5.849567,5.931983,7.824217,6.247747,5.800756,4.419982,2.211711,0.000000,1.608945,2.757023,2.806502,2.760187,0.000000,4.285669,5.276020,6.573775,5.493576
10,Willow,0.505502,0.505502,0.505502,0.505502,0.505502,0.505502,0.505502,0.505502,0.505502,0.505502,0.505502,0.505502,0.719980,0.997438,0.719980,0.719980,0.719980,0.719980,0.719980,7.321575,0.719980,8.391644,0.719980,0.719980,0.661274,2.449399,8.296257,6.426474,6.143498,6.832242,10.261962,9.874310,9.919394,8.083176,0.703065,4.037548,6.609796,6.165337,8.978612,9.773930,6.636263,8.435081,10.352391,9.473701,9.203339,9.255227,3.037063,6.302660,7.246124,7.858344,9.034821,9.827986,7.402457,8.382925,10.229970,10.853783,9.240277,9.575458,8.803309,7.494347,6.882935,9.244096,9.305598,7.820222,8.129681,8.035806,9.585263,11.393601,8.878381,8.283064,8.673506,5.388810,7.113315,8.543331,9.343237,8.495143,6.860360,8.074250,7.989601,5.458780,7.829005,8.299303,8.386599,6.238494,6.076324,5.464756,6.597557,5.297560,3.276592,4.177744,5.637099,5.880180,6.677840,7.857386,6.310041,6.113732,4.868685,0.921049,2.097173,0.869675,2.419755,1.805014,2.669321,0.000000,3.183942,5.263206,6.405175,4.459053
11,Willow,0.391781,0.391781,0.391781,0.391781,0.391781,0.391781,0.391781,0.391781,0.391781,0.391781,0.391781,0.391781,3.023440,0.649194,4.166092,0.649194,0.649194,1.125273,10.849224,0.649194,2.487215,8.707885,6.904813,5.825875,5.521221,5.222899,5.369761,0.000000,0.785847,6.625064,10.630756,9.677925,7.022907,8.020955,6.745381,5.057860,6.816529,6.420342,9.597002,9.078275,5.231602,8.177649,9.052367,10.620143,8.726640,6.131145,6.463515,5.081246,5.616360,5.760618,9.406171,8.571669,8.403577,8.412071,10.446539,10.786500,7.876118,8.529293,5.727183,5.324078,6.532784,9.220815,9.240358,8.863637,8.458031,7.776706,9.763144,11.591230,7.919402,8.183827,7.209248,5.454526,6.873510,8.870725,9.312976,8.437633,6.576583,8.274810,7.805985,7.025546,7.686810,8.243174,8.349919,6.815394,6.051643,5.254050,6.445837,2.593915,2.220399,4.898955,5.890827,5.730145,6.230024,7.801583,6.320912,6.126668,4.774624,0.000000,2.045334,1.748596,2.390795,1.477349,2.538266,3.817042,3.970447,5.120400,6.549057,5.426673
12,Willow,0.441746,0.441746,0.441746,0.441746,0.441746,0.441746,0.441746,0.441746,0.441746,0.441746,0.441746,0.441746,0.450536,2.163658,3.710892,3.507022,3.442074,1.460946,0.450536,4.754249,6.813564,7.127099,5.898387,3.542078,0.480936,3.411240,5.689842,3.119173,5.333733,7.307837,10.023554,10.005937,10.408465,9.816316,6.835841,5.469590,7.372870,5.945705,10.890168,9.101218,8.513289,8.166028,10.571438,10.219172,10.947738,10.122205,6.208580,5.180784,7.337984,5.735984,9.414866,9.565387,8.695919,8.453098,10.909992,10.910745,7.822636,9.600826,6.084547,6.218915,6.668109,9.344853,9.258868,7.807725,8.240288,7.974421,9.554210,11.517428,9.608453,8.253040,8.681238,5.486944,6.990680,8.733652,9.240811,8.452961,6.200862,8.012205,8.215698,6.216134,7.963714,8.488187,6.377633,6.500436,6.427133,5.338490,6.467985,5.085793,3.227003,4.237222,5.616124,4.069634,5.681875,7.836489,6.366043,5.642075,4.256971,2.296288,0.898541,0.752621,2.648308,1.342750,2.570368,0.000000,3.737893,5.280125,6.682720,4.851659
13,Willow,0.464157,0.464157,0.464157,0.464157,0.464157,0.464157,0.464157,0.464157,0.464157,0.464157,0.464157,0.464157,0.759862,1.266246,0.759862,0.759862,4.372675,7.722897,7.308275,0.759862,0.759862,0.759862,0.759862,0.759862,2.765695,4.629477,7.836014,3.615621,3.966054,7.033818,10.631889,9.896678,5.935543,0.000000,6.595942,4.297252,6.165964,5.320032,7.208843,9.143316,7.752759,4.941703,10.248405,10.303576,6.765217,5.271672,6.457394,6.635173,7.191882,8.675456,8.753002,9.124922,8.667689,8.184905,10.925981,10.631155,7.331162,7.707911,5.461535,7.587030,6.908089,9.360847,9.302195,8.043040,8.542443,8.105921,9.675528,11.434619,9.393703,7.967178,8.783926,5.270257,7.073370,9.023970,9.326147,8.601902,6.773527,8.329164,7.791195,6.196275,6.836797,7.925081,8.630279,6.431348,6.085949,5.307615,6.417120,4.064400,3.390173,2.417872,5.633356,5.858075,6.628637,7.776440,6.473221,5.769636,4.883530,2.224062,2.748753,0.000000,2.764223,2.222374,2.016341,0.000000,3.191450,5.222062,6.639448,5.203331
14,Willow,0.432863,0.432863,0.432863,0.432863,0.432863,0.432863,0.432863,0.432863,0.432863,0.432863,0.432863,0.432863,0.448418,0.448418,3.831609,1.663725,5.145272,3.693099,8.751686,0.448418,0.448418,7.192038,6.091360,0.448418,5.503051,4.744487,5.856606,8.230469,4.263678,6.657262,8.401194,10.086896,10.884767,10.396224,6.784315,5.436076,6.469975,6.301542,8.335365,9.419569,7.427904,8.283397,10.424008,10.064021,9.121416,10.686277,5.476947,5.618218,7.665657,6.029842,8.999586,9.744651,8.811922,8.385009,10.920569,10.884812,7.606595,8.970390,6.447551,7.103189,6.449389,9.544568,9.079117,8.321278,8.397686,7.756667,8.462024,11.235893,8.362823,7.770403,8.762822,5.485953,6.965637,8.273465,9.242717,8.592666,6.762692,8.289660,8.178067,6.386105,7.778751,8.428709,8.492238,6.699018,6.214834,5.430682,6.077936,5.363023,3.406629,4.693330,5.289012,5.751611,6.563635,7.781145,6.286011,6.161848,4.035655,2.509092,2.699312,0.000000,2.674028,2.445405,2.229505,0.980319,2.446144,2.908817,6.700098,5.474413
15,Willow,0.400164,0.400164,0.400164,0.400164,0.400164,0.400164,0.400164,0.400164,0.400164,0.400164,0.400164,0.400164,0.535460,1.840871,4.564773,3.625054,3.012426,1.444357,6.550869,6.975918,0.535460,8.122713,0.535460,0.535460,4.852981,3.738015,5.322712,7.572241,6.003845,7.927400,9.622315,10.080775,8.237363,9.579417,6.593341,4.807337,4.933134,6.090485,9.954434,9.553893,7.853382,8.229548,10.460489,10.043454,8.787630,10.295885,6.175471,6.629336,7.574883,8.663563,9.186591,10.004755,8.573086,8.401683,10.133158,10.812622,9.603744,9.585063,5.102071,7.453380,6.501170,9.271330,9.239183,8.185023,8.514012,8.059388,9.703273,11.361177,9.880219,6.064224,8.672755,5.053405,6.853002,8.902786,9.260172,8.500286,6.563625,8.268772,8.120760,6.219524,7.643443,7.908896,8.292449,6.679061,5.640486,5.242696,6.193904,5.050426,4.306218,4.577295,5.005179,5.104631,6.624083,7.536713,6.331160,5.943263,1.126400,2.338883,1.142689,1.271473,2.501534,0.827293,0.000000,0.000000,2.570421,5.024978,6.573675,5.339751
16,Willow,0.421835,0.421835,0.421835,0.421835,0.421835,0.421835,0.421835,0.421835,0.421835,0.421835,0.421835,0.421835,0.661761,0.661761,0.661761,0.661761,0.661761,5.311699,9.863750,5.594919,6.001103,7.324307,6.278643,3.562839,4.881850,4.522984,5.566013,0.000000,3.465362,6.778939,10.106475,10.021173,10.561915,10.922331,6.367522,3.354529,6.826935,6.302441,9.284950,8.937577,8.485431,8.470099,10.267750,9.889389,10.911633,10.642130,6.544970,6.085997,6.711851,5.987815,9.400065,8.420691,8.746185,7.162284,10.864987,10.845712,7.779976,9.608429,6.006911,7.387781,6.581464,9.402411,8.894786,8.598361,8.505446,7.893058,8.049032,11.446056,9.707123,8.309276,8.698502,5.937749,6.719600,8.631588,9.360980,8.580116,7.520383,8.167930,8.023261,6.287458,7.738728,8.491684,8.551709,6.650161,6.402170,4.917449,6.378081,5.284775,2.579111,5.033896,5.525899,5.852108,6.641656,7.910418,7.513741,6.070526,4.412674,2.173926,2.377562,0.000000,2.675374,2.775176,1.587248,0.000000,3.392542,5.296969,6.778953,5.531424
17,Willow,0.367037,0.367037,0.367037,0.367037,0.367037,0.367037,0.367037,0.367037,0.367037,0.367037,0.367037,0.367037,0.387909,0.387909,0.387909,0.387909,2.245404,6.531058,10.069802,6.830437,10.104327,6.798800,6.339478,3.821750,1.209621,0.382585,6.852238,3.484717,5.721526,5.921926,10.853999,7.375971,10.622593,6.377276,5.352237,5.296838,5.450636,6.045404,10.954890,9.273755,8.142982,8.058882,10.167594,8.416978,9.606691,9.894535,6.282517,5.167198,7.494027,5.759202,9.081122,8.329232,7.838043,8.522409,10.792281,10.836147,8.003424,9.606468,6.413651,5.292419,6.954485,9.334005,9.078795,7.923861,8.452750,7.789654,8.597375,10.101974,9.242580,7.996426,8.187510,5.014431,6.957233,8.778003,9.127561,8.260761,6.706190,7.966379,7.947751,6.354239,7.668517,8.540330,8.477958,6.808711,6.358690,4.949624,6.155392,5.464990,0.000000,4.253173,6.011741,4.692467,6.620719,7.190591,6.218860,6.006722,4.136009,2.103019,0.075446,0.435660,1.598367,2.343637,1.538255,0.000000,3.833309,4.849223,6.484215,5.485610
18,Willow,0.417038,0.417038,0.417038,0.417038,0.417038,0.417038,0.417038,0.417038,0.417038,0.417038,0.417038,0.417038,2.138524,0.601538,0.601538,0.601538,3.670549,3.952888,0.601538,0.601538,0.601538,3.464345,3.176128,5.299668,3.243241,4.859864,5.644341,3.772239,4.010748,3.301356,5.261195,6.269289,5.245128,4.624727,5.616625,5.371190,7.207346,6.309721,10.922683,7.854582,7.672836,7.536188,10.055562,10.148315,7.624796,4.069303,6.475927,5.314492,6.935475,7.141970,7.580515,8.115817,8.527523,8.757444,9.555192,11.344554,8.711658,7.781671,6.957988,7.192252,6.912081,9.374509,9.254001,7.911705,8.518888,7.787513,9.449149,11.377425,9.845518,8.122693,7.610981,5.940007,6.937029,8.668624,9.296122,8.463437,6.721916,7.988289,8.344453,5.830028,7.724128,8.248507,8.343352,6.597602,6.377331,5.018937,6.258365,4.071981,3.437488,3.914514,5.815136,5.615796,6.235339,7.866401,6.189194,6.057032,4.700429,2.080664,1.965062,0.980851,2.524954,2.636557,2.192514,0.796807,3.734935,5.166219,6.304458,5.452453
19,Willow,0.434073,0.434073,0.434073,0.434073,0.434073,0.434073,0.434073,0.434073,0.434073,0.434073,0.434073,0.434073,2.269964,0.568942,0.568942,2.009042,4.056572,7.506407,8.662354,6.975588,10.859028,0.568942,0.568942,4.975070,1.599844,3.993224,4.656090,4.880276,6.156096,6.975215,10.489900,9.872441,10.910506,10.388815,5.271893,5.325087,7.017006,6.278316,10.896407,9.930987,7.693864,8.383100,10.175316,9.830559,11.045743,10.451449,6.095444,7.406922,7.353912,8.304431,7.356395,9.975057,8.659423,8.648838,10.613174,10.350517,9.412804,8.873784,5.721796,7.183177,6.840232,8.384247,8.669869,7.838775,8.439598,7.856852,9.605882,11.092923,9.312510,8.264648,8.569181,5.315374,7.022884,8.556229,9.246241,7.469727,6.702556,7.829039,7.966971,6.286741,7.713490,8.363271,8.500401,6.501452,6.350043,5.296791,6.553405,5.368475,2.847608,3.125075,5.906122,5.881286,6.335160,7.868129,6.205968,6.009365,4.563459,0.000000,2.512201,1.654559,1.911861,2.403042,2.726243,0.000000,3.851782,5.109378,6.647079,5.442578
20,Willow,0.469290,0.469290,0.469290,0.469290,0.469290,0.469290,0.469290,0.469290,0.469290,0.595705,0.469290,0.469290,1.040943,0.599858,3.821686,3.269165,3.278484,3.739011,0.599858,6.899588,4.874875,4.996685,6.454985,5.009085,4.014460,2.177159,3.908732,3.367936,3.667091,7.038390,10.413427,9.235645,10.622151,8.328676,6.717935,5.348701,6.912060,6.116472,8.793665,9.209777,7.703066,8.300029,10.222548,9.833337,10.909899,8.292782,5.394617,5.448520,6.956487,8.797099,9.160561,9.773596,8.299500,8.621410,9.566853,10.775502,7.789670,8.885892,8.783925,5.657196,6.985484,9.578145,9.251667,7.832261,8.476338,7.319311,9.047531,11.452418,9.811052,8.273811,8.091561,4.151739,6.964832,8.621665,6.866927,8.571680,5.764533,8.261709,8.202495,6.288969,7.842724,7.944851,8.456672,6.672930,6.401677,5.372252,6.487499,5.420178,4.234628,4.888572,5.553495,4.482347,6.568135,7.736012,6.113890,6.182440,4.795862,2.345690,0.000000,1.562371,1.132243,2.718112,2.582369,0.517216,3.734317,5.057520,6.393655,5.358652
21,Willow,0.395805,0.395805,0.395805,0.395805,0.395805,0.395805,0.395805,0.395805,0.395805,0.395805,0.395805,0.395805,3.447064,0.622081,0.622081,0.622081,0.622081,0.622081,7.502833,7.224829,0.622081,4.331215,4.841955,4.807296,3.841276,5.519360,0.000000,7.350728,2.158381,6.086509,8.751895,9.052151,7.256150,10.645017,6.430502,5.654959,5.451296,5.292182,8.642068,8.420701,8.727433,8.260491,9.538227,10.266471,7.738225,10.665352,6.191118,7.144481,7.606057,9.058827,8.619448,9.808727,8.599633,8.330961,10.815138,11.216760,9.461870,9.591566,9.349967,7.333282,6.924127,9.380082,9.204754,7.401910,8.253456,7.840489,9.568724,11.421991,9.898336,8.183501,8.071582,6.595810,7.029746,8.352290,8.622952,8.577963,6.588273,7.956097,7.973828,6.259210,6.932014,8.409354,8.493441,6.432736,6.355213,5.065115,6.565403,5.390741,3.352118,4.758738,5.804685,5.259614,6.718542,7.683126,6.460644,6.064251,4.447330,2.300123,2.759814,1.773189,2.223060,0.000000,0.000000,2.150077,2.437347,5.306505,5.697108,4.828716
22,Willow,0.419915,0.419915,0.419915,0.419915,0.419915,0.419915,0.419915,0.419915,0.419915,0.419915,0.419915,0.419915,2.787067,0.554600,0.554600,0.554600,0.973588,4.796885,10.111670,6.550436,0.554600,0.554600,0.554600,5.912952,2.133061,0.588776,5.766524,5.092134,3.241553,6.791085,9.668401,9.653814,10.808812,2.976652,5.996959,4.882585,5.313536,6.122771,6.812315,9.143349,4.734134,8.647393,10.579228,10.030910,10.859928,8.785432,5.429488,5.706943,7.500307,8.359962,9.284265,9.961080,8.002612,8.500721,10.869161,10.857745,9.780490,9.289694,7.915464,7.249034,6.918268,9.111258,9.054441,7.972666,8.461124,7.873177,9.403051,11.247714,9.861568,8.095138,8.702164,5.672848,7.057601,8.853616,9.309888,7.339475,6.741570,8.269719,8.099586,5.706102,6.887956,8.391547,8.517612,5.113369,6.333678,5.171249,6.489921,5.130004,2.996435,4.521774,5.798672,5.514853,6.376631,7.749927,6.483368,5.851465,2.851224,2.279018,2.703017,1.261591,2.419540,2.613327,0.000000,1.815511,4.023290,5.053162,6.536978,5.494280
23,Willow,0.479383,0.479383,0.479383,0.479383,0.479383,0.479383,0.479383,0.479383,0.479383,0.479383,0.479383,0.479383,0.650960,1.127406,2.159533,0.650960,3.481375,6.495870,7.478728,7.936187,8.505923,0.650960,6.208419,5.876126,5.063106,4.843271,6.528035,6.997716,3.611784,6.818741,8.624627,10.057030,8.087350,10.162166,6.847465,5.529498,7.305510,5.911563,11.112388,9.243551,8.004673,8.281275,10.286654,9.605576,6.563967,7.752522,6.192558,6.384617,6.927879,6.637889,8.603771,9.968483,8.714581,8.549771,10.938445,10.759501,7.493151,8.537377,5.842740,7.659833,6.140252,9.037615,9.370239,8.371645,8.491980,7.868551,8.977808,11.453163,9.727957,8.314948,6.647880,5.364275,6.496089,8.797681,8.998479,8.184052,6.209296,8.155624,7.958093,6.377017,7.859424,7.929254,7.823730,6.790659,6.418109,5.190114,6.508300,5.400688,2.551286,4.356318,5.472263,5.739600,6.648157,7.966678,6.212319,6.014168,2.914699,2.154357,1.526581,1.692171,2.460362,2.472318,2.336127,2.882754,3.862034,5.320426,6.111270,5.343168
24,Willow,0.469333,0.469333,0.469333,0.469333,0.469333,0.469333,0.469333,0.469333,0.469333,0.469333,0.469333,0.469333,0.604543,1.128701,0.604543,0.604543,0.604543,1.799928,3.493201,4.661634,4.564084,10.247166,5.064604,5.433856,3.219382,3.363297,8.934201,6.744633,3.747841,7.737411,9.543177,6.616234,10.758641,10.882886,6.903345,5.466012,5.012116,6.265389,10.970018,9.913193,6.430133,8.216867,10.698822,9.897376,10.879394,10.611418,6.546933,6.871754,7.168809,8.903417,9.374718,9.875178,8.729192,8.535716,10.991119,10.695351,9.518474,7.958508,6.871776,7.648885,7.101160,9.392722,9.100896,8.470702,8.187211,7.901783,9.626283,8.505809,9.077474,8.121075,7.127576,5.237631,6.849354,8.813139,9.289338,8.575221,6.778439,7.875068,7.815754,6.218979,7.816565,8.509732,8.259538,6.362840,6.190984,5.366009,6.400964,5.000051,3.045104,4.945940,5.963377,5.858219,6.433385,7.889902,6.419920,5.687375,4.798556,1.256855,2.196982,1.657243,2.694556,2.142071,2.818173,2.195898,3.941087,5.755925,6.470171,5.577070
25,Willow,0.514068,0.514068,0.514068,0.514068,0.514068,0.514068,0.514068,0.514068,0.514068,0.514068,0.514068,0.514068,0.733904,0.930991,4.035335,2.519449,4.483235,4.911879,4.429856,6.831088,6.714015,0.733904,5.637934,4.608684,2.812664,1.352862,5.451565,3.510273,3.917438,6.812441,10.627196,10.006692,6.219868,8.561298,7.110479,5.592163,5.265358,6.382016,7.712540,9.063546,6.594834,8.384779,10.648251,10.077281,8.368827,9.161722,6.676981,6.201792,5.830648,8.007442,9.080708,8.012031,8.702497,8.388724,9.651209,10.520380,8.779782,9.478936,5.958829,6.421412,6.950886,9.135423,9.244481,7.772092,8.483579,8.121661,9.511967,10.325832,9.798428,8.109281,8.154609,5.450771,7.078509,8.785088,9.337247,7.912967,6.223499,8.074623,8.147155,6.378449,7.712654,8.258063,8.517615,6.512883,5.906285,5.688888,6.344519,5.486957,3.268319,4.349911,5.904537,5.516112,6.583634,7.564456,6.276003,6.108601,3.947982,2.136481,1.361590,1.632568,2.548034,0.000000,1.539940,0.000000,4.086339,5.213941,6.402258,5.442014
26,Willow,0.416661,0.416661,0.416661,0.416661,0.416661,0.416661,0.416661,0.416661,0.416661,0.416661,0.416661,0.416661,0.477959,0.477959,0.477959,1.254471,0.477959,0.477959,5.563385,7.137458,9.512407,7.659843,4.180980,0.477959,3.403755,5.001086,9.562966,6.642642,6.006527,6.692667,10.623661,10.072959,10.557799,10.454360,6.174933,5.079200,4.823470,5.104821,9.128453,9.543983,7.200972,8.211499,10.171373,10.259983,10.949811,10.591610,6.131958,5.203381,7.356641,7.311205,7.428848,9.784112,8.636102,7.756075,10.738134,10.893600,7.843338,9.273234,6.638729,7.631989,6.812083,8.887658,8.950962,7.699971,8.517542,7.852028,9.397440,11.487214,9.885902,8.282183,8.716434,5.331217,6.946783,8.875702,9.004013,8.635375,6.710603,8.284010,8.179818,6.427961,7.634401,8.227354,7.774104,6.772817,6.401242,5.362249,6.357584,5.216059,3.242882,4.353214,5.839345,5.740269,6.666284,7.930409,6.402370,6.206277,4.632921,2.221108,2.220222,1.558947,2.320000,2.528731,2.358483,0.000000,3.689724,5.336715,6.734523,4.873260
27,Willow,0.447084,0.447084,0.447084,0.447084,0.447084,0.447084,0.447084,0.447084,0.447084,0.447084,0.447084,0.447084,0.578519,0.578519,2.253125,2.547408,1.932201,6.210811,0.578519,0.578519,0.578519,4.415419,0.578519,0.578519,0.682874,5.794162,8.116417,4.009503,3.555985,6.718623,10.032083,8.021254,10.657234,10.036996,6.234682,4.363607,7.366156,6.411995,9.258375,6.047519,8.169865,8.222295,9.064891,9.133598,8.079844,10.678454,6.493902,7.453593,7.088090,5.951890,8.747852,5.677139,8.781831,8.598741,10.478672,10.790382,7.829056,9.631304,8.711123,7.333153,6.357366,9.417959,9.171917,8.378176,7.967459,8.144331,8.678761,10.698747,9.349988,8.036383,8.496838,5.462561,6.950459,8.866196,9.299321,8.683400,6.783590,8.303668,8.243748,6.243117,7.724686,8.413737,8.187076,6.491044,6.271651,5.454029,5.716164,5.142780,2.900257,4.929059,5.658356,5.500244,6.604825,7.769838,6.437965,5.957760,2.854280,2.254253,2.799976,1.164856,2.178320,2.185899,2.527224,0.000000,3.891161,5.006717,6.637933,5.400169
28,Willow,0.429935,0.429935,0.429935,0.429935,0.429935,0.429935,0.429935,0.429935,0.429935,0.429935,0.429935,0.429935,0.609358,0.609358,0.609358,0.609358,3.979066,3.875202,3.659503,6.798909,9.528492,5.750136,4.674325,0.609358,4.404840,5.142570,7.963017,6.400946,4.744129,6.878852,6.200982,9.693086,10.849804,10.803950,6.783755,4.625548,5.740293,5.260771,7.466086,9.714186,8.309721,8.414229,10.157976,9.951095,10.928805,10.557336,6.339706,5.408150,7.174925,6.524455,8.812608,9.995603,8.061085,8.302719,10.848432,11.308758,8.417206,8.288280,5.753516,5.551101,6.798985,9.455856,9.257610,7.798806,8.455659,8.179646,8.370914,11.090117,9.581356,8.244850,8.680158,5.159730,7.038035,8.832558,8.999866,8.618419,6.153193,8.251392,7.995337,6.627954,7.648618,8.556727,8.366669,6.743855,5.377049,5.413306,5.668245,5.265842,2.903214,4.693702,5.613570,5.628253,6.667556,7.598542,6.419624,5.323777,4.745720,2.242199,2.349754,0.000000,2.640938,2.490315,2.679239,0.000000,3.917385,4.983087,6.705964,5.149092
29,Willow,0.500525,0.500525,0.500525,0.500525,0.500525,0.500525,0.500525,0.500525,0.500525,0.500525,0.500525,0.500525,1.138861,0.596775,1.950726,2.368942,0.596775,0.596775,5.574920,7.836724,0.596775,0.596775,3.789467,0.596775,4.678752,5.851587,7.972686,8.729362,4.929213,5.414485,10.350081,9.997661,10.686032,10.439003,6.539648,5.267475,6.811985,6.256501,11.191576,9.394013,6.659850,7.530996,10.349654,9.859171,10.909769,10.483699,6.274159,5.832207,6.663584,6.979806,9.253338,9.520274,8.523634,6.255219,10.201545,10.746154,8.705054,9.482133,6.513091,6.625394,6.782593,9.044493,9.244658,8.025863,8.404794,7.867846,9.575298,11.516703,9.711124,8.149720,8.462047,6.354893,7.196050,8.771882,9.053794,8.461956,6.734618,7.996523,7.683405,5.432372,7.719474,8.368859,8.518686,6.942276,5.891383,4.902121,6.449453,3.624847,3.408104,2.510716,5.879144,5.399007,6.400895,7.966725,6.396596,5.967170,4.459686,2.344516,2.179560,1.873025,2.772665,2.600755,2.746364,0.501845,3.851148,5.586050,6.744289,5.333288
30,Willow,0.506791,0.506791,0.506791,0.506791,0.506791,0.506791,0.506791,0.506791,0.506791,0.506791,0.506791,0.506791,0.597006,0.597006,3.172822,3.449695,1.932153,5.869776,0.597006,1.029769,0.597006,10.415732,5.880345,4.776433,3.569928,6.193143,9.064781,6.965947,6.360747,6.818787,10.443435,3.873998,10.723659,10.416587,7.019575,4.803874,5.810815,6.392034,10.732912,8.628327,7.589611,8.319484,8.609021,10.150355,9.407005,7.880135,5.552706,7.316627,7.560862,6.815174,9.036332,8.246136,8.644418,8.622100,10.709100,10.918081,7.181215,7.600625,6.105166,7.687140,6.610784,8.690606,9.350379,8.455226,8.446314,7.905839,9.013245,11.515858,11.437295,7.898910,8.525214,5.921075,6.864134,8.925951,9.313111,8.692731,6.578913,7.944939,8.234171,6.394536,7.680416,8.396864,8.214540,6.599868,6.232059,5.226680,6.265090,4.961073,2.370507,4.947049,4.196947,5.676841,6.516204,7.573406,5.998496,6.008384,3.450948,2.234026,2.657801,1.604251,0.780545,0.000000,2.561413,0.000000,1.806442,5.337433,6.691039,5.120487
31,Willow,0.468483,0.468483,0.468483,0.468483,0.468483,0.468483,0.468483,0.468483,0.468483,0.468483,0.468483,0.468483,3.113171,0.685796,5.067143,3.334404,3.696308,7.600618,7.984883,6.908376,0.685796,8.282952,5.637904,5.724239,4.757718,5.936067,5.803198,8.151779,3.780657,7.802839,9.470087,7.992265,4.940062,8.053140,5.667545,4.990920,5.163639,6.293471,10.200266,9.310666,6.374645,7.278983,10.573872,10.715389,9.591346,6.964389,6.335587,5.325437,7.327150,8.617298,9.218935,9.868185,8.692314,8.464971,10.909067,11.033960,8.551953,8.216169,6.583792,7.189846,6.776047,9.486021,8.839886,7.764331,8.285357,7.739727,9.807477,11.245051,9.560560,8.481394,7.583502,6.247817,6.628054,8.243848,9.119446,8.538322,6.646061,7.908238,8.101499,6.468726,7.704903,8.339026,8.265814,6.707246,5.845773,5.345999,6.224035,5.282468,4.699389,4.839389,5.969170,4.966818,6.503798,7.570540,6.290323,6.157084,4.726679,1.283237,1.318470,0.000000,2.772551,1.857752,2.617110,0.000000,3.933725,5.080902,6.361162,5.357661
32,Willow,0.403083,0.403083,0.403083,0.403083,0.403083,0.403083,0.403083,0.403083,0.403083,0.403083,0.403083,0.403083,0.482883,0.482883,0.482883,0.482883,3.716711,4.290249,8.415205,9.455522,6.994220,5.791744,5.934373,5.758872,0.587272,1.393072,5.789766,7.934164,3.849179,7.231514,10.240232,9.868618,10.722252,8.033030,5.810847,5.518382,7.065492,6.098049,9.574046,7.872886,5.943752,8.446501,9.969389,10.090109,10.598018,6.965362,5.634902,6.417947,7.412321,6.894980,9.380792,6.340763,7.093708,8.208808,10.996158,10.912841,7.704294,8.719374,4.341605,7.448245,6.645854,8.965266,9.251952,7.937391,8.121445,8.250102,9.568144,11.430930,9.632829,8.081793,8.483097,6.166910,6.743266,8.795944,9.058589,8.718231,6.682705,8.374676,8.147444,6.381155,6.832018,8.450846,7.152664,6.971718,6.384000,4.725145,6.460787,5.512407,3.370954,4.876538,5.858923,5.915853,6.326854,6.362486,6.356607,6.057927,1.700860,2.168446,1.399192,0.000000,0.000000,0.000000,0.000000,0.586362,3.864043,5.078212,6.652769,5.396276
33,Willow,0.363600,0.363600,0.363600,0.363600,0.363600,0.363600,0.363600,0.363600,0.363600,0.363600,0.363600,0.363600,0.398375,0.398375,0.398375,0.398375,0.398375,0.398375,7.961120,0.398375,1.250942,7.977685,6.534189,4.036935,3.438999,0.588079,5.757522,9.152164,0.588079,7.463988,10.652087,9.807362,10.817563,10.226678,7.028678,4.861420,5.449821,6.204800,8.522803,9.275644,6.116398,7.327312,10.172084,10.020117,10.955727,10.684242,5.373784,5.215766,6.108794,8.922315,9.429103,8.258297,8.519010,8.447895,10.666609,10.485482,7.723855,9.360705,8.622392,7.287997,6.900036,9.528677,9.237123,8.167887,8.226968,8.039219,9.521775,10.196719,9.840492,8.332834,8.341944,5.370662,7.017449,8.769717,8.589741,8.662840,6.726171,6.409076,7.801918,6.234321,7.690928,8.427810,8.253414,5.896421,6.387215,5.047443,6.376396,4.972478,3.054062,4.783329,5.851908,5.861674,3.227376,7.714532,6.152862,5.954164,3.434468,2.099340,2.416502,1.292430,2.680532,2.348127,2.745292,0.975844,4.912508,5.058768,6.633691,5.372820
34,Willow,0.424562,0.424562,0.424562,0.424562,0.424562,0.424562,0.424562,0.424562,0.424562,0.424562,0.424562,0.424562,3.416072,2.810193,0.625660,0.625660,0.625660,4.865214,0.625660,0.625660,10.016232,4.440896,5.020442,5.517038,3.210529,3.311251,4.895959,3.920730,4.200747,6.391425,9.778410,3.953908,10.927913,9.904685,3.713936,5.444621,5.392361,5.869371,8.763098,9.275503,6.135113,7.647324,9.640683,9.905527,10.939260,10.273223,6.401939,7.244664,7.217573,6.063758,9.309512,8.904806,8.778290,8.535026,8.923130,10.781284,9.780861,9.214583,6.019433,7.332502,6.643425,9.398793,9.037024,8.187127,8.509129,8.011383,9.615320,11.136914,9.800671,8.090176,8.577280,6.522560,6.718167,8.381465,9.314617,8.624000,6.493163,8.157478,8.062740,6.339890,7.632514,8.468304,8.537524,6.805437,6.287588,5.463797,6.493982,4.824894,3.244098,4.967381,5.901485,5.871608,6.635907,7.546541,6.294771,5.892853,4.735928,2.078940,2.594363,0.374702,1.848287,1.754558,2.566573,0.000000,2.819190,5.267438,6.573750,5.242303
35,Willow,0.434216,0.434216,0.434216,0.434216,0.434216,0.434216,0.434216,0.434216,0.434216,0.434216,0.434216,0.434216,2.485190,0.603986,5.044043,3.454324,0.603986,2.864878,8.351354,8.279591,8.335731,4.122276,3.837775,5.085643,5.375130,4.747433,5.710326,2.852186,2.463579,6.565555,7.851359,9.816274,10.849607,10.484762,6.575997,5.384059,6.877360,6.159928,9.131477,8.991424,7.051566,7.959653,10.152553,9.981479,8.546082,7.926515,5.844902,5.634977,7.428795,6.119803,9.295004,9.999869,8.693316,8.513691,10.347479,11.128794,9.479827,6.996870,5.797863,7.754331,6.846041,8.693709,9.226580,7.875611,8.434512,7.523535,9.269728,11.229539,9.619308,8.135419,8.571663,5.260952,7.026106,8.780936,9.414409,7.495784,6.292037,8.318134,8.250907,6.306574,7.891547,8.478754,8.567685,6.385571,6.418049,5.509604,5.967063,5.313136,1.325760,4.231492,5.800494,5.841296,6.973116,7.301754,6.417964,6.188310,4.677966,2.224709,2.060893,1.288101,0.000000,1.596297,2.011237,3.274222,3.686779,5.219794,6.672196,5.495374
36,Willow,0.473740,0.473740,0.473740,0.473740,0.473740,0.473740,0.473740,0.473740,0.473740,0.473740,0.473740,0.473740,0.588712,0.588712,0.588712,3.344405,4.217640,4.061975,6.985750,9.519779,0.588712,0.588712,4.995326,5.228377,3.054330,3.070468,9.926421,5.979605,5.560918,7.422680,9.567962,9.400332,10.847078,10.459604,5.241207,5.292958,6.449825,3.799269,10.838786,9.239731,6.579432,8.470810,10.169744,10.109712,7.623944,9.551830,6.527245,7.073389,6.871428,8.376000,9.419082,9.604314,8.737330,8.686090,10.679246,11.006967,8.829267,8.879627,5.853838,6.638147,7.008972,9.088843,8.991264,8.346184,8.443147,8.127913,9.668776,11.478654,8.981400,8.297412,8.701386,5.374927,7.043883,8.809432,9.264993,8.648075,6.578880,8.256863,7.686867,6.344380,7.386668,7.920055,8.482625,6.158338,6.318449,5.395033,6.370455,4.699094,2.699625,4.521377,5.757070,5.662877,6.722334,7.770940,6.459474,5.935162,4.104317,2.013808,1.863707,1.617745,2.451602,1.523355,1.609765,0.000000,4.009845,5.136298,6.580055,5.389104
37,Willow,0.525653,0.525653,0.525653,0.525653,0.525653,0.525653,0.525653,0.525653,0.525653,0.525653,0.525653,0.525653,0.788092,0.788092,5.084968,0.788092,0.788092,0.788092,0.788092,0.788092,3.195500,4.533842,5.774803,0.788092,1.844168,0.659990,9.500118,5.177109,3.647837,4.373799,9.699893,6.122286,10.624621,10.780273,6.408136,3.602008,5.137663,6.238807,11.013741,9.932826,6.264907,8.419035,9.908986,10.387967,10.981544,10.696785,6.327024,5.280884,7.400325,6.238029,9.299815,8.682104,6.344286,7.838429,10.496045,10.935519,9.612947,9.471897,5.822729,7.291890,6.386251,9.067795,9.248415,7.743100,5.758853,7.970085,9.650190,11.401834,9.784557,8.114420,7.855525,5.821245,6.878658,8.420956,8.938245,8.633471,6.704822,8.258096,8.192676,6.458368,7.810311,8.393126,8.557570,6.763844,6.167797,5.261146,6.458992,5.097501,3.394299,3.483767,5.354401,5.775208,6.671456,7.670625,6.006566,6.239514,4.675817,2.145082,1.995829,1.196721,2.737678,2.627521,2.674170,1.648698,3.818801,5.290598,6.614757,4.950685
38,Willow,0.348236,0.348236,0.348236,0.348236,0.348236,0.348236,0.348236,0.348236,0.348236,0.348236,0.348236,0.348236,3.037239,0.380155,0.380155,0.380155,0.964198,0.380155,0.380155,8.390625,4.725253,8.216396,0.380155,5.360198,3.023420,4.598575,3.451683,5.188622,1.409043,5.657093,10.273974,9.773585,10.080907,7.480651,5.072656,4.854785,5.352865,6.140315,7.558318,7.464490,8.020334,8.232383,10.267457,9.880535,10.319428,10.365675,5.922187,5.207261,6.537532,6.192042,9.477430,8.692157,8.451092,8.424404,10.874033,11.086483,7.722362,9.348129,5.975535,7.450490,7.344382,9.196352,9.290937,8.323979,8.467292,8.221274,9.626832,11.516313,9.650549,8.156416,8.640285,5.260171,7.041661,8.514904,7.793267,8.525018,6.273690,8.311523,8.058254,6.219848,7.886269,8.416243,6.894964,6.890755,6.191219,5.231314,6.409097,5.372444,3.298285,4.776987,5.881105,5.856419,6.457657,7.771249,6.515035,6.180333,3.828345,2.137724,0.000000,0.000000,1.699201,2.326452,2.562217,0.000000,3.731173,5.238466,6.699115,5.471270
39,Willow,0.497654,0.497654,0.497654,0.497654,0.497654,0.497654,0.497654,0.497654,0.497654,0.497654,0.497654,0.497654,1.686927,0.639508,0.639508,0.639508,1.329842,0.639508,10.125514,0.639508,1.931183,10.465683,5.894362,5.454078,4.447087,4.233206,10.831813,2.696162,3.240371,6.961446,9.814194,7.328173,8.461872,10.336185,6.677938,4.939265,5.544800,6.234621,11.015674,9.260900,7.435881,8.110001,7.826195,8.178481,8.194563,9.711722,6.118982,5.403516,7.347893,7.858622,9.296435,9.438484,8.668429,8.659252,10.902222,11.268979,9.642712,9.607463,7.924211,6.629097,7.032068,9.362063,9.160785,7.746204,8.651687,7.890975,9.639992,11.224072,9.817237,8.281045,8.580024,5.431419,6.792000,8.854148,9.301737,8.572985,6.747630,7.437032,8.074944,6.336784,7.754406,7.489417,8.443398,6.353887,6.339345,5.424192,6.477035,5.428169,3.681859,4.225672,5.960418,5.409171,6.416479,7.610786,6.596648,5.994271,4.825072,2.103778,1.729368,1.309467,2.754765,2.669368,0.000000,0.000000,3.895221,5.274259,6.461759,4.665471
40,Willow,0.343212,0.343212,0.343212,0.343212,0.343212,0.343212,0.343212,0.343212,0.343212,0.343212,0.343212,0.343212,3.430597,0.400967,0.400967,0.400967,0.400967,2.566363,4.414704,8.042990,4.057643,8.893184,6.779601,4.621034,4.663785,4.040452,1.679239,4.521132,0.576771,2.453231,7.870502,9.922419,10.969221,10.826251,7.058355,4.643490,5.579797,6.773258,9.668301,9.835187,6.444582,8.390582,10.133705,9.936371,7.981166,7.356391,5.902875,5.801789,6.974641,6.003295,9.476224,9.852574,8.364998,7.504018,10.910653,10.950261,8.126771,7.986163,7.889769,7.487678,7.012337,9.116404,9.110530,7.780111,8.254715,7.896248,9.635017,11.386493,9.181858,8.267211,8.799115,6.805923,6.871059,8.783715,8.276570,8.495435,4.051938,8.181381,7.726915,7.052520,7.853848,8.048191,6.676436,6.048172,5.387869,4.708959,6.267582,4.676085,2.908305,4.928965,5.737816,5.562154,6.393022,7.720822,6.268286,5.728508,4.852739,2.180615,0.000000,1.396738,1.950276,2.680025,2.665764,0.000000,3.808616,4.162327,6.750196,5.296325
41,Willow,0.408042,0.408042,0.408042,0.408042,0.494359,0.408042,0.408042,0.408042,0.408042,0.408042,0.408042,0.408042,0.568138,1.867642,0.568138,0.568138,0.568138,6.662479,5.133178,7.021319,0.568138,0.568138,0.568138,0.610476,0.683318,0.683318,6.523356,7.664092,3.618564,6.960812,9.255026,10.039025,6.260584,5.428674,6.751861,4.116424,7.023405,5.999942,10.633864,9.272621,6.472366,7.835126,9.435165,10.772647,8.656245,10.641951,5.459238,6.730877,6.423108,9.041980,9.447077,10.014095,8.712304,8.443572,10.585940,10.892711,9.577421,9.476901,6.284383,7.654231,6.971125,9.259916,9.039525,8.032852,8.320898,8.242802,9.501586,11.468512,9.849814,6.833518,8.786828,5.505971,6.885919,8.790304,9.230735,8.076813,6.718317,6.398975,8.031510,5.966459,7.374818,8.385437,6.882461,6.361318,6.343828,4.255689,6.575030,5.633014,3.321817,4.657023,5.815770,4.262478,6.692491,7.810961,6.012992,5.878311,4.570075,1.449368,0.000000,1.626677,1.974634,1.426063,2.427447,0.000000,2.948964,5.064996,4.078334,5.523344
42,Willow,0.347166,0.347166,0.347166,0.347166,0.347166,0.347166,0.347166,0.347166,0.347166,0.347166,0.347166,0.347166,3.810028,0.376013,4.892059,0.376013,0.376013,0.376013,7.462299,0.376013,0.376013,2.571549,3.207474,5.706349,3.425785,5.623488,8.287609,6.410802,6.007468,7.378554,10.758344,10.198193,10.627532,6.845358,6.394341,5.205878,6.016703,6.271778,8.311960,8.420328,8.568731,8.410930,9.821288,9.880504,10.828351,9.823552,6.310389,5.330495,7.374254,5.729105,7.527267,7.513248,8.294133,8.582647,10.422818,10.924293,7.758143,9.581648,7.283463,5.544873,6.834489,6.655180,8.856916,8.293014,8.440758,7.504395,8.908563,11.467009,9.883856,8.127358,8.820269,5.318907,7.107973,7.122746,9.319627,8.640129,6.281637,8.279785,8.115449,6.372621,7.777926,8.569200,8.310571,6.917000,6.167474,5.474671,6.394483,5.051709,3.109101,4.805943,5.895334,5.648324,6.621768,7.050724,6.307055,6.122129,4.585761,2.255840,2.395300,1.020703,0.933676,1.887690,1.843429,3.790511,1.486317,5.275150,5.722389,4.979490
43,Willow,0.480117,0.480117,0.480117,0.480117,0.480117,0.480117,0.480117,0.480117,0.480117,0.480117,0.480117,0.480117,5.925478,0.507892,0.507892,0.507892,2.593782,3.847840,0.507892,0.507892,5.606108,0.507892,0.507892,5.596240,3.842409,3.317817,5.527992,2.700043,5.803607,6.948732,5.332601,9.104750,10.057270,7.646689,6.604230,4.415658,5.456214,5.672573,6.734718,9.275646,6.464866,8.409371,10.263886,9.836794,9.181683,9.458794,5.123656,6.622252,7.323205,6.859731,8.796205,9.842145,8.058002,8.447750,10.053531,11.483416,9.521924,9.352748,8.002863,7.546717,6.822929,9.128351,8.537855,8.047194,8.349170,8.080565,9.492811,11.467855,9.707664,8.267335,8.708706,6.665259,6.908834,8.793449,9.153909,8.679706,6.750990,8.254573,8.055001,6.313376,7.686381,8.200774,8.358480,6.795585,6.195080,5.429219,6.296376,4.435610,3.042063,4.492457,5.146751,5.883451,6.646574,7.651340,6.047600,6.160203,4.271557,2.328014,2.739638,1.661222,2.591444,1.253493,2.025487,0.000000,2.690879,5.277361,5.622355,5.337670
44,Willow,0.372892,0.372892,0.372892,0.372892,0.372892,0.372892,0.372892,0.372892,0.372892,0.372892,0.372892,0.372892,0.403201,0.403201,1.476891,0.403201,0.403201,0.403201,0.403201,6.309072,6.496977,4.398210,0.403201,0.403201,0.506456,0.506456,6.959580,0.506456,5.001542,7.507219,2.783266,5.984510,9.699658,9.918089,6.677079,0.506456,5.374328,6.152086,6.588529,6.996561,6.497530,8.296004,8.177794,9.934858,10.995499,10.653593,6.406248,5.296673,6.709254,6.040344,8.598979,7.765717,8.252886,8.152257,9.247501,10.805087,9.689066,8.422468,7.869777,7.463795,6.999028,9.131453,9.222197,8.401005,7.920465,7.954670,9.584284,11.444372,9.876830,8.012716,8.461863,5.910651,7.072941,8.592365,9.260446,8.555684,6.799078,8.177629,8.263299,6.314515,7.554857,8.187935,8.463413,6.805227,6.266393,5.077930,6.524836,4.958905,3.492853,4.596642,5.956049,5.755933,6.596694,7.823771,6.579552,6.093729,4.703720,2.331196,2.398408,0.000000,0.000000,1.867146,1.530433,0.000000,4.425822,5.012524,6.584180,5.529030
45,Willow,0.396525,0.396525,0.396525,0.396525,0.396525,0.396525,0.396525,0.396525,0.396525,0.396525,0.396525,0.396525,0.531207,1.426122,1.016683,2.976319,0.531207,0.531207,6.167559,7.300458,9.710514,10.078667,6.463335,0.531207,4.371583,0.574558,10.381212,3.412780,5.763717,6.950152,9.883218,10.212535,9.795634,10.099281,6.844234,5.568086,4.168415,6.394483,10.422592,9.199794,6.053834,8.018104,10.167987,9.730233,10.979548,9.927691,6.486631,6.184838,7.389535,8.625664,8.967809,9.499764,8.492822,8.244706,10.992286,11.020000,7.715948,9.244489,5.771705,5.571782,6.745734,8.778518,9.122862,7.679681,8.368407,7.907363,11.205389,11.505930,9.680778,8.070919,8.800741,5.847136,7.076987,8.740778,9.310255,8.601233,5.528467,8.277024,7.959643,5.140810,7.753994,8.450781,8.224505,6.671180,6.066150,5.434757,6.248377,4.399150,0.000000,4.948819,5.736468,5.641566,6.693439,7.732285,6.330598,5.827349,4.819891,1.445227,0.000000,1.344170,1.194376,2.378055,2.730528,0.000000,3.904052,5.197254,6.529277,5.382552
46,Willow,0.507719,0.507719,0.507719,0.507719,0.507719,0.507719,0.507719,0.507719,0.507719,0.507719,0.507719,0.507719,3.925801,0.584037,0.584037,3.354650,0.584037,1.053504,0.719175,0.584037,0.584037,2.995020,0.584037,3.143349,4.044107,2.302171,5.443152,8.091378,3.723767,7.015561,9.175405,9.300187,10.959229,10.638536,6.901629,5.464006,6.641589,6.272647,10.551860,8.573375,5.655343,8.204055,10.156782,10.391885,11.040986,10.421590,6.460557,7.075432,7.155656,7.695600,9.226237,6.940682,8.124816,8.313141,10.783474,10.787579,7.813667,8.607263,5.669855,7.057625,6.958142,9.414574,9.312415,8.471050,8.314088,7.827629,9.632786,11.213003,7.518384,8.203142,8.296342,6.191974,6.438940,8.471434,9.378003,8.564428,6.711629,7.929540,8.155121,6.372471,7.823111,8.525114,8.467320,6.757078,6.249915,5.309054,6.447940,5.173874,3.357921,4.792030,5.787738,5.781774,6.519660,7.715088,5.961413,6.088868,4.161886,0.650440,1.213317,0.535837,1.795056,2.752452,1.629704,0.000000,2.841605,5.209311,6.420844,5.259636
47,Willow,0.451268,0.451268,0.451268,0.451268,0.451268,0.451268,0.451268,0.451268,0.451268,0.566995,0.451268,0.451268,0.563575,0.563575,0.563575,0.563575,0.661589,0.563575,6.494101,4.304090,0.563575,0.563575,0.563575,0.563575,4.020300,0.734169,10.771741,9.099712,2.341336,6.062111,9.599335,9.843987,10.762279,10.411217,6.785325,3.465110,7.025635,1.211429,10.315167,9.310113,8.174728,8.339849,10.266144,10.130592,10.538686,10.671867,6.589403,5.235506,7.044691,8.413217,9.292944,9.810122,7.706946,7.381915,10.914788,10.847994,7.871944,9.581635,8.537436,7.232365,7.021807,9.414562,9.156999,8.408513,7.556949,7.571746,9.294204,11.447541,8.962270,8.043571,8.541614,5.218862,6.394518,8.158211,8.781049,8.527127,6.826342,7.856244,8.188948,6.222538,7.742005,8.456565,8.183953,6.815117,6.110374,5.274443,6.514232,5.214797,4.409889,4.860013,5.387473,5.808989,6.708032,7.060647,6.444838,5.612579,4.810829,0.702153,2.914485,0.347688,0.424643,1.768028,1.111188,0.000000,2.617773,5.295740,6.435130,5.348087
48,Willow,0.495407,0.495407,0.495407,0.495407,0.495407,0.495407,0.495407,0.495407,0.495407,0.495407,0.495407,0.495407,0.681314,0.681314,0.681314,0.681314,0.681314,0.681314,3.863409,0.681314,0.681314,0.681314,0.681314,0.820889,2.624821,5.460630,6.444562,0.000000,0.000000,3.701439,4.779671,4.719920,7.554006,9.721205,5.809916,5.301190,5.850285,6.428050,10.903510,9.357017,6.383124,7.763128,10.322612,8.975290,10.119515,10.709140,6.363020,5.378561,7.496989,8.013186,9.393097,9.851356,7.217996,7.803886,10.745728,10.728873,8.196909,9.410449,6.691567,5.238060,6.815549,8.549088,9.056260,8.038773,8.237549,7.866696,9.621325,10.980060,9.870200,6.885153,8.598034,5.512134,6.962206,8.818444,9.378884,8.602903,6.683064,8.216735,8.152021,6.290880,7.699206,8.323899,8.534756,6.255999,6.369858,5.257121,6.059601,4.975283,3.205042,4.968459,5.962062,5.401754,6.689441,7.909816,6.422418,6.167853,4.747686,1.637815,1.718935,0.567753,2.740448,2.583431,0.000000,0.000000,3.674563,4.965399,6.109638,5.302435
49,Willow,0.349715,0.349715,0.349715,0.349715,0.349715,0.349715,0.349715,0.349715,0.349715,0.349715,0.349715,0.349715,0.475570,0.475570,0.475570,0.475570,4.020490,6.769692,6.554438,4.024477,0.475570,0.475570,0.475570,0.475570,0.789397,5.349649,5.659849,7.263615,3.627542,6.740693,10.497951,8.094141,10.226143,0.000000,0.000000,0.420691,2.542803,5.525682,10.786438,7.487315,6.867959,8.239896,10.280509,9.219361,10.879799,8.995013,2.714121,1.022836,5.306690,7.961572,9.112759,7.924458,8.433649,8.379169,9.020140,11.337823,9.391843,9.222528,7.064524,4.716353,6.780295,9.355504,9.092154,8.036805,8.576784,7.980737,9.481538,11.448795,9.893434,7.854333,8.108099,4.969254,6.947295,8.814628,8.681381,8.701478,6.189134,8.382344,8.073011,6.219465,7.664110,8.323305,7.927235,6.776773,6.299548,5.367403,6.471945,5.295167,3.198073,4.693792,5.923234,5.408828,6.698065,7.834455,5.928078,5.884052,4.615725,1.915006,2.266956,1.637661,1.226305,0.000000,0.000000,0.000000,3.187421,5.102368,6.466580,5.415278
50,Willow,0.362839,0.362839,0.362839,0.362839,0.362839,0.362839,0.362839,0.362839,0.362839,0.362839,0.362839,0.362839,3.217761,0.411849,0.411849,0.411849,0.411849,0.411849,6.187815,6.867693,0.887186,0.411849,0.411849,4.650452,3.691048,0.554715,0.554715,5.918681,0.554715,2.093560,10.715918,9.944075,8.408139,5.397224,6.664830,5.555031,5.610219,4.001115,3.093056,9.725895,6.240074,8.498194,10.280667,9.897563,8.022119,6.680996,6.577916,7.377512,7.101729,9.115646,8.994448,9.728597,8.662034,8.314707,10.866973,10.740994,8.881255,7.841109,7.935634,7.362914,7.033937,9.384871,9.204549,7.826642,8.304742,7.855598,9.493226,11.504698,9.564617,8.230370,8.363984,4.874253,6.886751,7.424773,7.332995,7.597123,6.516157,8.158933,8.177475,6.274574,7.850975,8.538425,8.289825,6.675458,6.360427,5.235980,6.528828,4.722105,3.386435,3.900275,5.821986,4.949273,5.691746,6.338288,6.355838,5.944478,4.743873,1.916406,2.563525,1.642884,2.759622,2.787437,2.667975,0.000000,3.575065,5.259657,5.524830,4.750032
