1,Willow,0.334801,0.334801,0.334801,0.334801,0.334801,0.334801,0.334801,0.334801,0.334801,0.334801,0.334801,0.334801,0.383297,0.383297,0.383297,0.498138,0.383297,7.680030,4.182003,7.203175,3.342462,6.611382,5.779583,3.486726,0.331956,0.331956,8.657985,8.146979,0.331956,5.860405,7.179064,10.166100,10.078880,10.724913,6.735077,2.119642,7.370345,6.296616,10.225586,8.744689,7.585353,6.634766,6.690773,9.792459,10.996967,10.567588,6.733891,5.364913,7.558101,5.932172,9.333685,9.644638,6.996981,8.716431,8.383565,10.615991,7.629401,8.985804,8.805200,7.613846,6.745673,7.522504,9.130531,7.841969,8.297567,7.860098,9.516035,11.363908,9.666181,7.827517,8.613493,5.980996,7.023989,7.547406,7.580061,7.776825,6.738549,8.086761,8.005159,6.193374,6.998560,8.420449,7.923960,5.969718,6.063840,4.116049,6.291601,5.307001,4.727343,4.831802,3.940547,5.746013,6.748616,7.533729,5.774431,6.155440,3.968381,3.572442,2.678946,1.277389,2.559161,0.000000,2.782568,0.000000,0.000000,0.000000,0.000000,5.038278
2,Willow,0.332144,0.332144,0.332144,0.332144,0.332144,0.332144,0.332144,0.332144,0.332144,0.332144,0.332144,0.332144,0.475684,0.475684,0.475684,3.457092,4.026453,2.610336,0.475684,4.562591,9.073417,8.213313,1.063012,5.136259,5.327203,5.919258,3.364682,7.989088,4.795063,3.445489,5.986484,9.143127,10.830265,9.065656,6.712993,5.257223,5.647980,6.307033,7.189297,7.474531,8.386333,8.148686,10.187374,9.876676,9.676924,10.396395,6.206257,7.215412,7.263237,5.776332,9.293647,8.643794,8.472994,8.159623,10.851468,10.816323,8.504266,9.505112,7.509162,7.632540,6.215414,9.450496,9.157154,8.524385,7.777698,7.808136,9.610410,9.751192,9.317058,8.221566,8.711942,5.166302,7.073998,8.229071,9.342347,8.513879,6.680768,7.759053,7.217403,6.315566,7.900618,8.435140,8.383176,6.769439,5.996758,5.391227,5.956346,5.244045,3.268171,4.723792,4.978543,5.464249,6.233433,7.151743,5.196135,6.020449,4.372482,2.036953,1.325414,0.000000,1.788528,2.620174,0.000000,0.000000,3.814616,5.326390,4.159410,4.598176
3,Willow,0.348475,0.348475,0.348475,0.348475,0.348475,0.348475,0.348475,0.348475,0.348475,0.348475,0.348475,0.348475,3.659217,1.347623,0.510616,0.510616,0.510616,0.510616,7.292547,9.455238,0.510616,2.657106,5.689938,3.360017,2.956033,0.000000,10.194071,5.315047,5.783642,6.949968,10.577980,9.923393,10.150063,3.999010,5.212498,5.416886,5.262654,6.307358,10.719401,9.330284,5.588117,6.236126,10.364848,10.060678,9.552691,9.190944,6.283949,5.815688,7.209106,6.356055,9.222598,8.943473,7.206941,5.630962,10.887211,10.850439,7.745715,9.461277,5.988759,6.507795,6.983597,9.066690,9.245166,7.533926,7.666953,8.565118,9.675220,11.392753,9.745330,7.789951,8.725393,6.091856,6.895002,8.858421,8.593566,5.473639,6.611681,7.980485,8.174693,6.227610,7.699734,7.977147,8.226166,6.621860,5.556305,5.356610,6.426572,5.298701,3.373768,4.788666,5.811433,5.717390,6.160998,7.662747,6.424898,6.143703,3.428497,0.381309,2.637578,0.893763,1.849420,0.592117,0.000000,0.000000,3.785338,5.412184,5.256296,5.285008
4,Willow,0.423000,0.423000,0.423000,0.423000,0.423000,0.423000,0.423000,0.423000,0.423000,0.423000,0.423000,0.423000,0.609085,0.609085,0.609085,0.609085,0.609085,0.609085,0.609085,0.609085,9.078265,0.609085,0.609085,0.609085,3.562385,0.732781,10.695435,5.496380,0.732781,0.732781,8.712519,8.711609,8.742755,4.869387,6.729436,5.318360,5.617562,5.272967,10.949854,9.176812,6.267331,8.392468,10.120841,8.433981,4.702485,4.616328,6.197062,6.791093,7.523519,6.017193,8.993775,9.860721,8.561013,8.598585,10.905196,10.437385,6.491147,7.228628,8.507484,7.610282,6.364093,8.667865,9.173078,8.199022,8.410170,6.744977,9.584975,10.533448,8.219296,8.094573,8.613236,6.528000,5.358416,8.610196,9.257345,8.296427,6.700181,8.200018,8.224446,6.055271,7.390943,8.221771,8.408376,7.622300,6.364913,5.210204,6.213451,3.375317,3.343701,4.760408,5.889366,5.872314,6.661819,7.856497,6.332652,5.487672,4.919637,2.251332,1.956626,0.000000,2.740355,2.676955,2.503197,0.446489,2.975547,3.324080,6.109861,5.388447
5,Willow,0.328538,0.328538,0.328538,0.328538,0.328538,0.328538,0.328538,0.328538,0.328538,0.328538,0.328538,0.328538,0.356608,0.356608,0.356608,3.411362,0.356608,0.356608,3.574408,3.288263,1.045831,0.356608,0.356608,0.356608,0.382213,5.973980,6.489675,8.473768,3.757221,6.796440,9.134715,5.120602,3.934983,3.130335,0.382213,0.382213,7.098256,5.605534,6.134272,9.021156,6.521409,8.188457,10.825667,6.137033,5.673347,3.211858,6.455280,0.434499,7.288642,3.744925,3.718950,9.868310,8.757698,8.429760,10.838861,10.648832,9.141072,6.379567,8.292904,7.516680,6.835383,8.229633,7.526685,7.951059,8.516398,8.018407,9.567965,9.011207,9.526519,7.923032,8.601040,6.106865,5.591884,7.870560,7.155456,8.617949,7.275655,8.438490,7.853963,6.364946,7.781305,8.109904,7.405083,6.743678,3.976002,5.154674,6.574408,5.354125,3.309056,4.928930,6.068491,5.772862,6.702536,7.849781,6.503651,6.084146,4.645741,1.890925,2.776102,1.463892,2.642165,2.448703,2.387913,1.109209,3.819318,5.158472,6.749812,5.451355
6,Willow,0.379321,0.379321,0.379321,0.379321,0.379321,0.379321,0.379321,0.379321,0.379321,0.379321,0.379321,0.379321,0.453790,0.453790,5.502016,0.453790,0.453790,0.453790,0.453790,0.453790,0.453790,6.566861,0.453790,0.453790,3.005933,6.130048,5.861752,3.346527,0.613309,0.613309,7.731729,7.494381,10.614606,5.022174,0.613309,2.908593,5.543984,6.537127,8.780248,8.869631,8.578262,6.576620,9.967708,8.946840,9.725121,8.801788,6.459949,6.735442,7.167362,9.306009,9.380565,9.944985,8.601215,8.433393,10.866508,10.543689,7.931144,9.509232,6.032891,6.975338,6.827247,9.345556,9.335293,8.026147,8.515812,8.265669,8.893125,10.589294,9.843249,8.003524,8.272623,5.273209,7.058163,8.520008,9.205343,8.628686,6.720696,8.414466,8.012589,6.312196,7.615275,8.240385,8.364269,6.709260,5.973569,4.242363,6.501960,5.296593,3.349808,5.086445,5.855402,5.677033,5.853976,6.476163,6.182899,6.211854,4.144184,2.228091,0.549133,0.579700,2.427015,2.410344,1.662064,0.000000,1.144832,4.207898,5.072728,5.025227
7,Willow,0.433701,0.433701,0.433701,0.433701,0.433701,0.433701,0.433701,0.433701,0.433701,0.433701,0.433701,0.433701,0.689036,0.689036,3.423550,3.328856,1.735627,4.351526,5.435568,7.053033,9.416044,5.661960,5.691639,5.522994,4.073750,5.837132,7.075218,4.176663,6.035744,6.546287,9.306341,9.768495,10.032367,10.702937,7.030043,5.524327,5.201302,6.505183,9.081326,8.688412,6.503505,8.505990,10.107462,9.911134,9.744248,10.569477,6.393429,4.476519,4.937860,7.988097,9.365573,9.508778,8.629602,8.485275,10.935384,10.506606,9.055872,9.633170,7.158586,4.377218,5.306322,7.656857,9.205082,7.867640,8.194055,7.960173,8.408141,8.795792,9.829913,8.215288,8.394351,5.410096,6.897767,7.263052,9.372644,8.493711,6.722571,6.277560,7.591305,5.196226,7.862519,8.532159,8.208306,6.496811,6.053616,5.422571,6.442461,5.353418,3.186197,4.859229,5.873419,4.691527,3.399549,6.462489,6.352299,6.030349,4.759617,2.053687,2.814307,1.276561,1.912293,1.648391,1.818343,0.000000,0.000000,1.177340,0.452432,2.892017
8,Willow,0.445059,0.445059,0.445059,0.445059,0.445059,0.445059,0.445059,0.445059,0.445059,0.445059,0.445059,0.445059,3.642755,1.137812,0.594419,0.594419,0.594419,4.169918,5.779293,0.594419,0.594419,0.594419,0.753513,5.059778,4.348362,3.595049,8.835470,3.531126,6.255835,7.858157,6.080996,8.178345,8.736607,10.422672,5.348625,5.393508,5.560748,5.850657,9.793523,8.087277,6.364726,8.320083,9.416621,9.603982,7.486250,10.709605,5.389495,7.069830,7.361915,7.265205,9.446121,8.664509,7.199953,7.121857,7.714328,10.504218,9.179327,9.563566,6.020608,7.602990,6.997769,9.327809,8.567684,7.949188,8.176023,7.287441,9.551946,10.634398,9.759951,8.176257,8.384138,3.801839,6.839325,8.844819,8.868003,8.569926,7.021664,7.790837,7.328731,5.150770,7.590305,8.405442,8.412416,5.534543,5.885320,5.536335,6.456110,5.359721,3.084597,4.898408,4.716610,4.886064,5.500114,7.696431,6.412551,5.995753,4.790136,1.995361,2.625866,1.095303,2.354222,2.180448,2.584036,0.506972,3.580656,4.453361,6.465475,5.414895
9,Willow,0.307060,0.307060,0.307060,0.307060,0.307060,0.307060,0.307060,0.307060,0.307060,0.307060,0.307060,0.307060,0.354641,2.920747,0.354641,0.354641,3.241067,7.527329,7.722298,9.749718,3.243089,0.354641,0.354641,0.354641,0.526118,0.526118,0.526118,4.624857,3.747265,5.456352,8.419589,10.146085,3.200120,0.526118,3.373106,0.526118,1.585309,5.070959,7.906407,6.853981,7.390393,8.215056,9.812300,8.094683,6.581872,5.840578,5.646356,5.315919,6.773283,9.353920,9.357965,7.354123,8.474843,8.673600,10.803933,9.955901,7.338776,7.340560,5.649959,6.212476,6.712607,9.130784,9.254394,7.690345,8.398763,7.896950,8.772357,11.227412,9.163967,6.931798,5.333913,5.998648,6.905551,8.813822,9.313493,8.630393,6.688658,6.845496,6.360144,6.288659,7.707770,6.908273,6.338858,6.689260,6.379689,5.178712,6.361502,5.399697,3.998928,4.975834,5.906754,5.845729,6.679882,7.788526,6.641056,5.848168,4.724454,2.326061,2.743843,1.996896,2.588335,2.653061,2.718697,0.000000,3.953791,5.122143,6.669750,5.450548
10,Willow,0.412412,0.412412,0.412412,0.412412,0.412412,0.412412,0.412412,0.412412,0.412412,0.412412,0.412412,0.412412,0.626922,0.997476,5.498724,3.392616,3.432646,0.626922,0.626922,0.626922,6.001238,6.214994,5.398615,0.626922,0.661389,2.432029,6.635807,4.264576,3.588674,0.000000,0.000000,5.410838,6.086596,5.943758,4.242118,4.773001,5.510594,5.652036,10.946231,6.480255,6.529474,8.041287,7.777175,3.508424,4.549814,9.440969,5.258670,5.302527,7.101373,7.467219,9.424129,6.856452,5.476574,8.300160,7.945882,6.034431,9.498466,9.582800,8.080825,5.401039,6.920598,9.421820,9.297891,7.856970,6.962341,7.185500,9.399148,6.406885,9.780789,8.161189,8.261525,6.050874,7.525463,8.831290,9.313309,8.510855,5.877848,5.356547,6.925351,6.326083,7.806104,8.529138,8.247102,6.671254,6.260415,5.267064,5.975143,5.359655,3.350356,4.882333,5.952662,5.894185,6.759992,7.877717,6.126104,6.092960,3.712992,1.784633,1.745127,0.000000,0.000000,1.166129,2.367986,0.000000,3.848337,5.268932,6.596773,5.355193
11,Willow,0.333014,0.333014,0.333014,0.333014,0.333014,0.333014,0.333014,0.333014,0.333014,0.333014,0.333014,0.333014,3.337522,0.431267,4.439029,0.431267,0.431267,0.431267,0.431267,0.431267,2.788678,0.431267,4.798006,4.170496,4.356525,3.836751,4.564399,5.155571,0.785608,0.151901,6.026135,7.947639,4.952617,6.205168,5.029064,5.503798,5.439887,6.377320,10.977955,8.439245,4.252980,7.863822,10.672655,9.315882,7.301455,8.733584,6.495721,5.321208,7.415886,8.541935,9.437667,9.771161,6.855385,10.656566,10.976066,10.400013,8.442250,8.647792,5.967211,4.642800,6.928071,9.396544,9.295455,8.544859,8.308842,7.744085,9.505236,9.264167,9.849930,7.200527,7.159130,5.397936,7.050213,8.676579,9.174438,8.639565,6.750698,8.379716,7.709522,6.409820,7.510788,8.079217,6.972631,6.428183,6.184246,5.404377,6.442725,5.297534,3.300153,5.120159,5.918905,5.894348,6.315021,5.115823,5.474037,6.170701,4.710366,0.000000,0.000000,0.000000,0.000000,2.444263,2.591066,0.000000,3.923588,2.399539,4.688994,4.111842
12,Willow,0.379266,0.379266,0.379266,0.379266,0.379266,0.379266,0.379266,0.379266,0.379266,0.379266,0.379266,0.379266,0.388106,2.169630,5.080424,3.503663,4.215254,1.460903,0.388106,3.921616,4.764968,9.936023,6.673651,5.729673,2.983608,5.546882,9.362193,2.085990,3.908074,6.371869,7.982424,9.958378,10.868263,10.661569,6.490093,5.517829,5.413538,6.172942,9.898618,9.272835,6.807801,8.017310,9.432986,9.878781,10.984875,9.864964,6.198243,5.428131,7.270345,6.734919,9.287336,9.826180,8.709360,8.446821,10.693328,10.551601,8.873767,9.107930,5.669132,5.275660,6.898808,8.592266,8.032269,8.265121,8.424911,7.331565,9.466807,11.274353,9.490869,8.179092,8.666841,6.332586,7.110146,8.363690,7.616503,7.997785,6.688657,7.969577,5.972373,6.340858,7.871627,8.356197,8.074792,6.763001,6.183888,5.197610,6.011278,5.098368,0.848751,5.073848,5.673888,5.807332,6.580851,7.175383,6.175435,4.709849,3.096533,1.611559,2.442690,1.488831,0.000000,2.283770,1.403583,2.021908,3.625901,5.229169,5.161981,0.000000
13,Willow,0.374231,0.374231,0.374231,0.374231,0.374231,0.374231,0.374231,0.374231,0.374231,0.374231,0.374231,0.374231,3.307320,1.266270,0.510012,0.510012,3.281258,4.200017,0.510012,0.510012,0.510012,4.047799,2.700611,1.122113,4.437257,4.275326,5.600761,3.808397,4.079115,6.392970,7.699671,5.428455,9.292665,10.642321,6.569563,0.000000,4.044771,6.099297,6.502136,4.582354,6.457753,6.816248,10.341949,9.809978,10.855174,10.661259,6.598889,4.928457,7.471505,9.454676,9.442835,4.741851,6.935763,8.563978,10.604654,10.771261,8.060998,9.594641,3.783322,7.390290,6.887274,9.476110,9.197236,7.913203,6.821810,7.520934,8.296761,11.437667,9.889800,8.210420,7.644280,5.121390,7.042527,8.777143,9.136926,8.613325,6.735542,7.058799,5.745624,6.178936,5.555511,8.428172,5.862538,6.854695,6.341413,5.384938,6.384480,5.247574,3.323274,2.729484,5.916382,5.736705,6.602733,6.102928,6.052915,6.103668,4.621339,2.227571,2.821418,1.603074,2.667870,2.537165,2.606287,0.000000,3.914557,5.219112,6.637933,5.324334
14,Willow,0.328463,0.328463,0.328463,0.328463,0.328463,0.328463,0.328463,0.328463,0.328463,0.328463,0.328463,0.328463,0.344039,0.344039,4.047099,3.278496,0.344039,0.344039,0.344039,0.344039,0.344039,2.111772,6.720886,0.344039,4.463173,3.523090,5.137296,2.940433,4.283500,5.008571,0.389492,0.444685,0.389492,7.007022,6.999694,5.550472,7.231847,6.414122,5.223446,9.145583,6.001212,8.365501,9.254318,0.934874,4.692587,6.585282,5.790164,5.273747,7.385604,8.201823,9.044377,8.822600,8.629894,8.162128,10.821643,6.347208,6.281348,7.974009,6.288166,4.932958,7.046652,9.437646,9.279682,7.843644,8.338921,7.678057,9.463853,9.348411,7.399617,8.162185,8.794419,6.095644,6.701021,8.786852,8.527562,7.837740,6.674763,8.126065,8.083878,6.691724,7.899257,8.217670,8.427852,7.488889,6.318512,5.394093,6.431128,5.349916,3.353866,4.848390,5.947518,6.383131,6.627342,7.854828,6.252392,6.298175,4.705343,1.590038,2.517620,1.563638,2.403721,1.558267,1.146455,0.000000,1.260984,5.200702,6.644605,6.000088
15,Willow,0.334703,0.334703,0.334703,0.334703,0.334703,0.334703,0.334703,0.334703,0.334703,0.334703,0.334703,0.334703,0.469981,1.840843,4.696358,3.590433,2.915309,7.241157,9.067002,0.469981,0.469981,0.469981,0.469981,0.469981,4.582185,2.999519,9.587083,5.391486,3.925354,6.200758,9.362789,0.582059,10.269185,9.610867,0.582059,5.481477,5.638867,6.395931,9.374276,8.835946,8.135069,8.309516,10.826139,8.847014,9.926778,10.501668,2.288976,2.483782,6.158417,6.584269,9.454611,9.822031,8.723947,8.361808,10.682298,10.715992,7.735362,2.831239,5.083941,5.259169,6.915849,8.361411,9.091333,8.157534,8.492271,7.798324,9.594410,10.271674,9.606846,6.361729,7.100917,5.401506,6.739963,8.794813,9.296701,8.440762,6.701542,5.485010,8.062337,6.676365,7.873850,7.253260,7.906750,6.843454,5.717642,5.264219,6.337203,4.450929,3.294528,4.877790,5.949608,5.764840,5.783152,6.481614,6.420479,5.963293,4.789618,2.234212,2.152365,1.122017,2.592765,2.642282,2.103236,0.000000,3.807462,5.286435,5.429174,4.645298
16,Willow,0.365866,0.365866,0.365866,0.365866,0.365866,0.365866,0.365866,0.365866,0.365866,0.365866,0.365866,0.365866,0.607442,0.605893,0.605893,0.605893,0.605893,3.699347,7.346236,9.425300,9.139051,5.255335,3.007256,3.930670,3.626484,3.949886,5.349126,3.015651,0.000000,6.989833,9.944692,9.144165,9.155245,9.275636,5.319773,5.442176,5.441189,4.340557,5.592903,9.003072,6.086449,8.075721,10.104222,8.685016,9.254687,10.407703,5.436881,5.404747,7.052478,9.069560,9.251461,9.596510,8.756052,8.425927,10.849555,10.682084,8.196143,9.379241,8.168214,6.632704,6.904431,8.746328,9.128661,8.131785,8.505774,8.164041,9.644332,8.936604,9.641060,8.105953,8.640000,6.405069,7.017375,7.549479,9.229020,8.630198,6.817659,7.673134,8.136519,6.477494,7.247417,8.565209,8.247181,6.585703,5.358325,5.462471,6.419959,5.174292,2.831856,4.957154,5.801022,5.581082,5.096677,7.013709,1.113670,5.744615,1.766717,1.012392,0.000000,0.000000,0.000000,0.000000,0.000000,0.000000,0.000000,0.000000,0.794411,1.375304
17,Willow,0.306937,0.306937,0.306937,0.306937,0.306937,0.306937,0.306937,0.306937,0.306937,0.306937,0.306937,0.306937,2.143519,0.327779,0.327779,3.545445,2.779212,6.666720,6.631034,8.182422,4.908481,6.962235,5.728771,5.646764,4.339341,0.321410,4.352985,3.188150,6.025664,6.424227,10.336371,8.197397,9.594198,10.706641,6.953546,5.354326,7.022996,4.948273,4.264617,6.248096,6.376275,8.413418,10.333344,9.889220,10.617393,10.553735,6.418952,6.257693,7.302276,6.782787,8.954468,9.810242,8.606514,8.448542,9.731844,10.931946,9.207547,9.379991,5.874483,7.665045,6.878004,9.429420,8.348933,7.828297,8.257373,7.879159,9.592697,11.329567,9.889029,7.998272,6.409614,5.870743,6.693724,6.679071,7.808390,8.259671,6.753720,7.904437,8.200954,6.391881,7.725319,6.902730,8.474883,6.730424,4.962975,2.208203,5.607667,5.360384,3.876406,4.791341,5.435786,5.914805,5.641519,5.757146,6.206570,5.983729,4.208321,1.783826,1.586739,1.348210,2.613532,2.591339,2.702029,0.000000,3.586158,1.727631,4.493736,3.537883
18,Willow,0.306373,0.306373,0.306373,0.306373,0.306373,0.306373,0.306373,0.306373,0.306373,0.306373,0.306373,0.306373,0.375664,0.375664,5.335076,0.375664,3.969624,6.921184,2.077376,0.375664,6.723818,7.913604,6.416560,5.085764,3.783554,4.777016,9.611773,7.355898,4.130842,5.881234,4.377133,3.271759,6.354408,9.354840,6.877524,5.466493,5.319518,6.428108,10.747719,9.188888,5.708484,8.301734,7.381580,5.665133,4.083446,9.882007,5.922835,5.297747,7.336268,6.172249,9.489577,9.880143,8.542217,5.757119,7.522745,7.974317,7.444480,9.701563,6.147933,7.586227,6.872855,8.426719,8.768975,7.917414,8.513329,7.773103,9.658036,9.307625,9.765189,8.383988,8.776026,7.776945,7.023536,7.004950,9.417212,8.205197,6.537052,8.154172,7.851171,6.248767,7.710861,8.045174,8.429535,6.717859,5.075861,5.424164,5.021305,5.395700,2.941668,4.705272,5.700654,5.393583,6.234222,6.489406,6.285347,6.000209,0.000000,0.000000,0.000000,1.439558,0.000000,1.060316,2.772679,0.000000,3.397046,4.989320,4.384799,0.000000
19,Willow,0.373009,0.373009,0.373009,0.373009,0.373009,0.373009,0.373009,0.373009,0.373009,0.373009,0.373009,0.373009,0.507849,0.507849,2.177187,2.267836,3.875754,5.740018,5.974073,5.388525,0.507849,10.789208,0.507849,2.597733,1.891483,5.486542,4.899892,4.894633,4.426051,6.833338,7.468998,6.517601,10.961741,10.619121,5.774302,5.448434,5.545581,5.665823,8.852766,8.305907,6.505476,8.293492,10.098064,7.410327,8.983614,8.694815,5.932424,5.450060,7.268734,5.649090,9.347858,9.961055,8.759330,8.577728,10.934693,10.818565,8.663507,9.493748,5.654322,5.458548,6.924304,9.266961,9.330752,8.022281,8.528611,7.955660,9.643701,10.332473,9.816130,8.147165,8.572115,3.974144,6.982465,8.713763,8.877911,8.549367,6.281611,7.738188,8.004537,6.392056,7.744262,8.355850,6.637139,4.436866,6.156259,5.322239,6.348292,5.179370,2.647935,3.675936,5.899250,4.534496,6.669536,6.213030,6.460395,6.065446,4.617798,2.199044,1.292426,1.722740,1.090939,0.145266,0.000000,0.000000,3.943300,4.499131,5.846498,3.566145
20,Willow,0.402643,0.402643,0.402643,0.402643,0.402643,0.402643,0.402643,0.402643,0.402643,0.595695,0.402643,0.402643,1.041056,0.533228,0.533228,0.533228,4.825584,4.507661,3.702329,4.061186,5.175805,4.009826,0.533228,0.533228,0.521488,0.521488,0.521488,0.521488,5.466779,7.999712,9.977700,6.755699,8.450815,7.497313,6.904248,4.861394,2.382615,0.000000,4.577874,8.990668,5.284751,8.450547,10.297289,10.061110,6.618934,6.790911,6.544821,7.055211,5.049801,4.735783,7.406740,9.456678,8.767179,8.100401,10.336543,10.812489,9.564471,8.155995,7.123740,7.716895,5.213127,7.450976,9.170543,8.087818,8.405037,7.286747,9.579311,11.342885,9.986043,7.870426,8.307459,3.846263,6.705693,8.749377,9.046374,8.543963,6.839238,7.846703,8.222164,6.322838,7.329746,8.493734,8.440226,6.617733,6.329729,5.438257,5.761189,5.281650,3.343084,4.832142,5.930826,5.850355,6.724514,7.773450,6.505413,6.095261,4.205651,2.290068,2.722788,1.350597,1.978605,2.337480,2.587038,0.000000,3.928057,5.210857,5.976022,5.411197
21,Willow,0.426183,0.426183,0.426183,0.426183,0.426183,0.426183,0.426183,0.426183,0.426183,0.426183,0.426183,0.426183,3.518006,0.652483,0.652483,0.652483,0.652483,3.627872,3.246461,4.100560,0.652483,0.652483,0.652483,4.857028,4.367237,5.643837,8.144962,5.629655,4.910108,7.995572,10.527937,3.690116,1.040128,4.647476,4.878853,5.749331,5.530313,6.374033,8.805288,9.149769,8.183674,8.430538,10.205523,8.125840,8.150071,9.359724,4.777387,5.761157,7.251729,5.959176,9.255093,9.813465,8.517200,8.591559,10.860882,8.110775,7.733976,9.453669,6.085006,7.485493,7.067779,7.647663,9.192115,8.350616,6.691645,7.791164,9.534642,7.184043,9.558941,8.095962,8.844845,5.439696,7.104993,8.767683,9.172485,6.654361,6.645831,6.477671,8.000143,5.861986,6.467217,8.112419,8.528181,5.961179,6.232757,5.414893,6.472832,5.289382,2.598071,4.785103,5.964428,5.930313,6.602298,7.366834,6.343752,6.004504,3.162048,1.883575,2.553124,0.000000,2.714563,2.301054,2.664092,0.000000,3.712095,5.224757,6.623230,5.216975
22,Willow,0.423206,0.423206,0.423206,0.423206,0.423206,0.423206,0.423206,0.423206,0.423206,0.423206,0.423206,0.423206,0.557815,0.557815,5.198659,0.557815,0.973555,6.168547,5.867386,4.687038,5.362669,0.557815,0.557815,2.496014,1.979525,0.588895,10.200354,8.952621,5.711918,7.608709,10.697326,9.694422,10.861511,8.059735,6.999106,5.092606,4.702307,6.420973,10.137652,9.211378,6.265062,8.260386,10.259321,10.208688,10.651983,7.651720,5.969543,5.330511,7.239196,4.864088,9.234322,9.743206,8.352218,8.237330,9.907448,11.291869,8.818045,8.785008,5.735542,7.249105,6.167849,9.375149,9.089755,7.977002,8.251685,7.835019,8.624332,11.380864,9.502495,8.606297,8.109340,5.311451,6.973299,8.886987,8.343793,8.507360,6.235348,7.933395,8.261949,6.145451,7.477141,8.243814,6.973264,4.175041,6.178984,5.196719,5.990083,5.408026,3.445268,4.924153,5.772348,5.904723,4.556620,7.792651,6.377579,4.059604,0.000000,0.000000,0.000000,0.000000,2.648806,2.386325,2.643093,0.000000,0.000000,5.192124,5.521173,0.000000
23,Willow,0.457261,0.457261,0.457261,0.457261,0.457261,0.457261,0.457261,0.457261,0.457261,0.457261,0.457261,0.457261,0.628868,1.127524,4.009929,0.628868,0.628868,0.628868,0.628868,0.628868,5.899216,0.628868,2.750007,0.628868,5.242944,4.897234,10.522408,7.411962,3.818197,3.654323,8.026098,7.047826,8.699393,10.574991,0.826931,5.127393,6.591134,6.364597,10.809440,9.292759,4.369653,4.182239,9.829432,10.273429,8.970191,10.482443,6.356409,5.862491,7.282885,6.047581,7.770092,8.407288,8.174758,8.166349,10.860806,10.668611,8.986450,9.573586,5.276212,7.624823,6.679113,9.052540,9.110601,7.997796,7.704219,8.089829,9.542972,10.125525,9.732933,8.102465,7.680163,5.128325,6.888383,8.666457,8.951231,8.230510,6.629083,8.075880,8.294748,6.189301,7.700954,8.523345,8.524196,6.414101,5.964032,5.284999,6.311042,5.402578,3.020904,4.503438,5.931773,5.825869,6.781401,7.907772,5.865275,6.022190,3.702456,1.773869,1.803401,1.643057,0.000000,0.112032,0.458657,0.000000,3.907970,3.477952,3.587015,4.060997
24,Willow,0.384774,0.384774,0.384774,0.384774,0.384774,0.384774,0.384774,0.384774,0.384774,0.384774,0.384774,0.384774,0.520084,1.128887,0.520084,0.520084,0.520084,0.520084,0.520084,0.520084,5.597723,7.792079,5.627765,4.014414,1.526570,0.687365,6.659261,6.165874,3.851634,6.900180,0.653492,0.653492,4.941790,8.865163,6.963509,5.227523,7.157797,5.964829,6.640469,8.702144,6.382507,6.558801,3.749407,6.512998,6.089716,6.715553,6.521984,5.267085,7.458179,9.078171,9.381064,8.082189,8.314434,8.269869,4.225055,6.698715,8.468882,8.287921,8.446727,7.685096,6.968981,9.336863,8.669746,8.035731,8.166053,7.674576,5.317801,6.328250,9.819643,8.124537,8.689661,6.540614,7.117939,8.558784,9.200557,8.700476,8.502567,6.481362,6.641591,6.247983,7.323114,8.432878,8.327176,6.736045,6.332385,5.387878,6.315202,5.250413,3.182739,4.921856,5.901935,5.380847,6.566162,7.873224,6.383263,6.392364,4.881813,2.140343,2.480390,1.459647,2.680075,1.934034,2.317051,0.000000,3.627725,5.118088,6.626163,5.177053
25,Willow,0.358235,0.358235,0.358235,0.358235,0.358235,0.358235,0.358235,0.358235,0.358235,0.358235,0.358235,0.358235,0.475015,0.921477,3.603443,3.004292,2.895563,6.766623,6.851971,6.000473,6.214755,3.534640,6.275242,5.537231,3.937046,0.000000,5.074218,6.230733,3.791009,6.723297,6.758093,10.092870,7.072961,4.781833,6.974544,5.591004,3.333168,0.000000,6.769347,7.726655,6.477892,8.388529,9.929614,8.706691,8.450357,7.286522,6.214109,7.068027,3.765520,4.234506,6.979025,7.381527,7.781967,8.404844,10.859509,10.766353,7.748309,9.093513,8.661275,7.421697,6.733606,7.330063,6.964435,7.672911,8.467624,7.956406,9.579512,10.249744,9.242559,8.156367,8.522450,5.145007,7.020182,7.795858,6.932234,5.684891,6.316103,8.254954,7.593278,6.301910,7.688675,8.494212,7.927520,6.624672,6.433954,5.428011,6.492492,5.206213,3.354134,4.822173,4.290284,5.852952,6.343183,6.605690,6.475152,6.055419,3.592548,2.211320,2.276049,1.185880,0.000000,0.000000,0.000000,0.000000,2.942672,4.255139,6.601402,5.247125
26,Willow,0.432438,0.432438,0.432438,0.432438,0.432438,0.432438,0.432438,0.432438,0.432438,0.432438,0.432438,0.432438,4.190353,1.299483,5.335053,3.093762,0.493689,2.457220,4.032062,3.494890,2.603351,3.824997,0.493689,5.851139,3.478969,5.540088,5.901749,5.862714,3.633692,4.544298,4.037468,8.295199,10.432091,10.253623,4.818286,4.935039,5.238534,6.313664,7.775737,9.148303,8.118071,4.969960,7.075570,9.127687,8.529099,10.506597,6.357541,6.705478,7.497038,7.721903,9.128350,8.859316,8.647953,6.237771,10.373944,8.815750,7.529603,8.101865,5.890704,7.620778,7.028296,9.306889,9.155941,8.019547,8.406794,7.925323,9.524141,8.730551,9.522120,7.855663,8.341228,6.283422,6.522424,8.799345,9.337514,8.690848,6.865133,7.003792,8.133080,6.354501,7.785177,5.560286,8.066339,6.554991,6.129686,5.245112,4.979480,5.076777,1.729712,4.839960,0.000000,5.155317,5.136687,6.507242,5.728734,5.192857,2.509608,0.000000,0.000000,0.000000,0.000000,0.000000,0.000000,0.000000,3.870766,3.165034,0.000000,0.000000
27,Willow,0.357775,0.357775,0.357775,0.357775,0.357775,0.357775,0.357775,0.357775,0.357775,0.357775,0.357775,0.357775,0.489189,0.489189,2.253155,2.547432,0.489189,0.489189,2.362460,0.489189,0.489189,0.489189,0.489189,0.489189,5.101289,3.564806,6.336532,5.647604,0.593533,3.774471,5.632245,3.474677,8.591026,3.960489,4.458378,4.667491,5.303411,6.072285,5.240995,6.367193,5.930459,8.083026,9.706284,7.137697,8.563977,6.837783,5.330346,7.133008,7.412325,5.993021,7.558733,6.523046,6.444270,7.231686,9.801799,10.652126,7.278864,7.192385,6.483209,7.618261,7.010199,9.053479,8.711938,5.782984,5.844786,7.843351,9.561747,11.399238,9.701852,8.355913,8.223145,5.580870,7.005166,8.821566,7.253193,4.846991,6.687149,8.235088,8.225845,6.256578,7.670546,8.478808,8.206017,6.734604,6.327960,5.175992,5.599416,5.351063,3.963964,4.969953,5.882339,5.844512,6.575652,7.699254,6.493577,6.135571,4.669161,1.832313,1.491576,1.643381,2.134563,0.000000,0.000000,0.587558,3.419520,4.801670,6.195094,4.299544
28,Willow,0.388502,0.388502,0.388502,0.388502,0.388502,0.388502,0.388502,0.388502,0.388502,0.388502,0.388502,0.388502,0.567953,0.567953,0.567953,0.567953,3.284173,0.567953,0.731548,5.397028,4.685531,7.938236,0.567953,0.567953,3.276542,1.526188,3.974702,3.075840,3.595834,6.837790,8.302671,9.879697,10.913279,10.755443,5.763803,5.383381,5.798711,6.434198,6.871365,7.688939,4.322912,7.074737,7.545208,10.055202,10.822273,9.244770,6.475118,5.365910,7.487192,8.407165,9.401241,9.253816,8.767430,6.371820,9.021509,10.775259,7.680908,7.389705,5.631193,7.483105,7.004032,8.411446,9.286520,7.928234,8.266891,8.188878,8.205539,11.048326,8.040982,7.825225,8.729806,5.393132,6.508962,8.269842,8.490654,8.599766,6.876065,8.294270,8.208089,4.892628,7.651545,8.475538,8.501803,6.792049,6.202874,5.392721,6.050517,5.427520,5.313925,4.895342,5.511467,6.260870,5.853542,7.834521,6.188125,6.268342,4.144090,2.140279,2.162460,1.541605,1.796464,2.327036,2.546512,0.712410,0.000000,1.579685,1.083668,4.355526
29,Willow,0.430327,0.430327,0.430327,0.430327,0.430327,0.430327,0.430327,0.430327,0.430327,0.430327,0.430327,0.430327,1.138912,0.526612,1.954568,0.853034,3.614736,5.589302,1.078974,3.665370,2.980203,7.072820,5.102450,0.526612,4.646622,0.611271,9.560623,5.726557,3.651571,6.443963,1.835870,4.645698,2.985101,10.468318,6.980579,3.328932,6.619431,6.182490,10.891047,9.304898,8.327841,8.281775,4.971399,5.705162,10.633538,10.585092,6.415513,6.799434,7.429285,6.618846,9.014399,9.812575,8.808385,8.668165,10.448566,9.639222,7.635693,9.443151,5.962681,7.689235,6.778533,9.452125,8.774858,7.972892,7.775414,7.378466,9.172190,7.145094,8.797029,8.149664,6.922702,6.184959,7.026524,8.780251,8.469371,8.642887,6.683170,6.924477,8.095050,6.108855,6.853397,7.362766,6.950564,6.763446,6.147609,5.226408,6.442982,5.004937,3.231601,4.782348,5.411675,3.697962,6.191755,7.184584,6.126122,6.055779,3.410413,1.543654,0.000000,0.000000,1.350607,2.808880,2.775755,0.000000,3.223621,4.710409,2.107873,3.654918
30,Willow,0.407153,0.407153,0.407153,0.407153,0.407153,0.407153,0.407153,0.407153,0.407153,0.407153,0.407153,0.407153,0.497389,0.497389,5.165280,0.497389,3.476993,4.085208,4.006356,1.029759,0.497389,0.497389,0.497389,0.497389,2.728024,3.878082,8.356897,3.792784,3.775649,4.565073,4.220800,4.419239,3.581255,4.021641,6.364318,3.970546,5.310099,3.087252,8.328418,8.873508,6.036596,6.405374,10.173888,8.673694,8.043049,9.361298,5.993953,4.370898,7.518709,7.845988,8.891906,7.951044,8.127544,8.467834,10.703151,10.756879,9.053399,9.158671,7.824728,7.268316,6.654347,9.231217,9.185534,7.818270,5.777424,7.898058,9.777846,10.214465,10.054581,8.200842,8.759525,6.292843,6.801772,6.944782,9.189826,7.128565,5.816533,7.978681,8.137361,6.297630,7.631828,8.522577,8.435203,6.384094,6.394412,5.176922,5.516419,5.060323,3.095695,4.777793,4.293941,4.125368,5.326186,7.717702,6.319348,6.120946,3.446615,0.000000,1.510226,1.594756,1.014424,0.899033,1.467517,0.000000,3.444999,4.389283,6.701816,5.205419
31,Willow,0.413986,0.413986,0.413986,0.413986,0.413986,0.413986,0.413986,0.413986,0.413986,0.413986,0.413986,0.413986,3.045738,0.631299,0.631299,0.631299,4.060614,6.490719,6.056829,6.738351,0.631299,0.631299,0.631299,0.631299,4.710155,3.140232,8.483085,3.489017,5.325283,7.050077,10.648095,9.075727,5.678889,4.319878,7.031507,3.795505,5.573556,6.425196,8.755462,9.176367,6.403373,8.478285,10.454200,10.246626,7.307280,6.511348,6.254339,5.125782,7.245293,5.437504,9.304688,6.690287,8.633851,8.674922,10.374636,10.734574,9.671314,8.158479,5.760394,5.862904,7.035100,7.542694,8.847839,8.488716,8.486792,7.803743,9.281796,11.083353,9.698138,8.254687,7.430017,5.719114,6.993710,8.353200,9.212873,8.550541,6.639505,8.170444,7.975942,6.133593,7.543772,7.711047,6.583946,5.650948,6.256166,4.728292,1.927854,5.116077,3.008350,4.334367,5.526623,3.698348,5.886574,6.987690,6.099930,5.893564,0.000000,0.000000,0.000000,0.000000,1.462846,0.000000,0.000000,0.000000,0.000000,2.928114,0.000000,0.000000
32,Willow,0.300229,0.300229,0.300229,0.300229,0.300229,0.300229,0.300229,0.300229,0.300229,0.300229,0.300229,0.300229,0.380057,0.380057,0.380057,0.380057,0.380057,6.090123,5.047558,3.787509,0.380057,0.380057,0.380057,0.380057,3.492054,2.646248,4.279027,2.993149,0.429676,5.289885,6.775129,10.095727,10.725763,10.640168,0.429676,0.429676,3.139695,6.310874,6.987765,6.321514,6.335117,6.231363,7.619141,9.996542,10.979331,10.589988,2.704431,0.846288,2.315403,4.834372,8.294863,7.534949,5.725136,8.296338,8.975304,9.899154,7.990712,9.556533,5.217425,2.330292,7.013226,9.502197,9.137791,8.301510,7.246435,7.813115,9.597437,11.082785,9.570636,8.380234,8.497833,5.608570,6.886383,6.988083,9.368172,8.605838,6.644003,8.371586,8.024603,6.396002,7.925489,8.547004,8.409277,6.792535,6.106896,5.380488,6.484527,5.419097,3.301119,4.923538,5.537478,5.662011,6.648521,7.860753,6.260064,5.986828,4.789036,2.128829,2.390065,0.072770,1.906695,2.656749,2.784473,0.000000,3.692532,5.238405,6.457915,5.454321
33,Willow,0.312240,0.312240,0.312240,0.312240,0.312240,0.312240,0.312240,0.312240,0.312240,0.312240,0.312240,0.312240,0.346976,0.346976,0.346976,0.346976,0.346976,0.346976,0.346976,0.346976,0.346976,0.346976,3.845544,0.346976,0.710655,0.492876,5.830693,3.957754,0.492876,3.321252,0.835299,5.087297,10.815606,10.701442,6.819075,5.312022,7.334397,6.251558,9.419230,9.293270,7.666849,8.176598,10.195990,4.757941,10.053515,10.668112,6.214327,5.044878,7.371298,5.928767,9.278063,9.594678,7.560454,8.623540,10.034272,9.787860,7.764981,9.727588,6.565680,7.414525,6.214039,9.305672,9.222410,7.527352,8.404368,7.914074,7.813052,9.337062,8.530471,7.955556,8.475924,6.001090,7.334866,8.317612,9.295458,8.614207,6.635170,8.180694,8.206345,6.203454,7.820841,8.194945,7.552318,6.767619,6.136629,5.343252,6.214952,5.399129,3.369328,4.711022,5.802184,5.859768,5.819794,7.186751,6.154583,5.980166,4.265110,2.384978,2.351916,1.449750,2.741786,2.612757,2.516400,0.000000,3.749894,5.251673,6.446099,5.379790
34,Willow,0.316883,0.316883,0.316883,0.316883,0.316883,0.316883,0.316883,0.316883,0.316883,0.316883,0.316883,0.316883,0.517992,2.480848,0.517992,0.517992,0.517992,4.993844,3.866364,0.517992,0.517992,5.590334,4.296351,5.536922,3.768652,4.499100,5.600084,8.918696,5.054947,4.433873,3.105367,3.542862,0.000000,7.438914,6.954623,5.652592,5.676096,5.051747,4.496089,9.275027,7.518674,8.237349,4.463646,4.643940,7.278256,10.634251,6.246684,6.360675,7.028448,5.897387,4.823901,9.732304,8.748229,8.549380,9.756530,10.073230,7.753883,9.484974,6.657545,7.672013,6.549768,9.145310,9.030863,6.813486,8.345841,8.194971,9.555799,9.816949,7.837283,8.418015,7.109674,5.443347,7.174901,8.688457,9.132071,8.428472,6.773604,7.750067,5.158407,6.248413,7.087154,8.294630,6.394423,6.020042,6.377433,5.443632,6.454295,5.448371,3.410588,4.810524,5.915840,5.807334,6.636831,7.874159,6.449175,5.960968,4.307214,2.383376,2.536500,1.394869,0.000000,2.543994,2.524460,0.000000,3.942607,3.820374,6.635747,5.415907
35,Willow,0.390886,0.390886,0.390886,0.390886,0.390886,0.390886,0.390886,0.390886,0.390886,0.390886,0.390886,0.390886,3.547053,0.560641,5.283829,3.239275,0.560641,5.015134,4.899064,2.659722,3.476259,8.099055,6.823761,3.823375,3.595237,5.500818,8.162551,4.709808,4.715818,6.933201,10.758938,9.139044,10.764475,10.524796,6.856752,5.240685,6.677998,6.324185,10.799201,7.575100,6.393173,7.121058,10.221499,9.745601,9.224136,10.452887,5.649113,5.376201,7.421542,5.908179,6.312956,8.371062,8.408025,6.941932,10.785302,10.510558,7.495872,8.437316,5.773995,7.454742,6.936898,9.245168,9.043136,7.886626,8.209034,7.882368,9.572999,11.261694,9.731063,8.050273,7.900251,5.713683,6.987196,8.575858,9.011800,7.442006,6.698347,7.956949,8.094177,8.226320,7.769522,8.545145,6.559588,5.922726,6.226493,5.724931,3.492299,5.050768,2.476169,4.032017,5.942617,5.716014,6.556036,7.763949,6.110619,5.764798,3.708607,2.175268,2.573998,0.000000,0.000000,2.108337,1.916211,0.000000,3.725296,3.112889,6.156062,5.459941
36,Willow,0.413257,0.413257,0.413257,0.413257,0.413257,0.413257,0.413257,0.413257,0.413257,0.413257,0.413257,0.413257,0.528250,0.528250,0.528250,0.528250,3.675541,5.772503,0.528250,0.528250,0.528250,0.692499,0.528250,0.528250,3.623533,5.427742,6.087877,6.209960,4.012551,6.652878,6.763801,6.438049,7.992639,0.591211,6.337781,5.108849,5.078712,5.759413,7.130620,7.572498,6.419712,8.061234,9.453576,6.739563,7.915205,5.625610,6.500415,6.677879,7.317375,7.588486,7.785289,9.532519,8.731729,8.502469,10.627009,8.169499,8.107431,6.663137,5.876910,7.059795,6.899838,8.955396,9.161112,6.803448,7.415936,8.046465,9.243624,9.712304,9.428989,7.553193,8.657222,5.326511,6.958605,8.157759,9.221571,8.635103,6.450513,8.187924,8.162135,6.330168,7.644242,8.095991,8.037809,6.681561,6.325610,5.320503,6.504321,4.751338,3.358550,4.687663,5.808589,5.867749,6.435435,7.342489,6.435236,5.963615,3.319457,1.858911,1.921543,0.000000,0.000000,2.015808,1.780973,0.000000,3.782203,4.506732,5.440817,4.198478
37,Willow,0.427375,0.427375,0.427375,0.427375,0.427375,0.427375,0.427375,0.427375,0.427375,0.427375,0.427375,0.427375,0.689817,0.689817,0.689817,0.689817,0.689817,6.431511,0.689817,5.864591,3.208100,7.401873,5.501910,2.160453,2.614485,0.660027,5.940399,4.943847,0.000000,6.865651,7.654638,7.718226,9.711327,10.714699,6.798731,5.249504,5.591114,6.198640,7.460201,9.407342,7.909225,8.365689,5.300760,8.648366,6.195276,10.658983,6.380839,6.237188,7.342746,5.855841,9.475914,9.947695,8.667632,8.347460,9.567163,10.032391,8.173667,8.134026,5.906281,6.637884,6.905951,9.130449,9.085839,7.675562,8.333386,7.846878,9.451267,10.348598,9.750254,8.070902,8.580638,6.584646,6.961144,8.737350,9.142694,6.658937,6.346423,7.495087,8.159475,6.298290,7.780112,8.213997,8.372449,6.781923,5.959079,4.923467,6.415573,5.537639,3.122395,4.830171,5.757654,5.921049,6.583129,7.775918,6.351944,5.850948,4.004678,2.108940,2.267491,1.587506,1.550375,2.643247,2.604818,0.000000,3.723291,5.019183,5.981684,5.275379
38,Willow,0.314492,0.314492,0.314492,0.314492,0.314492,0.314492,0.314492,0.314492,0.314492,0.314492,0.314492,0.314492,0.346307,0.346307,0.346307,0.346307,3.747121,3.683687,6.210419,0.346307,0.346307,0.346307,0.346307,0.346307,1.136383,0.449876,4.539855,4.283194,5.356454,6.903648,9.889199,7.343571,3.687592,0.449876,3.305284,3.435427,5.309393,6.287931,8.913331,9.766567,5.972699,7.547162,10.947747,10.272307,10.016087,5.302888,5.478962,4.616834,7.484002,5.954938,9.281367,10.062510,8.524650,8.213870,10.804852,10.270943,7.568342,6.993891,7.978842,5.385242,6.894732,8.714641,8.825524,7.788877,8.361346,7.873054,9.555036,10.676270,9.776839,8.212115,8.505438,6.365379,6.389105,8.744625,9.255059,8.580042,6.727329,8.112134,8.107747,6.248351,6.717455,8.370481,8.656575,6.748127,5.181742,5.320770,5.198176,5.089808,1.706427,4.949054,5.670383,5.819845,6.445982,7.567774,6.339416,6.093678,3.970264,1.166361,2.703823,1.029239,2.709443,2.563631,2.202791,0.000000,3.932174,5.391484,6.418649,3.500656
39,Willow,0.363375,0.363375,0.363375,0.363375,0.363375,0.363375,0.363375,0.363375,0.363375,0.363375,0.363375,0.363375,0.505218,0.505218,5.144817,0.505218,0.505218,0.505218,0.505218,0.505218,3.131379,2.972841,2.108582,0.505218,4.801256,5.428854,9.159735,3.393372,2.930317,4.141921,0.595439,2.914720,10.699423,4.722673,6.729126,5.416494,5.319910,6.179513,9.405015,9.390820,7.946288,6.498774,6.370176,7.748882,10.064310,7.416771,6.532444,6.765478,7.531963,7.805586,9.351509,8.045808,7.458419,8.238116,8.653916,9.853106,8.937966,9.045980,7.120065,7.419077,6.816479,9.475236,7.959646,7.847611,8.393454,7.986324,9.420201,8.235867,9.478296,8.231753,6.498569,5.483734,6.810647,8.857585,9.211572,8.618224,6.744490,8.294208,8.113891,6.395555,7.591370,8.473021,6.405322,5.965374,4.308328,5.310088,6.432987,5.066450,3.073243,4.849170,5.756069,5.699456,5.662931,7.897668,6.185154,5.732044,0.000000,2.136105,2.651276,1.580285,2.594012,1.305368,2.364737,0.000000,1.042267,3.849802,6.467147,4.457125
40,Willow,0.266407,0.266407,0.266407,0.266407,0.266407,0.266407,0.266407,0.266407,0.266407,0.266407,0.266407,0.266407,3.398371,0.324186,5.237142,0.324186,0.324186,0.324186,0.324186,5.687387,3.995835,0.324186,3.939953,4.240079,5.280013,3.628483,6.397279,8.847446,6.227268,5.928978,7.469130,7.614910,9.748489,9.980679,5.817922,5.277906,5.566063,6.042919,10.298910,8.498910,6.537640,8.361947,8.862932,8.663627,10.354870,10.193783,6.563069,6.413437,7.429924,8.219965,9.474932,9.157363,8.289844,8.345141,8.956537,10.866097,7.899850,9.414534,6.191258,7.544651,6.934451,9.513756,9.139864,7.987322,7.690639,7.845836,9.483746,11.269807,9.386979,7.574258,8.281388,5.369585,6.943261,8.826970,8.714734,8.398108,5.286427,8.127632,8.094301,6.344126,7.895325,8.517166,7.592086,6.616643,6.163341,5.168950,6.127457,5.333239,2.878923,4.708738,5.869977,5.757139,6.536380,7.517341,6.338991,6.136767,0.986016,1.032957,1.589062,0.000000,0.000000,2.603750,2.597710,0.000000,3.664213,3.861292,5.650591,5.260292
41,Willow,0.324120,0.324120,0.324120,0.324120,0.494357,0.324120,0.324120,0.324120,0.324120,0.324120,0.324120,0.324120,0.484212,1.867641,3.647902,2.799686,0.484212,4.724414,7.082242,0.484212,0.484212,0.484212,0.484212,0.610482,0.000000,5.451329,7.511122,4.754258,5.079576,5.560585,6.627341,0.461133,0.000000,0.183389,6.970906,5.469390,5.775628,6.238591,7.233902,7.133807,6.286814,2.667737,9.744468,9.284419,7.477293,5.158067,5.472024,5.411849,5.488685,5.914702,9.296876,7.640773,8.224607,8.565763,10.967322,10.349917,9.246574,7.765684,6.890537,5.727465,4.672261,9.100339,9.260212,6.940649,8.429525,8.150947,9.607834,8.916637,9.386938,8.122365,8.807760,5.442428,6.987487,8.784149,7.353351,7.050996,8.222761,8.267021,8.207411,6.203252,7.686166,8.504142,8.541356,5.639941,6.346053,5.443812,6.478364,5.340106,3.117250,4.761554,5.878518,5.744050,6.698656,7.805405,4.584349,5.762105,4.736385,2.097026,2.381388,2.375613,2.697290,2.644292,2.642190,0.000000,3.972085,5.273122,6.585436,5.412339
42,Willow,0.330811,0.330811,0.330811,0.330811,0.330811,0.330811,0.330811,0.330811,0.330811,0.330811,0.330811,0.330811,3.771327,0.359650,3.805161,0.359650,0.359650,5.498693,4.500070,0.359650,0.359650,0.359650,2.857129,3.884890,3.947590,2.103251,6.497643,5.678374,2.241715,6.934175,7.313270,4.850147,2.170200,6.030979,5.763867,5.298795,5.410816,4.955087,9.001372,9.881542,4.137816,8.245405,10.077188,9.902989,7.391766,5.810422,6.459907,5.223916,6.299283,5.961329,8.320097,9.382361,7.940360,8.584367,10.720018,11.242942,7.970448,7.324660,6.155935,5.618230,6.796410,8.543902,9.088226,7.819458,8.335604,7.979316,9.666988,11.234888,9.741627,8.011262,7.985977,5.032673,6.861868,8.642343,9.095531,8.595814,6.235051,8.125422,8.165049,6.312130,7.488350,7.932202,8.074865,6.805660,6.130072,3.225706,4.159774,5.217201,3.080055,4.871516,5.703816,5.416450,5.760875,7.429914,6.340506,5.508955,0.000000,1.835915,2.421419,2.516014,2.401467,2.591830,2.717098,0.000000,1.423722,3.680065,2.704597,5.437647
43,Willow,0.398649,0.398649,0.398649,0.398649,0.398649,0.398649,0.398649,0.398649,0.398649,0.398649,0.398649,0.398649,0.426433,0.426433,0.426433,0.426433,0.426433,0.426433,0.426433,0.426433,0.426433,0.426433,0.426433,0.426433,4.272769,1.021448,0.517569,3.128126,3.522685,7.429680,5.691256,4.843095,2.487937,5.467050,6.214753,5.250937,6.975017,6.158705,6.973056,6.146415,5.952413,8.303246,10.326088,6.266107,6.996294,9.234476,6.685264,6.589335,7.513790,6.177829,5.687361,6.120928,6.513488,7.953798,10.899638,10.817322,9.172068,9.257044,5.756678,6.492774,6.960530,8.850253,8.334509,8.577927,8.408902,8.241693,9.555486,11.434495,9.704793,8.250262,8.409136,6.345197,6.959056,8.659932,9.335555,8.652736,6.640484,8.290403,8.259910,6.324966,7.520750,8.523809,7.672566,6.854501,6.351325,5.365865,6.515681,5.429664,3.177131,4.901255,5.954571,5.884184,6.459642,7.789425,6.181321,6.120695,4.710687,1.394857,2.714290,0.809863,2.518961,2.712900,2.709105,0.000000,3.139491,4.241705,4.371969,5.208148
44,Willow,0.300016,0.300016,0.300016,0.300016,0.300016,0.300016,0.300016,0.300016,0.300016,0.300016,0.300016,0.300016,0.330325,0.330325,1.559229,2.796270,2.593513,6.219942,3.883289,6.966290,0.585913,0.330325,0.330325,0.330325,0.433232,0.433232,4.300729,4.288435,6.113751,6.177741,6.172083,8.149101,8.924096,9.319425,0.433232,0.433232,5.983741,5.870170,8.668498,9.731783,6.235587,5.856987,6.039582,9.998193,10.995676,10.683867,5.451437,4.132903,7.353005,5.767774,9.413588,9.844310,8.685588,8.533175,10.925280,10.161198,8.390697,8.973989,5.900860,5.491648,6.848574,8.889274,9.227505,7.798870,8.462301,7.874890,9.492634,9.848417,9.708439,8.121192,8.611832,5.620810,6.997929,8.453905,9.220763,8.484877,5.412829,8.135459,8.106135,6.221863,6.224712,8.458636,8.418519,6.825077,6.246440,5.518925,6.047383,5.171540,3.289856,4.922801,5.873323,5.756312,6.358501,6.673855,6.240097,5.946155,4.741508,2.278495,2.783193,0.000000,2.369239,1.553133,2.750349,0.000000,3.559227,3.456552,6.671713,5.318921
45,Willow,0.316151,0.316151,0.316151,0.316151,0.316151,0.316151,0.316151,0.316151,0.316151,0.316151,0.316151,0.316151,0.450850,1.426124,2.792956,0.450850,0.450850,5.411304,6.115747,3.832393,6.667991,6.577853,0.450850,0.450850,1.467098,5.367117,5.094965,3.272172,3.648966,5.396246,10.678828,9.613722,10.916112,10.755527,6.961122,4.768638,4.790327,6.480428,10.878981,9.101477,6.099813,4.367603,9.941306,10.151896,10.786945,10.598415,6.490635,5.048811,7.008080,5.485076,9.421098,9.107888,8.502720,8.461232,10.463498,10.674187,7.560716,9.656162,6.053837,5.276985,6.802769,8.338747,8.509666,7.910116,6.896608,7.876319,9.453222,11.433906,9.580482,8.015918,8.494330,5.464833,6.880472,8.727228,8.543745,8.417096,6.544523,8.114015,7.394033,5.852739,7.755535,8.348397,8.489508,6.587416,6.263757,5.355374,6.142285,5.391656,3.265986,4.140539,4.674553,4.682190,6.262424,5.928168,6.760703,6.081603,2.899270,1.937351,2.220772,0.988921,0.000000,0.000000,0.556176,2.135031,4.004064,3.635701,4.173765,3.400936
46,Willow,0.427765,0.427765,0.427765,0.427765,0.427765,0.427765,0.427765,0.427765,0.427765,0.427765,0.427765,0.427765,3.296610,0.504054,0.504054,3.611892,0.504054,1.053347,0.700293,0.504054,0.504054,3.110703,2.945945,1.786319,3.555506,5.782905,7.719386,7.439524,6.078893,6.896890,0.583206,3.940602,7.951730,7.833267,3.174626,2.152558,6.126287,5.944996,7.798604,7.911410,6.006210,7.206884,10.222554,9.843318,7.845739,9.476241,6.385023,7.176558,7.123639,8.048388,9.365710,9.917357,8.299879,7.863273,10.790610,10.809361,7.652502,8.132700,8.603153,7.551263,6.976313,8.598148,9.208658,8.302692,8.502964,7.879720,9.740785,10.974021,9.809663,5.453043,8.812929,6.388355,7.057030,8.806119,9.145181,8.574967,6.546836,5.607043,8.217277,6.324703,7.849293,7.819610,6.532047,6.225781,6.305851,4.982321,6.538028,5.460989,3.399947,4.510912,5.775219,5.954542,6.591139,7.874251,5.872890,5.673059,4.781642,1.985767,2.851531,2.517304,2.758013,2.361571,2.373708,0.000000,3.875287,5.113514,4.462616,4.555568
47,Willow,0.388957,0.388957,0.388957,0.388957,0.388957,0.388957,0.388957,0.388957,0.388957,0.556736,0.388957,0.388957,0.501350,0.501350,0.501350,0.501350,0.661533,0.501350,7.213943,8.173208,0.501350,0.501350,5.321255,4.878034,4.652573,2.601965,0.860738,2.669829,3.881370,7.434739,10.276345,9.782214,5.477600,5.371682,4.561042,4.572161,4.420837,5.558802,9.963698,8.932451,5.788054,8.475755,9.031614,8.069444,6.781978,10.381646,6.154683,7.302310,6.753607,8.253647,9.461843,9.797164,8.537033,8.525807,9.879850,10.693404,7.538016,9.393096,8.309248,7.301522,6.618968,9.377021,9.194326,7.597445,8.476603,6.700060,7.014295,9.775727,9.711596,8.253254,8.568096,5.142636,6.893003,8.191282,9.274251,5.497081,6.073038,6.443002,7.117683,4.834105,7.710973,8.307500,7.968902,6.607873,5.070657,5.095211,6.455984,4.969641,3.378605,4.928188,3.796370,5.910863,6.669711,7.529644,5.665473,5.277618,1.525485,1.678924,1.230471,0.527675,0.000000,2.231571,2.700628,0.000000,0.469007,0.000000,0.000000,0.000000
48,Willow,0.454062,0.454062,0.454062,0.454062,0.454062,0.454062,0.454062,0.454062,0.454062,0.454062,0.454062,0.454062,0.639972,0.639972,0.639972,0.639972,0.639972,4.646298,6.939902,6.380538,8.445578,6.593124,0.639972,0.820893,5.359966,4.102593,7.586264,0.000000,0.000000,7.789214,9.704844,7.242923,7.886464,6.797185,4.132370,1.005399,7.337072,6.416707,10.997851,8.086328,2.356243,7.420183,10.197935,10.067620,8.018167,5.932575,5.753025,7.453564,7.523921,5.910171,9.129222,5.409190,8.589507,8.483699,10.634761,10.334604,9.196968,9.300569,7.282662,7.219706,6.718546,9.449903,9.315118,7.381311,7.463435,7.939631,9.671856,8.681123,9.917367,8.161318,8.785556,5.313943,7.045394,8.110220,7.384062,4.718631,4.932422,7.977887,8.054665,6.360352,7.924734,8.426970,8.328290,6.758289,6.234194,5.353255,6.406798,5.246162,3.227754,4.971281,5.872796,5.839582,6.604162,6.838218,6.217138,6.016711,4.246783,0.000000,2.632005,2.767168,2.446650,1.335517,1.234162,0.000000,3.560337,3.796784,4.354579,4.649031
49,Willow,0.310854,0.310854,0.310854,0.310854,0.310854,0.310854,0.310854,0.310854,0.310854,0.310854,0.310854,0.310854,0.436734,0.436734,0.436734,0.436734,0.436734,5.566665,6.748432,7.119543,10.197433,0.436734,1.004297,0.436734,2.985521,4.029387,9.407624,6.078993,3.020599,7.758936,8.087587,10.180761,10.925389,10.871873,5.703890,4.735396,5.096316,4.959025,10.977822,9.951858,7.321750,7.462000,10.737246,9.885893,11.009752,0.000000,6.182364,5.118943,5.039695,7.658499,9.361259,9.944324,8.369142,8.501818,10.912995,10.724654,4.592743,4.910655,5.919981,4.799168,6.919831,9.219857,9.343244,7.971108,8.379301,7.941825,8.925867,10.919970,5.837931,8.095274,8.745377,4.871521,6.679610,8.847048,9.362545,7.745106,6.512537,8.361498,8.111607,6.177662,6.556888,8.252254,8.513246,6.091787,6.162115,5.447725,6.478468,5.417878,3.150091,4.817402,5.744092,5.716324,6.285975,7.676254,6.539269,5.516956,4.611498,2.026688,1.849630,0.359191,2.463349,2.562509,2.794600,0.000000,3.291934,6.616655,6.526888,5.372303
50,Willow,0.327005,0.327005,0.327005,0.327005,0.327005,0.327005,0.327005,0.327005,0.327005,0.327005,0.327005,0.327005,0.375850,0.375850,0.375850,0.375850,0.375850,0.375850,7.141174,7.555698,0.887109,9.943837,6.758918,5.479593,5.072440,6.221328,0.501609,0.501609,6.045095,3.026412,9.506319,6.913728,2.059043,10.775514,6.760252,5.329537,5.036162,6.007682,9.769337,5.728737,6.208844,8.177161,9.450047,9.135746,6.863072,10.226567,6.265128,6.053229,7.319833,7.180436,9.321382,7.349992,7.531217,8.491289,9.080689,8.878162,7.734962,6.469368,6.065688,7.642876,7.666276,9.414657,8.839645,7.875059,6.302365,7.757359,9.466098,7.014126,9.826536,7.328141,7.106798,5.385118,7.097505,8.720510,9.152079,8.686593,6.691546,8.207207,7.908123,6.267510,7.787139,8.143405,7.542452,6.736344,5.758792,6.108374,6.304626,5.232434,3.358082,4.400800,5.596578,5.802661,6.264076,7.372237,6.356640,6.155935,4.519342,0.466979,0.000000,0.000000,2.725405,2.523735,0.000000,0.000000,2.420007,4.841646,5.502824,3.832784
