<TreeSettings amount="1">
	<Instance index="0">
		<Position>
			<x>0.000000</x>
			<y>0.000000</y>
			<z>0.000000</z>
		</Position>
		<TreeParameters>
			<Seed>1</Seed>
			<Age>14</Age>
			<LateralBudPerNode>3</LateralBudPerNode>
			<VarianceApicalAngle>0.000000</VarianceApicalAngle>
			<BranchingAngleMean>80.000000</BranchingAngleMean>
			<BranchingAngleVariance>4.000000</BranchingAngleVariance>
			<RollAngleMean>10.000000</RollAngleMean>
			<RollAngleVariance>30.000000</RollAngleVariance>
			<ApicalBudKillProbability>0.000000</ApicalBudKillProbability>
			<LateralBudKillProbability>0.015000</LateralBudKillProbability>
			<ApicalDominanceBase>0.010000</ApicalDominanceBase>
			<ApicalDominanceDistanceFactor>0.900000</ApicalDominanceDistanceFactor>
			<ApicalDominanceAgeFactor>0.870000</ApicalDominanceAgeFactor>
			<GrowthRate>3.260000</GrowthRate>
			<InternodeLengthBase>0.400000</InternodeLengthBase>
			<InternodeLengthAgeFactor>0.960000</InternodeLengthAgeFactor>
			<ApicalControlBase>6.200000</ApicalControlBase>
			<ApicalControlAgeFactor>0.900000</ApicalControlAgeFactor>
			<ApicalControlLevelFactor>1.000000</ApicalControlLevelFactor>
			<ApicalControlDistanceFactor>0.000000</ApicalControlDistanceFactor>
			<MaxBudAge>8</MaxBudAge>
			<InternodeSize>0.300000</InternodeSize>
			<Phototropism>0.400000</Phototropism>
			<GravitropismBase>0.050000</GravitropismBase>
			<GravitropismLevelFactor>0.010000</GravitropismLevelFactor>
			<PruningFactor>0.120000</PruningFactor>
			<LowBranchPruningFactor>1.000000</LowBranchPruningFactor>
			<ThicknessRemovalFactor>99999.000000</ThicknessRemovalFactor>
			<GravityBendingStrength>0.940000</GravityBendingStrength>
			<GravityBendingAngleFactor>0.850000</GravityBendingAngleFactor>
			<ApicalBudLightingFactor>0.040000</ApicalBudLightingFactor>
			<LateralBudLightingFactor>0.100000</LateralBudLightingFactor>
			<EndNodeThickness>0.007000</EndNodeThickness>
			<ThicknessControlFactor>0.550000</ThicknessControlFactor>
			<CrownShynessBase>1.000000</CrownShynessBase>
			<CrownShynessFactor>1.000000</CrownShynessFactor>
			<FoliageType>0</FoliageType>
			<LeafSizeX>0.100000</LeafSizeX>
			<LeafSizeY>0.150000</LeafSizeY>
			<LeafIlluminationLimit>0.000000</LeafIlluminationLimit>
			<LeafInhibitorFactor>1.000000</LeafInhibitorFactor>
			<IsBothSide>1</IsBothSide>
			<SideLeafAmount>1</SideLeafAmount>
			<StartBendingAngle>80.000000</StartBendingAngle>
			<BendingAngleIncrement>0.000000</BendingAngleIncrement>
			<LeafPhotoTropism>0.160000</LeafPhotoTropism>
			<LeafGravitropism>0.880000</LeafGravitropism>
			<LeafDistance>0.000000</LeafDistance>
		</TreeParameters>
	</Instance>
</TreeSettings>
