<TreeSettings amount="1">
	<Instance index="0">
		<Position>
			<x>0.000000</x>
			<y>0.000000</y>
			<z>0.000000</z>
		</Position>
		<TreeParameters>
			<Seed>1</Seed>
			<Age>15</Age>
			<LateralBudPerNode>2</LateralBudPerNode>
			<VarianceApicalAngle>12.000000</VarianceApicalAngle>
			<BranchingAngleMean>43.000000</BranchingAngleMean>
			<BranchingAngleVariance>3.000000</BranchingAngleVariance>
			<RollAngleMean>80.000000</RollAngleMean>
			<RollAngleVariance>4.000000</RollAngleVariance>
			<ApicalBudKillProbability>0.000000</ApicalBudKillProbability>
			<LateralBudKillProbability>0.210000</LateralBudKillProbability>
			<ApicalDominanceBase>0.380000</ApicalDominanceBase>
			<ApicalDominanceDistanceFactor>0.900000</ApicalDominanceDistanceFactor>
			<ApicalDominanceAgeFactor>0.310000</ApicalDominanceAgeFactor>
			<GrowthRate>2.300000</GrowthRate>
			<InternodeLengthBase>0.800000</InternodeLengthBase>
			<InternodeLengthAgeFactor>0.980000</InternodeLengthAgeFactor>
			<ApicalControlBase>3.250000</ApicalControlBase>
			<ApicalControlAgeFactor>0.700000</ApicalControlAgeFactor>
			<ApicalControlLevelFactor>1.000000</ApicalControlLevelFactor>
			<ApicalControlDistanceFactor>0.000000</ApicalControlDistanceFactor>
			<MaxBudAge>8</MaxBudAge>
			<InternodeSize>0.400000</InternodeSize>
			<Phototropism>0.150000</Phototropism>
			<GravitropismBase>-0.160000</GravitropismBase>
			<GravitropismLevelFactor>-0.090000</GravitropismLevelFactor>
			<PruningFactor>0.800000</PruningFactor>
			<LowBranchPruningFactor>2.900000</LowBranchPruningFactor>
			<ThicknessRemovalFactor>99999.000000</ThicknessRemovalFactor>
			<GravityBendingStrength>0.140000</GravityBendingStrength>
			<GravityBendingAngleFactor>0.850000</GravityBendingAngleFactor>
			<ApicalBudLightingFactor>0.540000</ApicalBudLightingFactor>
			<LateralBudLightingFactor>0.940000</LateralBudLightingFactor>
			<EndNodeThickness>0.020000</EndNodeThickness>
			<ThicknessControlFactor>0.630000</ThicknessControlFactor>
			<CrownShynessBase>1.000000</CrownShynessBase>
			<CrownShynessFactor>1.000000</CrownShynessFactor>
			<FoliageType>0</FoliageType>
			<LeafSizeX>0.100000</LeafSizeX>
			<LeafSizeY>0.100000</LeafSizeY>
			<LeafIlluminationLimit>0.000000</LeafIlluminationLimit>
			<LeafInhibitorFactor>0.000000</LeafInhibitorFactor>
			<IsBothSide>1</IsBothSide>
			<SideLeafAmount>1</SideLeafAmount>
			<StartBendingAngle>45.000000</StartBendingAngle>
			<BendingAngleIncrement>0.000000</BendingAngleIncrement>
			<LeafPhotoTropism>999.000000</LeafPhotoTropism>
			<LeafGravitropism>1.000000</LeafGravitropism>
			<LeafDistance>0.000000</LeafDistance>
		</TreeParameters>
	</Instance>
</TreeSettings>
