<TreeSettings amount="1">
	<Instance index="0">
		<Position>
			<x>0.000000</x>
			<y>0.000000</y>
			<z>0.000000</z>
		</Position>
		<TreeParameters>
			<Seed>1</Seed>
			<Age>14</Age>
			<LateralBudPerNode>2</LateralBudPerNode>
			<VarianceApicalAngle>5.000000</VarianceApicalAngle>
			<BranchingAngleMean>30.000000</BranchingAngleMean>
			<BranchingAngleVariance>5.000000</BranchingAngleVariance>
			<RollAngleMean>130.000000</RollAngleMean>
			<RollAngleVariance>30.000000</RollAngleVariance>
			<ApicalBudKillProbability>0.000000</ApicalBudKillProbability>
			<LateralBudKillProbability>0.010000</LateralBudKillProbability>
			<ApicalDominanceBase>4.870000</ApicalDominanceBase>
			<ApicalDominanceDistanceFactor>0.979000</ApicalDominanceDistanceFactor>
			<ApicalDominanceAgeFactor>0.420000</ApicalDominanceAgeFactor>
			<GrowthRate>4.250000</GrowthRate>
			<InternodeLengthBase>0.930000</InternodeLengthBase>
			<InternodeLengthAgeFactor>0.930000</InternodeLengthAgeFactor>
			<ApicalControlBase>3.640000</ApicalControlBase>
			<ApicalControlAgeFactor>0.890000</ApicalControlAgeFactor>
			<ApicalControlLevelFactor>0.930000</ApicalControlLevelFactor>
			<ApicalControlDistanceFactor>0.000000</ApicalControlDistanceFactor>
			<MaxBudAge>8</MaxBudAge>
			<InternodeSize>0.600000</InternodeSize>
			<Phototropism>0.450000</Phototropism>
			<GravitropismBase>-0.330000</GravitropismBase>
			<GravitropismLevelFactor>0.350000</GravitropismLevelFactor>
			<PruningFactor>0.480000</PruningFactor>
			<LowBranchPruningFactor>4.500000</LowBranchPruningFactor>
			<ThicknessRemovalFactor>99999.000000</ThicknessRemovalFactor>
			<GravityBendingStrength>0.850000</GravityBendingStrength>
			<GravityBendingAngleFactor>0.910000</GravityBendingAngleFactor>
			<ApicalBudLightingFactor>0.850000</ApicalBudLightingFactor>
			<LateralBudLightingFactor>0.700000</LateralBudLightingFactor>
			<EndNodeThickness>0.015000</EndNodeThickness>
			<ThicknessControlFactor>0.620000</ThicknessControlFactor>
			<CrownShynessBase>1.000000</CrownShynessBase>
			<CrownShynessFactor>1.000000</CrownShynessFactor>
			<FoliageType>0</FoliageType>
			<LeafSizeX>0.140000</LeafSizeX>
			<LeafSizeY>0.140000</LeafSizeY>
			<LeafIlluminationLimit>0.000000</LeafIlluminationLimit>
			<LeafInhibitorFactor>0.000000</LeafInhibitorFactor>
			<IsBothSide>1</IsBothSide>
			<SideLeafAmount>2</SideLeafAmount>
			<StartBendingAngle>30.000000</StartBendingAngle>
			<BendingAngleIncrement>30.000000</BendingAngleIncrement>
			<LeafPhotoTropism>999.000000</LeafPhotoTropism>
			<LeafGravitropism>1.000000</LeafGravitropism>
			<LeafDistance>0.000000</LeafDistance>
		</TreeParameters>
	</Instance>
</TreeSettings>
