1,Oak,0.541431,0.541431,0.541431,14.173041,0.541431,0.541431,0.541431,0.541431,0.541431,0.541431,0.541431,0.541431,0.864313,0.864313,3.840949,14.959590,0.864313,0.864313,0.864313,0.864313,7.131676,11.571378,0.864313,0.864313,1.751194,0.504179,9.045218,14.805457,14.983408,0.504179,0.504179,0.504179,9.709535,13.406238,0.627005,1.319100,10.762851,9.080530,10.635624,14.840139,12.795719,10.424214,0.000000,0.000000,13.322008,13.566813,0.455613,8.307557,11.488831,12.255456,11.795427,12.968489,13.853315,9.626930,9.820598,10.831969,13.510283,11.422668,0.611456,8.101812,10.846505,11.797100,12.387717,12.252657,12.982465,12.550406,11.102343,11.156325,12.851101,10.880616,10.976266,12.502007,10.834405,10.877644,9.466817,10.155553,11.715660,12.295340,9.657169,11.899327,12.024461,11.718045,9.926183,10.568264,8.170198,9.120396,7.929111,9.067472,8.787685,5.935423,7.896102,7.673509,10.039286,9.673414,9.148121,9.927760,3.155812,1.688409,2.202054,2.609507,3.352200,2.406116,1.630485,4.732693,3.453020,0.821640,5.593020,5.184917
2,Oak,0.517869,0.517869,0.517869,14.748543,11.445777,0.517869,0.517869,0.517869,0.517869,6.345065,0.517869,0.517869,0.741419,0.741419,0.741419,15.345336,14.523412,0.741419,0.741419,0.741419,7.535409,13.254874,5.469963,0.741419,0.214093,2.972398,4.352805,14.544429,15.134765,13.531349,0.000000,8.868443,8.411673,13.715923,12.849738,0.000000,0.417561,8.847510,8.568036,14.891205,12.207362,14.431281,0.000000,10.318646,13.350280,14.100618,13.128004,0.314158,10.408420,12.522693,10.718847,12.964502,13.852161,12.987437,0.000000,10.153636,13.580674,11.487633,11.916881,0.758613,10.698702,11.897114,12.203741,12.190943,12.757393,11.862687,0.000000,10.194734,12.740576,11.092690,11.184215,1.713009,10.742141,10.900872,10.093063,10.141249,11.549994,9.814228,10.366824,11.731442,11.979101,9.649443,9.859693,2.717793,8.407778,8.830715,8.426343,8.959679,8.916051,6.971184,7.912233,7.664270,10.253556,9.708218,9.104198,10.007466,1.444136,2.403040,2.347061,2.235670,3.215722,2.480893,2.315719,4.792414,4.731035,0.981792,5.555023,5.173852
3,Oak,0.544078,0.544078,0.544078,12.934555,9.452949,0.544078,0.544078,0.544078,5.805919,9.585851,4.930232,0.544078,0.866992,0.866992,0.866992,14.683618,14.696084,13.297846,0.866992,0.866992,7.495873,10.428779,8.899443,0.866992,0.242322,4.349796,12.125177,15.047175,15.132276,13.577818,7.306013,1.133910,7.513208,12.674307,0.236824,0.202509,0.389833,10.527561,11.586749,14.901303,13.418404,13.749944,9.977003,0.000000,13.374284,12.407549,11.715627,0.305743,11.270167,12.381989,10.976776,12.874259,13.943439,12.937566,9.746648,12.877793,13.596674,11.494079,11.919788,0.738991,11.663743,11.526109,12.122128,12.408664,12.883690,11.294354,11.046100,11.479811,12.772465,11.144735,11.121185,7.420505,10.796916,10.705739,9.533694,10.372051,11.686137,11.044707,10.307685,11.943076,12.184000,9.978610,9.890366,10.584718,8.144914,8.956674,6.687209,9.112330,8.714051,6.218756,7.795743,7.844469,9.911738,9.634686,9.342016,9.984632,1.265156,2.447926,2.242081,2.927815,2.361594,0.450928,1.273124,3.845930,4.536547,5.223521,5.725115,4.783573
4,Oak,0.493339,0.493339,0.493339,10.435216,0.493339,0.493339,0.493339,0.493339,6.021320,0.493339,0.493339,0.493339,0.647467,0.647467,0.647467,14.879050,13.583817,0.647467,0.647467,0.647467,5.828853,11.412264,0.647467,0.647467,9.166438,0.553498,10.792716,15.281217,15.060024,0.000000,0.000000,0.000000,8.888216,13.684876,11.475294,0.202224,11.270257,11.338762,12.921807,14.885427,14.144017,11.833121,9.199615,0.000000,13.384241,13.722500,13.082194,0.560411,12.295803,12.703078,11.362453,13.052902,13.798615,11.866206,11.145390,11.664974,13.484640,11.433786,11.694237,8.255689,10.461884,11.182321,12.048341,12.007320,12.912483,12.245129,11.045098,10.828497,12.722941,12.503196,11.112332,9.238391,10.698927,10.801408,9.213171,10.380470,11.677580,11.713182,9.667746,11.947300,12.045479,9.717245,10.277514,9.286352,8.644488,9.045633,6.796924,9.121411,9.097479,6.268213,7.611060,7.959738,10.035098,9.930303,8.565428,9.511114,1.234740,1.164404,2.328969,2.747039,3.217566,1.375072,1.089476,2.069689,3.608542,3.388822,5.623368,2.873147
5,Oak,0.586345,0.586345,0.586345,14.398491,11.270206,0.586345,0.586345,0.586345,0.586345,8.302705,0.586345,0.586345,0.909218,0.909218,7.444263,14.035582,11.251714,0.909218,10.958553,0.909218,5.574908,10.460700,0.909218,0.909218,0.597101,7.691825,9.304304,15.115230,14.969034,13.974565,10.537137,0.597101,10.625207,0.816318,0.597101,0.597101,10.102519,11.035147,11.953211,14.851089,13.953758,12.972063,12.288710,10.123087,10.312938,13.798882,0.310797,1.114334,11.621688,12.594546,12.586592,13.022491,13.994272,12.341523,11.654304,12.726870,13.481370,11.543468,10.018047,1.831606,10.721688,10.633313,12.138972,12.272769,13.120378,12.585515,9.394044,10.496456,12.815257,11.016633,11.233612,11.259707,10.775002,10.820621,9.407308,10.823729,11.657964,12.200562,9.840314,11.256211,11.941210,9.762697,9.935038,10.590115,8.219049,9.075915,6.686220,9.036509,8.953984,6.115025,7.793663,8.009929,9.889196,9.545403,9.134436,9.758106,4.636982,0.000000,2.226655,2.615782,2.738922,0.000000,3.205789,4.771893,4.707441,4.016358,5.478704,5.115547
6,Oak,0.521024,0.521024,0.521024,10.309743,11.174584,0.521024,0.521024,0.521024,5.194924,10.221397,0.521024,0.521024,0.843926,0.843926,11.010173,10.025138,10.786689,0.843926,0.843926,6.023387,4.772352,12.882551,11.451027,0.843926,0.473927,10.356498,11.226994,11.354868,14.252300,5.622466,0.473927,1.039745,9.587116,13.840674,11.558112,0.473927,0.756333,7.241412,10.135022,12.550470,13.646633,9.296741,5.133365,8.305469,13.262244,13.858248,0.311277,0.305106,9.348392,9.940524,10.928348,13.011222,13.855906,11.340055,11.183321,10.547680,13.598486,11.450980,8.767978,8.134696,10.334340,11.690522,12.191558,12.424205,12.675779,11.695593,11.075613,12.613454,12.797997,12.659416,11.159940,10.830306,10.783156,10.704767,9.527186,9.421783,11.775242,10.977179,9.519188,11.935296,11.858850,12.131455,10.109117,10.727879,8.280544,8.738242,7.769161,8.966231,8.825435,7.512443,7.839550,7.738328,9.981072,9.827079,9.127487,9.534741,4.212756,0.902229,1.172467,1.714134,3.320124,0.293705,0.000000,3.806240,3.696310,0.351722,5.780138,5.017333
7,Oak,0.530456,0.530456,0.530456,14.061885,10.612713,0.530456,0.530456,0.530456,5.529252,10.002114,9.099962,0.530456,0.853334,0.853334,10.261993,14.891293,14.692525,12.932849,0.853334,0.853334,7.456567,13.264233,10.368590,0.853334,3.982857,9.565803,11.064060,15.234854,15.288844,12.412792,10.838196,0.620895,10.025203,13.723597,0.620895,3.221597,2.970662,12.482275,10.637645,14.905263,14.030167,14.365719,10.220984,8.981509,11.143364,12.869741,3.491321,3.410207,11.795609,12.545439,12.077622,14.096063,14.172231,13.154785,0.000000,12.404361,13.576394,11.492261,11.401221,10.377821,10.818148,11.159880,12.209823,12.134664,12.927230,12.500443,11.785416,10.423862,12.709394,10.832153,9.576236,3.904729,10.990686,10.795277,9.494310,10.845893,11.399924,11.816384,9.373420,11.704073,12.106894,9.644563,4.058635,10.082869,8.589642,8.906940,6.723745,9.040947,8.703279,6.142750,8.060987,7.806821,10.177029,8.978725,8.981646,9.565768,3.953543,1.850531,2.042068,2.886828,3.245451,2.385498,3.668254,4.536212,4.699092,3.998499,5.683248,5.010039
8,Oak,0.560645,0.560645,0.560645,9.771441,11.277377,0.560645,0.560645,0.560645,6.127174,4.917763,0.560645,0.560645,0.883551,0.883551,10.714303,15.171615,14.906780,0.883551,0.883551,6.060978,5.607696,11.081619,0.883551,0.883551,3.595041,0.556763,13.558404,15.287780,15.132358,10.229933,4.999095,1.091580,10.384911,13.388142,11.480548,0.643643,4.567046,12.068871,13.888542,14.923723,14.221251,11.501357,4.497087,0.000000,13.385225,13.921517,13.161126,0.304659,9.194552,12.673618,10.866982,12.573529,14.058787,0.198441,8.849291,10.172191,13.425260,11.642024,11.621377,5.480377,10.540108,11.790577,12.259804,12.266554,12.580850,11.492792,9.642325,10.957273,12.837949,11.152095,11.124412,11.607231,10.429113,11.006915,9.723478,10.213861,11.724416,10.605591,9.674437,11.699018,11.917832,10.990455,7.267028,10.109449,8.382775,8.912518,7.853711,8.970915,9.077560,7.338007,7.620978,7.905083,10.189621,9.899391,9.070693,9.959479,3.629968,1.855448,2.409028,2.598047,3.489304,2.480259,4.481874,4.860953,4.628581,2.254237,5.661535,5.597831
9,Oak,0.713042,0.713042,0.713042,14.607835,0.713042,0.713042,0.713042,0.713042,3.602007,0.713042,0.713042,0.713042,0.726963,0.726963,14.838985,15.399228,14.879935,12.727929,0.726963,0.726963,6.786186,0.726963,0.726963,0.726963,0.256868,0.553244,6.758572,15.461700,15.266097,11.601819,7.700105,7.916072,7.701537,13.581130,11.887744,0.202384,1.069991,1.709763,13.411984,14.784191,14.893527,14.304850,11.324226,10.330077,12.270443,13.761857,13.231656,0.304472,7.156985,10.581394,11.799558,12.896736,13.946991,13.009611,11.018553,10.429021,13.646733,11.354676,11.850423,10.906882,10.065915,11.723302,12.249619,12.576588,12.840865,11.844239,3.016527,9.447466,12.638155,10.942657,11.050642,10.641504,10.645025,9.754430,9.474988,10.349056,11.704842,10.804463,9.383424,10.368969,11.993561,9.765284,9.133329,10.987646,8.040039,8.773092,6.788937,9.103955,8.789798,6.633887,7.641815,8.374571,10.113523,9.642466,8.962146,10.089682,3.912243,0.908632,1.137708,2.577679,3.104212,2.303385,2.217671,4.785967,4.423746,3.126050,5.737190,4.915381
10,Oak,0.555596,0.555596,0.555596,14.876883,11.274425,0.555596,0.555596,0.555596,5.953068,10.087335,0.555596,0.555596,0.878479,0.878479,0.878479,14.949808,11.147631,0.878479,0.878479,6.474336,7.331733,13.325036,10.385094,0.878479,11.627837,0.556863,9.221501,15.087440,14.923532,0.317736,0.317736,7.038793,12.943309,13.582960,0.317736,0.317736,11.426502,10.937878,10.421268,14.979945,13.663140,13.387276,5.298202,9.880248,12.389996,8.624723,1.157966,0.304575,6.596284,12.581985,11.579973,12.778252,14.024663,10.011345,9.735752,10.091312,13.457101,13.131766,6.986476,10.647892,10.814529,12.161418,12.190624,12.187595,12.331676,11.362494,11.018060,10.711060,12.706294,10.765745,7.775230,11.309855,10.805848,10.855012,9.139163,9.881372,11.400276,10.531409,9.554731,12.001542,12.029619,11.841955,9.131724,9.742083,8.585274,9.171659,8.067432,9.055517,8.712008,7.674435,7.837382,7.823654,10.113095,9.517317,8.865733,8.933141,0.945075,0.825724,2.252248,2.798616,3.349098,0.000000,4.468139,4.876520,4.583069,4.848095,5.741412,5.033741
11,Oak,0.573874,0.573874,0.573874,14.135492,11.789558,0.573874,0.573874,0.573874,5.559895,0.573874,0.573874,0.573874,0.896489,0.896489,14.960009,15.381192,13.868440,0.896489,0.896489,5.946657,5.128942,13.453014,0.896489,0.896489,0.274892,10.210222,14.155519,15.232862,14.025006,7.493357,8.562604,9.025454,9.684980,13.703107,0.242736,8.658769,6.909891,11.139785,12.034467,11.161569,12.781360,11.312369,9.525988,0.000000,11.022420,13.933903,12.179440,9.190638,9.416313,12.633740,10.947210,12.695736,13.871062,12.873614,11.289981,10.525378,13.395029,11.504321,11.959080,10.922940,10.970835,11.051753,12.207863,12.239857,12.709249,12.394338,11.052018,11.286072,12.859097,10.773399,11.184635,2.065487,10.816759,9.981649,9.967839,10.127137,11.966215,9.114922,7.964857,11.816649,11.861059,9.710780,9.926355,9.851451,8.282762,9.087133,8.658456,9.008496,9.120590,7.380998,7.957794,7.425245,10.063376,9.681077,9.333680,9.621949,1.444099,0.779280,1.935721,2.907959,3.534330,2.285500,3.067939,3.572574,4.481231,3.872362,5.753471,5.188952
12,Oak,0.574148,0.574148,0.574148,14.464080,0.574148,0.574148,0.574148,0.574148,4.442689,0.574148,0.574148,0.574148,0.897042,0.897042,0.897042,14.918052,0.897042,0.897042,0.897042,0.897042,6.931728,8.007076,0.897042,0.897042,5.247955,7.566575,11.824371,15.104305,0.627490,0.627490,0.627490,0.627490,9.118539,6.184099,0.971178,1.746868,4.799856,10.092008,11.792909,14.877334,3.847772,7.236173,8.590202,0.530452,13.180601,4.567120,0.943617,5.984255,12.085233,12.408667,11.721004,13.103483,13.820389,8.801563,12.041512,10.866819,13.615805,11.292270,3.803360,6.314977,10.783945,11.857557,12.290147,12.204933,12.511603,11.476199,11.077309,10.780740,12.778670,10.967245,11.267846,2.792772,10.979859,10.674908,10.170164,10.367520,11.575505,12.291684,8.885134,11.790092,11.948598,9.903133,9.950559,10.695137,8.340804,8.965707,8.791437,9.041574,8.597135,6.345200,7.904538,7.942999,10.094065,9.868436,9.139035,9.948510,1.752484,0.000000,2.071770,2.556238,3.123039,2.299916,1.216156,5.124283,4.766113,0.000000,5.612620,5.162885
13,Oak,0.561412,0.561412,0.561412,14.695267,0.561412,0.561412,0.561412,0.561412,6.031723,6.807106,7.309067,0.561412,0.861356,0.861356,0.861356,15.222607,12.940252,0.861356,11.844919,0.861356,7.579319,8.031211,0.861356,0.861356,0.632257,8.474965,12.149054,15.408921,11.175922,0.453391,11.500813,8.011371,7.638396,1.015804,0.522303,0.453391,13.683331,10.433442,11.452381,14.830730,13.611922,10.408878,0.000000,8.863360,11.302819,13.897467,1.036054,0.594885,12.503274,11.494198,11.003661,12.822643,13.874014,13.084349,10.849208,8.079514,13.250013,11.338326,3.775841,4.702736,10.935463,11.887767,12.057139,12.328959,12.721073,11.833024,9.366273,10.564441,12.489004,10.955448,11.169109,9.224835,10.554553,10.975102,9.476797,10.253998,10.142011,10.400238,10.403801,11.601032,11.965030,11.488829,9.983208,10.789811,8.152612,9.106519,8.928957,9.130450,9.099645,6.788608,7.820970,7.709171,10.181870,9.547115,9.179529,9.849399,4.552460,0.828922,2.342605,1.844527,3.304424,3.089972,2.758889,4.974390,4.966264,2.542247,5.299033,5.162981
14,Oak,0.501983,0.501983,0.501983,0.675154,10.908243,0.501983,0.501983,0.501983,0.501983,7.824860,0.501983,0.501983,0.715776,0.715776,9.861499,14.953391,14.876450,0.715776,0.715776,8.730803,7.386491,9.954795,7.675724,0.715776,0.276825,1.299891,12.561303,14.977908,15.233099,10.287514,9.773679,8.889156,10.703201,9.840077,0.243577,0.203671,5.358730,6.765638,10.673530,14.789148,14.071374,10.092576,11.120126,10.307911,13.374619,2.911077,0.994167,4.926574,8.729154,11.679886,10.999673,12.858254,13.880312,11.130167,10.517731,13.041098,13.595287,7.566205,8.275430,11.217092,10.925874,11.843197,12.111848,12.080296,12.833020,12.637962,9.845313,10.628815,12.826231,10.692327,11.065488,11.467192,10.876954,10.849666,9.457848,10.315327,11.651031,11.506552,9.576154,11.707410,11.972021,9.749399,9.827546,10.629594,8.066589,8.892639,6.771870,9.166995,9.070215,6.150688,7.926065,7.784979,9.917306,9.659213,9.055053,9.995260,1.541033,0.000000,2.707507,2.840473,3.353975,0.698269,2.619009,4.714474,3.799953,2.125029,5.533643,4.631930
15,Oak,0.524308,0.524308,0.524308,14.800006,11.521873,0.524308,0.524308,0.524308,0.524308,0.524308,0.524308,0.524308,0.841681,0.841681,11.140411,15.189123,14.990211,10.202296,0.841681,5.632971,6.880448,10.154451,0.841681,0.841681,0.284154,3.182139,11.283144,14.970498,15.231397,12.875233,0.000000,8.920071,8.337233,12.263762,0.241040,0.203420,0.389582,11.405602,11.053552,14.730938,13.839324,11.432021,0.000000,10.941535,13.212130,14.077030,0.311573,8.997125,11.573478,12.515903,11.925003,12.942034,14.018816,11.247373,9.196636,11.837401,13.345366,11.409914,11.409125,11.196234,7.027746,11.507101,12.093427,12.260151,11.986554,11.172835,10.999427,9.802418,9.018263,10.703413,4.899946,4.751500,10.915490,10.331771,9.409058,10.170292,10.898884,9.612797,9.617054,11.589177,11.811583,9.597673,9.864732,8.677947,8.081729,8.845365,6.891113,8.986374,8.954288,6.163296,7.708790,8.165755,10.066224,9.813419,9.017433,10.084841,1.216939,0.891963,0.751970,0.850705,3.224718,2.297858,4.804231,4.749518,3.152226,2.378739,5.856966,5.221853
16,Oak,0.558290,0.558290,0.558290,14.782814,0.558290,0.558290,0.558290,0.558290,5.682607,0.558290,0.558290,0.558290,0.881193,0.881193,9.068110,15.446108,14.624439,0.881193,0.881193,0.881193,7.871079,10.771374,11.037452,0.881193,0.257565,6.350618,5.117656,15.429319,15.177828,10.252733,9.869543,8.388873,7.768976,10.056718,10.028629,0.203008,1.330280,7.067248,11.446229,14.842517,13.904363,9.308954,9.521751,0.000000,12.076004,12.528275,0.311325,0.305142,9.476161,11.860727,12.117355,12.993020,13.880756,10.980720,9.274958,10.540672,13.590579,11.430396,8.535154,8.831810,9.322885,11.913319,12.124202,12.085782,12.730900,10.556724,8.322583,10.881336,12.765264,10.951818,11.176038,10.810025,10.644349,10.781906,9.449332,11.678394,11.567667,10.806358,9.681737,11.797497,12.180696,11.075782,9.941829,10.918123,8.080311,8.946651,6.384163,9.008592,7.829402,7.753808,7.889617,7.922519,10.073273,9.969682,9.022721,9.968539,0.000000,0.000000,1.988105,2.361165,3.449626,2.150817,3.249058,4.752972,4.657865,4.007864,5.505616,4.969758
17,Oak,0.509502,0.509502,0.509502,15.048511,9.768485,0.509502,0.509502,0.509502,0.509502,0.509502,0.509502,0.509502,0.738046,0.738046,14.296655,15.072794,11.917105,0.738046,0.738046,8.559154,4.781974,0.738046,0.738046,0.738046,3.329413,10.515687,15.088427,15.370478,14.912707,13.295798,0.835233,8.918023,9.562282,0.816281,0.373702,0.373702,3.111711,7.948955,12.011440,15.024026,14.020634,14.275950,0.484880,10.360983,13.190259,10.098751,0.311111,0.705803,8.014344,10.384480,12.129290,12.862129,13.907050,12.010664,4.595655,10.300866,13.530921,11.424292,0.998767,1.212307,10.710539,11.536690,12.182125,12.021999,12.724022,12.184594,6.522279,8.603759,12.783795,10.846030,9.954004,0.000000,10.764952,11.024394,10.542421,10.034313,11.807383,12.121922,9.687002,11.881080,12.010459,9.876336,10.013475,9.910485,8.092708,8.772175,6.599727,8.606196,8.718448,6.346686,7.853415,9.570587,10.331583,9.526934,9.259586,9.825767,0.768423,1.038035,0.000000,2.823102,3.291328,2.176606,2.388236,2.844907,4.656923,4.563333,5.725057,5.129503
18,Oak,0.520271,0.520271,0.520271,11.908612,10.101538,0.520271,0.520271,0.520271,0.520271,0.520271,0.520271,0.520271,0.838138,0.838138,0.838138,15.002194,14.832949,12.341076,0.838138,6.785203,7.557183,12.799492,0.838138,0.838138,4.320253,8.937428,11.744359,15.042155,15.073142,3.147589,0.207306,8.943414,9.688076,13.572806,0.675651,0.202614,5.225483,10.062860,11.702563,14.609126,13.843588,12.896749,0.000000,0.000000,9.959404,14.002846,13.053144,0.305422,10.620237,11.628392,11.599109,12.873583,13.884031,13.052399,0.000000,0.000000,9.068943,11.504617,10.838496,1.198068,10.833397,11.905733,12.092376,12.173680,12.587565,12.116935,9.097505,10.445414,11.742680,10.889413,11.164997,12.406922,10.752436,10.859461,9.320972,10.300200,11.665215,12.090107,9.544357,11.448582,11.928682,10.053994,9.950282,10.748592,8.030791,8.919470,8.497459,8.975962,8.947202,6.023182,7.886045,8.143286,10.075204,9.618250,9.220605,8.752810,0.827820,0.607093,0.629146,2.393830,3.170485,3.151078,4.602116,4.612077,4.523157,1.121456,5.720298,5.080101
19,Oak,0.593615,0.593615,0.593615,14.710099,0.728824,0.593615,0.593615,0.593615,5.019502,7.835639,0.593615,0.593615,0.993508,0.993508,10.804376,14.841593,15.023848,0.993508,12.144705,0.993508,6.630520,10.389928,0.993508,0.993508,0.241953,0.993236,11.308029,15.135443,15.404389,11.328169,12.653397,8.172836,10.002628,11.501266,0.236467,0.202081,0.773212,11.081232,11.350295,14.787880,13.657124,13.420676,12.524321,11.632234,11.953435,11.102769,0.310740,1.116790,11.492361,12.621348,12.414917,12.756986,13.868351,12.800000,12.752625,8.796209,13.605321,10.838492,11.873514,11.592871,10.763830,11.743510,11.196605,12.013108,12.946102,12.745374,10.917530,10.046620,12.729955,10.907817,11.461957,9.957415,10.751493,10.855981,10.453122,11.312717,11.720797,11.751906,9.636562,11.326273,11.838948,10.194678,9.844575,9.340648,8.149234,8.803661,7.785030,8.927617,8.956600,6.137026,7.924414,8.741113,10.463213,9.768636,9.149373,10.133416,1.214313,0.814360,0.847044,2.051022,2.496700,2.370790,3.716626,4.648495,4.793082,2.400353,5.391115,5.235732
20,Oak,0.502811,0.502811,0.502811,14.583235,9.858128,0.502811,0.502811,0.502811,0.502811,8.326230,8.767769,0.502811,0.707562,0.707562,6.695398,14.773413,14.166278,0.707562,9.065006,9.015733,7.533629,7.948411,8.291048,0.707562,0.563109,8.593733,11.845140,15.161186,15.173052,1.766174,11.230053,9.212389,8.807257,13.793602,0.243683,0.203171,0.396729,10.685403,11.993407,14.882511,13.795138,6.412369,0.729195,9.980800,13.214646,13.314030,9.637773,8.558315,10.899375,11.596911,11.250833,12.781966,13.813988,6.763172,12.065592,10.850879,13.491706,11.766683,12.089119,13.335928,10.950045,11.609273,12.256803,12.073021,12.788198,9.595086,10.994181,11.423965,12.852578,10.952579,11.139999,12.517475,10.714610,10.839315,9.902956,10.145007,11.692633,10.641919,10.800006,11.812485,12.012336,11.289394,9.834993,9.706014,8.226213,8.957671,6.711941,8.978065,8.871067,7.564409,7.852840,8.347674,9.977975,9.485998,8.933878,10.178633,4.917660,0.552444,1.363682,2.748196,3.360354,2.438819,0.000000,3.759580,4.622177,2.931347,5.633321,4.994462
21,Oak,0.503352,0.503352,0.503352,14.596321,10.772957,0.503352,0.503352,0.503352,4.244524,0.503352,0.503352,0.503352,0.723185,0.723185,10.958686,15.123744,12.609274,12.074958,0.723185,0.723185,7.636255,0.723185,0.723185,0.723185,0.299190,10.134410,10.809751,15.053324,11.794066,11.736827,9.638344,0.000000,9.960338,12.115722,0.242424,0.202755,11.198661,11.509597,11.927454,14.903624,11.003953,11.668622,10.324745,0.000000,13.135935,12.027596,2.260788,1.985880,9.796507,12.075589,11.629567,12.639702,11.417877,8.814011,0.000000,9.576424,13.497161,11.688311,0.000000,9.751869,10.724913,11.896257,12.096433,12.272543,12.807250,10.813894,9.088758,10.963084,12.864981,11.025494,6.572797,12.504337,9.053558,8.415855,9.397195,10.220210,11.992288,12.122740,9.635782,11.922858,12.012872,9.805462,9.453342,10.592452,8.165382,8.800328,6.854102,9.177283,8.951127,7.103768,7.890870,7.840366,10.179999,9.693989,9.044631,10.042377,4.880188,1.068961,2.428677,0.508124,3.159506,1.269698,0.000000,3.604592,4.180651,2.707236,5.801781,5.370151
22,Oak,0.506251,0.506251,0.506251,14.857821,11.461776,0.506251,0.506251,0.506251,0.506251,0.506251,0.506251,0.506251,2.453373,0.737554,11.193076,15.353527,11.623578,10.414111,0.737554,0.737554,7.573840,13.254814,0.737554,0.737554,2.097901,3.370004,11.234118,15.612720,8.534440,9.734386,12.193322,9.031646,10.394765,13.632340,11.417528,0.843685,8.305400,11.231885,13.713895,15.029969,14.083645,9.540885,11.820195,10.299959,13.428007,13.793166,7.511661,0.591788,10.920546,11.826039,11.914964,12.761773,13.743040,8.056022,10.057278,10.628990,13.818343,11.536935,11.628098,10.785206,11.035436,11.837389,12.153594,12.006448,11.823966,10.824423,8.825959,12.777542,12.923058,10.895138,3.073430,10.187010,10.864196,10.575806,9.366502,10.366472,11.754634,11.374841,9.506300,10.896934,11.860123,9.753964,10.020211,10.265489,8.380699,8.848234,6.866635,8.964593,8.626841,7.874745,7.853843,7.848969,9.991038,9.495631,8.977967,9.826952,1.293003,0.975052,1.877627,2.760631,3.137916,2.374822,3.147731,4.785279,4.594137,4.145500,5.794662,2.836595
23,Oak,0.518967,0.518967,0.518967,14.694920,8.717307,0.518967,0.518967,0.518967,4.439420,0.518967,9.234861,0.518967,0.727445,0.727445,14.789096,15.234002,13.950902,0.727445,0.727445,0.727445,7.648933,10.285106,11.285604,0.727445,0.280822,9.432642,12.045918,15.072212,15.142509,0.621501,0.000000,0.687542,10.218762,13.760836,10.965680,0.203394,0.397604,11.050512,11.976526,14.816483,13.898067,12.332790,0.000000,0.000000,13.090535,13.948298,11.572033,0.665593,5.792427,10.861588,11.828071,12.971746,14.000570,12.827284,7.293423,10.088693,13.515184,13.318920,11.020932,0.654437,7.444169,11.825050,12.090343,12.836322,12.709563,12.400282,11.061557,11.602094,12.821836,11.097670,8.189476,9.994064,10.754650,10.883018,9.522920,10.681121,11.852015,12.164371,9.839405,11.602699,11.877294,10.016857,10.038383,10.771667,8.378999,8.559087,6.679449,8.950466,9.018670,6.218461,8.030511,7.757583,9.877954,9.801867,9.079000,9.977917,4.609679,0.000000,2.514880,2.506708,1.913776,2.492200,2.207633,4.479069,1.129921,5.688931,5.456874,5.008170
24,Oak,0.556417,0.556417,0.556417,14.742434,0.556417,0.556417,0.556417,0.556417,4.927594,0.556417,0.556417,0.556417,0.840104,0.840104,10.217716,15.250514,11.813538,0.840104,0.840104,8.500526,7.667094,10.988537,0.840104,0.840104,0.452869,7.888039,9.152867,15.283956,15.150063,9.952613,0.452869,8.837199,9.807333,13.895274,0.452869,0.452869,0.789838,10.526509,12.180645,15.043851,14.156727,9.771738,0.000000,8.127182,11.586143,14.021552,0.313004,0.302727,11.200722,10.045004,11.605634,13.639832,13.854173,7.780074,8.267442,10.355344,13.495975,11.397431,8.743468,10.840472,9.309865,11.632540,12.271312,11.709387,12.721026,12.375263,10.821060,11.480093,12.877978,10.912055,11.188866,10.159399,10.271267,10.358191,9.350680,10.192934,11.470650,11.055047,10.087831,11.896877,11.976694,9.823917,9.924237,9.541950,6.567282,8.943507,6.808518,8.860862,8.589157,6.122423,7.851015,7.910242,9.970437,9.123504,8.026377,8.831882,1.392793,1.073976,2.084019,2.523891,2.750969,2.128834,4.297316,4.774410,4.580913,1.795600,4.916539,5.228387
25,Oak,0.502910,0.502910,0.502910,14.804967,11.220840,0.502910,0.502910,0.502910,5.433368,10.474457,0.502910,0.502910,0.749032,0.749032,0.749032,14.837294,15.058619,9.391266,0.749032,0.749032,6.853910,12.281240,6.424550,0.749032,1.652298,8.442553,9.284828,15.024095,15.146492,13.509759,0.412537,0.412537,9.407013,13.407784,12.047365,0.692619,12.647223,12.258905,10.359677,14.805118,13.873631,13.558108,0.000000,0.000000,12.439474,13.786535,0.311002,0.304592,12.700971,12.517739,10.908543,12.751095,13.930691,13.226181,7.407811,10.369749,13.427298,11.982499,8.594617,11.042783,11.596619,11.901729,12.198172,12.305744,12.814070,11.924142,8.670585,11.367478,12.965051,12.058363,10.795324,9.937569,10.849185,10.769621,9.419723,10.201958,11.663899,10.108050,9.602450,11.844023,11.919684,9.905989,9.982634,10.800570,8.332712,8.948954,6.615065,8.878119,8.796443,7.152200,7.889525,8.203926,10.199167,9.817429,8.792693,9.360326,2.312886,0.886009,1.801410,3.225948,3.428979,2.185107,0.000000,4.588219,4.987252,1.413428,5.595892,5.105474
26,Oak,0.515874,0.515874,0.515874,13.556933,11.236622,0.515874,0.515874,0.515874,5.633095,10.155066,0.515874,0.515874,0.743434,0.743434,10.576123,14.861667,12.610953,9.947934,0.743434,0.743434,7.579617,10.352741,0.743434,0.743434,0.403385,1.643306,14.125152,15.195897,13.463305,14.286998,0.403385,0.403385,10.357458,13.640162,0.403385,0.403385,13.219353,11.758398,12.069543,14.808797,13.851600,14.258878,4.933554,6.377180,10.308002,13.922541,9.205264,0.306838,12.542632,12.742249,11.755125,12.796642,14.151259,12.854177,8.919883,8.874461,6.735726,10.477661,10.161160,0.669429,12.180407,11.864103,12.370659,12.210938,12.756350,12.238535,10.026218,10.492888,10.078815,9.941915,11.117408,11.850550,9.023604,10.976018,9.447842,10.178641,11.509318,11.185042,9.740192,11.702951,11.954217,9.369646,9.593493,10.899341,8.280272,8.973557,6.882590,9.042795,8.817011,7.461742,7.784649,7.805895,10.288433,9.819266,9.104760,9.968081,0.000000,1.364283,0.000000,2.704291,3.417505,2.387812,0.250758,4.592116,4.630901,4.614988,5.703463,4.842013
27,Oak,0.520363,0.520363,0.520363,14.870691,11.290287,0.520363,0.520363,0.520363,5.540240,9.435215,0.520363,0.520363,0.841782,0.841782,11.174226,15.082952,15.213696,11.472239,0.841782,0.841782,7.494107,13.288763,8.545555,0.841782,0.424032,8.612581,14.839599,14.976639,13.781766,8.108711,0.924884,0.890761,10.229879,13.635274,11.964573,8.027477,0.394401,10.994116,13.067615,15.102841,11.984113,11.371859,0.364551,0.364551,12.650474,13.846996,13.006918,10.653980,6.621813,12.515052,11.484692,12.036208,13.921151,11.567001,10.343200,9.139350,13.637962,13.354831,11.958000,8.560204,10.904464,11.549609,12.059648,12.293378,12.735209,10.471021,10.817975,11.589428,12.694662,11.960287,11.077884,9.046519,10.798878,8.415064,10.173548,10.960345,11.660877,12.207023,10.921525,11.809335,12.049316,11.515804,9.879395,8.016896,8.269485,8.954473,6.780373,8.970107,9.034023,7.856194,7.915557,7.218569,9.938756,9.657440,9.059114,9.329314,0.000000,0.000000,2.112877,2.663291,3.211318,2.191435,0.976478,4.721752,4.694488,5.050309,5.676048,3.625184
28,Oak,0.494483,0.494483,0.494483,13.275098,9.874127,0.494483,0.494483,0.494483,5.634737,8.321932,8.183493,0.494483,0.725160,0.725160,6.990788,14.705957,9.692101,0.725160,0.725160,0.725160,7.358016,11.568494,8.562292,0.725160,11.816339,10.191008,11.698326,15.041127,14.944534,11.933133,0.000000,9.159915,9.037525,13.842505,12.317833,0.201940,13.359839,12.416496,11.834652,15.080252,14.612536,13.308506,0.000000,0.000000,8.108619,14.040572,12.375366,10.949607,12.149594,12.570148,10.843846,12.905589,13.999459,11.226169,8.963087,10.626936,13.430019,10.961672,2.484873,10.623664,8.479778,11.876062,11.986671,12.475732,12.932639,9.964798,9.842818,10.815773,12.776605,10.702790,2.317421,3.991599,8.817704,10.551214,9.700656,10.335509,11.297069,7.227247,9.652768,11.809766,12.106502,7.092229,9.318233,8.753516,8.174580,8.812603,8.134933,9.122438,8.884836,7.696856,7.878976,7.727084,10.216390,9.993526,9.184428,9.971429,0.000000,1.103177,0.000000,2.675161,3.244596,0.000000,1.969036,4.312050,4.879798,2.100056,4.218355,5.123463
29,Oak,0.531817,0.531817,0.531817,14.397021,10.270588,0.531817,0.531817,0.531817,5.251043,0.531817,0.531817,0.531817,0.738982,0.738982,0.738982,15.325382,14.837985,11.318098,0.738982,7.923423,7.188211,13.015150,9.990934,0.738982,0.438423,3.222154,11.523125,15.160316,14.257126,13.138678,0.438423,8.084732,10.181941,13.912199,0.438423,0.438423,1.475315,9.218879,13.494798,14.992943,13.515747,10.599940,0.000000,0.000000,12.894097,13.869876,12.060478,7.260652,11.000945,11.780626,11.790502,12.787885,13.681179,11.831188,0.000000,10.184341,13.566976,11.298035,11.150214,5.092281,10.847473,11.897947,12.064420,12.322846,12.707338,11.991944,8.087454,10.442079,12.720388,10.796435,11.228639,9.517258,9.623523,10.964500,9.192162,10.212132,11.795000,11.749176,9.546457,11.725321,11.725855,9.737763,10.139542,9.475886,8.253716,8.901503,8.540512,8.389057,8.924667,6.280114,6.569101,8.951568,10.102054,9.669771,9.050097,8.344268,2.532140,0.574077,2.322183,1.387497,3.038786,2.283464,0.000000,3.594264,4.389998,2.204032,5.514194,5.023159
30,Oak,0.507505,0.507505,0.507505,14.117217,8.317831,0.507505,0.507505,0.507505,0.507505,0.507505,0.507505,0.507505,0.729736,0.729736,0.729736,14.829029,14.903307,13.538220,0.729736,7.945162,6.705858,13.317986,0.729736,0.729736,6.291082,5.404946,11.687278,15.114151,15.230391,13.432751,0.389508,8.896542,10.270797,13.554016,0.389508,0.529323,8.268218,8.794035,12.089068,14.887074,13.803055,13.526946,1.633594,9.115447,13.403471,13.968184,1.204692,0.660472,12.770153,12.645121,11.837828,11.867762,13.772015,10.042610,1.405909,13.144414,13.635284,10.539870,1.894120,1.345104,10.836711,11.159245,12.064834,12.144525,12.662065,8.558651,7.374949,10.798502,12.654738,12.012722,9.540073,8.140874,10.829653,10.850788,9.098475,10.378280,11.811173,11.104500,7.695778,8.649384,11.830176,9.770610,9.965014,10.332368,8.059340,8.930633,6.886374,8.944963,8.852224,8.647357,7.905920,9.810131,9.946434,9.685680,9.362939,10.089813,4.694719,0.000000,2.261403,2.735134,3.542328,2.251080,4.631332,4.505353,4.040958,0.482197,5.620739,4.815841
31,Oak,0.542146,0.542146,0.542146,13.915309,0.542146,0.542146,0.542146,0.542146,5.805965,7.905053,0.542146,0.542146,0.851039,0.851039,3.810043,14.667128,14.971908,0.851039,12.671621,6.742302,7.274530,13.613288,10.215218,0.851039,0.260958,4.536582,11.594112,15.248863,15.117583,13.506085,12.851516,9.699625,10.801448,13.658560,12.657223,0.204885,2.716628,5.270449,13.756487,15.033887,13.661586,14.394596,11.732966,10.072475,12.551955,4.115221,11.110165,1.366935,0.896816,12.547854,11.037921,13.791135,14.012096,11.473532,11.500758,13.531946,13.567057,11.518723,8.156997,0.699655,6.241871,11.368597,12.013284,12.012280,12.849722,10.520010,11.147308,12.655814,12.786906,10.902744,11.209989,11.568933,9.538783,10.941208,9.331078,10.339384,11.634862,11.735140,9.668222,11.645307,12.002984,9.681882,9.970581,10.761210,8.380945,8.854855,8.545643,9.147481,8.937777,6.673521,7.779572,5.560879,9.603771,8.456945,9.114007,9.594301,0.648294,0.581106,2.589739,3.177665,3.295454,2.145939,2.702667,3.662225,3.613410,0.000000,5.513784,4.966033
32,Oak,0.551571,0.551571,0.551571,7.453317,11.331624,0.551571,0.551571,0.551571,0.551571,6.897396,0.551571,0.551571,0.842550,0.842550,5.480740,15.071148,14.857229,0.842550,0.842550,5.459591,6.021245,8.062039,0.842550,0.842550,8.135144,0.553619,11.808522,15.062863,15.343836,14.285736,0.364236,6.160143,9.835190,10.599167,0.364236,0.364236,10.326909,10.140985,11.809782,14.749557,13.603991,14.561992,0.000000,10.476852,13.387521,13.584545,1.071715,8.393023,12.612148,11.784871,11.236278,12.765162,14.052374,12.891016,9.680350,10.454590,13.690877,11.550103,8.960616,12.562516,10.747483,11.955784,12.154520,12.268563,13.019962,12.220146,9.456232,8.161531,12.744203,10.740182,11.218163,11.566529,10.809699,11.009370,9.450773,11.374427,12.084364,12.300388,9.565517,11.895903,12.193132,9.800743,9.864171,8.935908,7.744952,8.761833,7.073577,9.058610,8.941731,6.225319,4.517424,7.745945,10.018892,9.756090,9.020411,10.056222,2.470718,0.156531,2.063075,2.655625,3.413774,2.755070,3.084807,4.932940,4.724165,3.690243,5.476389,4.837164
33,Oak,0.564915,0.564915,0.564915,13.875317,11.197997,0.564915,0.564915,0.564915,0.564915,0.564915,0.564915,0.564915,0.887824,0.887824,12.931322,14.901078,15.035383,0.887824,6.711661,7.399719,7.503959,0.887824,0.887824,0.887824,4.623359,9.292747,11.644557,15.210694,15.416926,8.003161,10.145175,8.518223,10.431081,13.353426,0.575922,0.575922,12.220465,11.296255,14.834088,14.789591,13.545281,11.750094,10.166729,11.484003,13.442918,13.770095,1.930456,0.649990,12.694387,12.074813,11.030192,12.574790,13.729175,13.018737,10.904108,10.725890,13.461917,11.383891,10.574096,7.908405,9.081143,11.886955,12.293278,12.167620,12.761032,12.630480,6.966388,12.617313,12.772188,10.839786,11.097892,0.994054,10.250350,10.837830,8.983602,10.284635,11.684883,12.034717,9.614309,11.809605,12.026569,9.775239,10.088169,7.759106,8.372064,8.989300,6.773712,9.200110,8.894933,6.208620,7.726893,8.713614,10.059968,9.656243,8.928217,10.012040,0.598811,0.577256,2.164626,2.501442,3.409486,3.450487,3.206818,4.519918,3.175891,0.866074,5.640364,4.964462
34,Oak,0.537462,0.537462,0.537462,11.321761,5.929111,0.537462,0.537462,0.537462,5.065547,6.647867,0.537462,0.537462,0.860324,0.860324,9.568978,14.832424,11.303527,0.860324,0.860324,0.860324,5.812748,13.520403,10.192173,0.860324,2.468904,9.444506,8.609908,15.174243,13.377983,12.579230,0.460798,7.674688,12.425138,13.570101,12.564764,0.460798,0.389275,10.128598,10.960133,15.052489,13.794519,13.513779,1.319181,10.179504,12.727837,11.493085,1.148977,0.628327,8.844275,11.762196,11.018295,12.786721,14.011710,12.554317,10.862521,10.286546,13.373685,11.621387,7.978955,10.654151,10.486953,11.753193,12.165093,12.233765,12.775184,11.959692,10.943819,12.219132,12.881946,12.176374,10.934843,12.210061,10.875026,10.945942,9.483479,10.210628,11.233816,9.482649,11.028004,11.024935,11.974524,9.850223,10.126907,10.618455,8.134399,8.942032,6.465757,8.974130,8.798347,7.379633,7.690685,7.908865,10.112371,9.538766,9.062295,10.032334,0.000000,0.000000,2.068068,2.569315,3.202362,1.539936,1.388860,4.627337,4.856805,1.832926,5.568974,4.942093
35,Oak,0.535996,0.535996,0.535996,13.791094,10.411177,0.535996,0.535996,0.535996,5.732636,0.535996,0.535996,0.535996,8.545688,0.749801,7.626182,15.018801,13.043372,0.749801,0.749801,0.749801,5.354606,0.749801,0.749801,0.749801,10.655868,7.277370,11.027849,14.914515,13.150573,12.978444,10.910733,9.053253,10.190031,13.737150,0.233689,9.089012,12.681687,10.390908,11.985805,14.859429,13.931674,14.350180,8.939283,0.000000,12.783363,13.718298,0.313208,1.196428,12.458478,12.393621,11.282123,13.830895,14.031272,12.796059,10.482683,10.466609,13.338968,12.727578,11.142452,1.997399,9.119472,11.872041,11.188897,12.394164,12.818615,12.476911,9.933881,12.776069,12.782279,10.931317,10.899431,5.843294,5.834745,10.393687,8.459856,10.376992,11.567263,12.106191,9.168447,11.850192,11.997000,9.884736,9.878447,8.301834,7.256677,8.783356,4.479288,8.930730,8.598832,6.298441,7.908443,7.461113,9.201272,9.621346,8.391343,7.750355,1.505511,0.000000,2.124119,0.994957,3.351745,1.162865,4.407875,4.752217,4.892029,0.000000,3.755512,4.901402
36,Oak,0.509372,0.509372,0.509372,13.518632,10.163581,0.509372,0.509372,0.509372,0.509372,6.749791,0.509372,0.509372,0.755447,0.755447,9.458570,14.003695,12.059845,9.265082,0.755447,8.785495,7.546214,5.160721,0.755447,0.755447,0.241892,2.729140,9.962919,15.303193,15.154497,13.576427,10.743443,8.634287,7.612068,13.595708,0.236479,0.202053,13.276649,9.669376,10.194497,15.217035,13.867491,9.445810,6.134409,9.116630,13.763315,13.724326,0.309566,1.084390,12.800035,12.519205,11.409418,12.853051,13.659091,0.269311,7.595036,10.725831,13.450776,11.418175,0.450920,10.848622,10.979959,11.931524,12.271107,12.148486,12.738105,10.819201,11.015812,12.129519,12.845271,10.860656,9.974791,11.639022,10.777221,10.982930,9.330809,10.305698,11.629723,11.855203,9.681395,11.782747,12.078485,9.698137,9.788657,8.652781,8.133888,9.066457,6.835350,8.945646,8.981244,8.791934,7.817518,8.745354,10.008759,9.813205,9.389463,9.975970,3.853216,1.740632,2.192276,2.436447,3.351710,2.344836,3.342931,4.816715,3.683388,1.214569,5.827829,4.978930
37,Oak,0.568970,0.568970,0.568970,0.568970,10.740046,0.568970,0.568970,0.568970,4.235865,0.568970,0.568970,0.568970,0.891815,0.891815,10.601490,7.918169,13.582623,12.695980,0.891815,8.277552,7.488041,3.741350,0.891815,0.891815,0.283700,0.569875,10.996332,14.152601,15.348257,14.200955,0.000000,9.325130,10.077027,13.576955,0.240596,0.202870,0.397789,1.388047,11.517791,15.219135,13.979881,13.776070,0.000000,0.000000,13.202749,13.925474,10.853281,0.630534,1.003294,9.810997,10.971735,12.934757,13.930940,14.013155,10.614617,10.794515,13.589396,11.415259,10.939741,9.910070,9.770587,11.928241,12.161901,11.953665,12.794091,12.518005,10.579602,11.401361,12.834796,10.912238,3.441004,7.811867,10.875074,10.818640,9.645625,11.192950,11.526192,12.104466,9.671173,11.759999,12.058737,10.114073,9.072866,9.751803,8.821074,8.957960,8.937599,9.113997,8.745957,5.989384,7.950465,8.082563,9.957176,9.669210,9.324203,10.045467,4.779330,0.762065,2.145087,2.664608,3.442246,2.461793,3.198739,4.968049,3.895718,2.394033,4.384201,5.085929
38,Oak,0.548027,0.548027,0.548027,13.814617,10.458399,0.548027,0.548027,0.548027,0.548027,8.259402,0.548027,0.548027,0.865390,0.865390,11.064880,15.085829,11.161448,10.179173,0.865390,8.704488,6.978819,8.565333,0.865390,0.865390,0.243004,7.475194,11.459933,15.075730,11.992368,9.828268,8.841763,8.944912,9.968754,13.592694,0.154550,0.200731,6.723559,10.719428,12.015976,14.810365,15.064419,6.869710,8.888743,0.000000,13.253912,13.601052,8.861143,7.763168,11.709923,11.961828,11.903230,12.889328,14.028716,13.207758,11.445740,9.681334,13.539877,11.999496,6.839608,10.913576,10.536951,10.392053,12.152187,12.203390,13.034608,12.496538,11.019591,10.579102,12.812629,10.760912,11.011036,7.234356,10.757560,10.809873,9.385754,10.332582,11.568652,11.443774,9.660572,11.698518,12.027449,9.883987,9.856584,10.480334,8.087073,8.932203,6.573787,9.200035,8.927009,6.196421,7.959971,7.882815,10.212369,9.938563,9.132997,10.045194,1.489085,1.894575,2.519929,2.247899,3.272219,3.395747,1.744972,4.859900,4.458685,3.156108,5.473466,5.571157
39,Oak,0.560262,0.560262,0.560262,14.090866,8.740281,0.560262,0.560262,0.560262,5.701365,10.004934,0.560262,0.560262,0.865563,0.865563,14.311009,15.014642,7.342608,0.865563,0.865563,0.865563,6.262097,12.626288,0.865563,0.865563,0.430712,0.740560,7.403282,15.326692,11.189293,5.939566,0.430712,0.938126,11.897910,13.809953,0.430712,0.430712,12.250014,8.672632,12.000068,11.981476,12.515123,10.628153,9.437671,8.852614,13.339308,13.958410,13.080083,11.304461,12.049769,12.347922,12.568558,12.755062,13.948268,12.702168,8.551358,10.581707,13.529985,13.120591,10.639187,1.552683,6.018543,11.885646,12.235540,12.366605,12.814749,12.432775,8.603422,11.051773,12.811748,11.382781,10.313304,5.514029,9.634207,10.989384,9.586913,11.490746,11.654442,11.927670,9.039096,11.520515,12.103474,9.985939,9.944062,8.399466,8.078012,8.840089,8.075527,8.966193,8.858868,7.740067,7.545349,7.833154,10.033375,9.823689,9.172162,10.087027,0.798885,1.075908,1.498223,2.682866,2.301557,2.328404,1.360539,2.588090,4.532860,4.028330,5.528970,5.025349
40,Oak,0.544704,0.544704,0.544704,10.661288,0.544704,0.544704,0.544704,0.544704,5.947805,6.430129,10.644682,8.441916,0.867589,0.867589,9.896858,15.302081,0.867589,0.867589,9.527662,0.867589,7.767675,13.617163,11.258444,0.867589,0.433505,9.495183,9.744031,15.067342,8.968806,0.433505,10.849987,8.503860,10.119317,13.577744,12.078906,0.433505,0.388677,12.249936,14.347159,14.733891,13.752147,10.903587,12.883410,9.130903,12.659404,13.939812,13.066867,8.519213,10.504942,12.360767,11.712639,12.729345,13.917930,12.595242,12.879719,7.971748,13.285182,7.842389,8.756013,9.643849,11.646669,11.675126,12.343410,12.027817,13.063291,12.596487,6.699661,11.121604,12.886756,9.544875,11.114277,12.141479,10.590947,10.881203,9.590634,10.236370,11.693130,11.909597,9.450441,11.791137,12.275594,9.875029,10.033456,10.844717,7.854221,8.486551,6.747443,9.117649,8.922743,6.450253,7.845267,7.513802,9.734753,9.481334,9.502625,9.774134,0.818232,1.885125,2.605715,3.353543,2.955590,2.170777,1.267788,4.871334,4.597361,2.044723,5.635261,5.489961
41,Oak,0.537973,0.537973,0.537973,0.675190,10.678202,0.537973,0.537973,0.537973,6.084029,10.224336,0.537973,0.537973,0.855532,0.855532,10.948426,10.205079,15.047675,0.855532,11.449299,8.826788,8.054531,10.227981,0.855532,0.855532,0.324803,0.556563,10.530953,14.637750,15.311900,14.341211,12.287271,8.709556,8.933958,0.816496,0.324803,0.324803,7.834101,9.028665,11.817219,14.896447,13.848178,14.420345,12.756376,10.464253,12.670261,1.273028,0.308915,0.306581,10.587247,10.920383,12.564230,12.948111,14.138893,11.124701,12.890268,10.498640,13.381335,9.835533,8.435150,11.632331,10.919813,11.797826,12.073336,11.976933,12.739726,10.564129,10.464418,10.556099,12.725736,10.881149,11.165129,11.957247,10.706053,10.594611,9.562387,10.389991,11.685202,10.082971,10.416259,11.988938,12.025640,9.737102,10.085135,10.303542,8.164734,8.812082,6.684048,9.031108,9.088532,7.306248,7.850697,7.607351,10.051842,9.549655,9.186812,9.969815,0.496253,1.080667,2.046978,3.156350,3.243005,2.841560,3.798230,4.663729,4.547410,5.084258,5.596071,5.014687
42,Oak,0.581345,0.581345,0.581345,14.861936,11.251631,0.581345,0.581345,0.581345,4.156563,0.581345,0.581345,0.581345,0.904263,0.904263,10.036810,15.061896,11.453726,0.904263,0.904263,0.904263,7.301814,4.351715,0.904263,0.904263,0.624558,0.572447,11.738655,15.217957,15.064942,0.572447,0.572447,0.572447,10.257677,10.446668,0.636105,0.572447,0.909036,9.306747,12.157188,12.894803,13.626676,0.000000,10.115900,0.000000,10.546063,8.378434,8.924047,12.497046,6.338725,11.670829,12.013844,13.138511,13.958756,8.903596,11.873213,10.524365,13.476519,11.780557,10.828575,12.650049,9.069052,10.967292,12.165124,12.276408,12.461532,12.519698,10.376191,11.514042,12.768206,12.274005,11.250724,11.419453,10.729171,10.828897,10.233136,10.124843,11.804051,11.179125,9.673310,11.716540,11.851331,9.746927,10.009852,9.822458,8.133634,8.927771,6.915969,8.198392,8.722570,6.092572,7.192857,7.776537,10.229540,9.658121,9.130450,8.550193,1.415956,1.300305,1.748924,2.574127,3.416218,0.502137,3.509878,4.672065,4.752841,3.056831,5.320880,4.965721
43,Oak,0.520460,0.520460,0.520460,14.654505,11.403020,0.520460,0.520460,0.520460,0.520460,0.520460,0.520460,0.520460,0.723983,0.723983,6.786388,15.334667,14.849809,2.489413,0.723983,8.533249,7.350471,13.102957,0.723983,0.723983,0.426182,0.548093,8.227184,15.344927,15.098700,2.597329,1.184727,9.158510,9.817259,13.872437,0.426182,0.426182,0.430282,10.223360,11.680058,15.075935,14.003713,10.964705,0.000000,9.121194,13.611944,13.907955,0.309811,0.307779,7.225726,12.548912,11.304534,12.943165,14.072602,13.874290,7.511218,10.688774,13.541880,5.500698,0.000000,0.685337,10.516939,11.779817,10.843625,12.077196,12.776494,12.546454,9.345617,10.694851,12.740297,10.930693,10.238126,8.588328,10.891573,10.845706,9.428495,11.091727,11.865501,12.227520,9.617637,11.423469,12.167665,9.833966,9.982834,10.735680,8.659618,8.908668,6.764808,9.040695,8.815712,6.167785,7.865856,9.747946,10.047293,9.729331,9.002445,9.972258,1.759859,0.000000,0.000000,2.381701,2.797399,1.927110,2.758216,4.264817,4.501173,4.644739,5.537036,5.171025
44,Oak,0.632895,0.632895,0.632895,13.362104,0.632895,0.632895,0.632895,0.632895,5.980480,0.632895,0.632895,0.632895,1.028157,1.028157,1.028157,14.956363,13.690317,1.028157,1.028157,6.918097,6.886429,4.181893,1.028157,1.028157,0.283765,0.553634,11.703163,15.292134,15.193096,9.345958,8.914536,8.803241,6.625877,13.779361,12.502967,0.203000,0.389421,12.520192,12.683623,15.088640,14.217933,12.589346,7.057925,10.405330,13.780295,13.869486,13.346905,0.637317,11.910595,12.825848,12.656826,13.367056,14.236849,12.735458,6.855010,10.642826,13.551407,11.451859,11.798098,10.685249,10.862506,11.261139,12.136236,12.094257,12.642357,12.443309,7.806428,12.149333,12.972043,12.233807,11.120402,11.214972,10.502568,10.858150,9.439750,10.207232,11.547915,11.857141,9.690380,11.676702,11.992048,9.608676,9.839208,10.203436,8.526881,8.863376,6.911044,8.998458,8.904638,6.813058,7.918686,9.606124,10.142200,9.655670,9.151131,10.050175,1.624825,0.863050,2.744049,2.782137,3.044757,2.664112,3.816457,4.706762,3.918076,2.384472,5.555552,5.431585
45,Oak,0.552873,0.552873,0.552873,14.675411,11.353146,0.552873,0.552873,0.552873,5.949681,0.552873,0.552873,0.552873,0.745847,0.745847,10.710163,14.840475,11.623169,0.745847,0.745847,0.745847,6.467100,4.818288,0.745847,0.745847,0.236643,0.434063,11.679374,15.147477,15.069965,0.000000,0.000000,8.357350,10.188536,0.816436,0.236607,0.202098,0.397594,11.376534,12.318386,14.943200,13.412409,11.270823,11.637012,9.050682,12.627285,8.863071,10.476940,0.307451,3.929806,12.571732,10.890721,12.733754,13.876722,11.800167,12.820326,9.123534,13.672146,10.612370,10.906091,0.750485,9.737344,11.932171,12.055008,12.651155,12.696263,12.442199,11.125916,10.569239,12.787892,10.877109,11.051508,8.815402,10.766253,10.757036,10.267097,10.194474,11.636053,10.457473,9.166574,11.865959,12.016545,9.576214,10.020196,10.843340,8.227519,8.905304,9.079430,9.189249,8.941788,6.163543,7.825489,7.808475,10.086522,10.182012,9.134899,10.051882,0.000000,0.567707,2.200902,1.918890,1.413224,1.724338,0.000000,4.758951,4.150261,4.954549,5.328679,5.113970
46,Oak,0.502285,0.502285,0.502285,0.502285,0.728763,0.502285,0.502285,0.502285,5.576641,0.502285,7.974571,0.502285,0.741315,0.741315,10.666286,14.683901,11.524144,0.741315,0.741315,0.741315,7.840661,10.551395,9.756480,0.741315,0.395160,0.549143,10.135857,15.278824,11.728783,0.395160,0.395160,0.395160,9.375732,13.545794,12.939254,0.395160,5.399377,10.072133,12.513563,14.822740,13.682019,7.119344,5.902319,3.592278,13.006310,13.819949,13.088026,0.305544,10.258944,12.446205,12.016852,12.728890,14.139794,10.033976,10.985239,3.891703,13.344817,11.468392,11.527022,2.090050,11.179050,11.983937,12.091574,12.464180,13.157793,12.377100,10.905283,10.996783,12.535502,11.161204,11.298668,11.642618,7.760846,10.388097,9.256621,10.102334,11.625524,12.224114,10.609150,11.823010,11.946777,9.750251,9.051689,10.690303,8.315373,8.291181,7.445206,9.159176,8.952903,7.269981,7.769306,7.754561,10.102146,9.666388,9.211527,10.140804,1.415785,0.874594,2.142425,2.521832,3.388049,0.000000,3.847457,3.522858,4.476342,2.254628,5.403144,5.342056
47,Oak,0.532619,0.532619,0.532619,14.621861,11.434930,0.532619,0.532619,0.532619,5.680081,0.532619,0.532619,0.532619,0.855475,0.855475,7.250306,15.071706,15.049644,0.855475,0.855475,7.906520,7.220996,10.279552,8.772752,0.855475,0.642835,9.150312,12.044657,15.247024,15.114666,0.430440,0.430440,8.873651,9.402658,13.342344,0.578892,0.430440,0.397648,10.259768,11.845551,14.758584,13.934035,14.141850,10.956159,9.322432,13.921160,13.890347,0.309372,0.307366,10.556615,12.278067,10.732362,12.727163,14.098952,6.788092,0.279136,10.365121,13.540087,11.531910,2.289359,2.907685,10.945770,11.897300,9.948707,12.111648,12.817286,12.623161,9.169910,11.604333,12.847527,10.756597,6.396516,9.753847,10.817832,10.847475,9.613697,10.153022,11.596794,10.583173,9.674971,11.977992,11.967737,9.852645,10.028057,10.743624,8.202810,9.105865,7.599591,8.983270,8.932060,6.783824,7.867236,7.966923,10.057962,9.700760,8.909140,10.129964,4.031381,1.201544,0.000000,1.472203,3.351046,0.000000,3.322314,4.512467,4.399885,2.324782,5.673769,4.918547
48,Oak,0.505878,0.505878,0.505878,13.544561,8.671022,0.505878,0.505878,0.505878,0.505878,8.129911,0.505878,0.505878,0.741219,0.741219,10.635965,15.034283,8.564872,0.741219,0.741219,0.741219,7.394967,11.605264,8.755360,0.741219,0.365440,3.626351,11.175911,15.161594,14.928699,12.077750,10.868559,7.407047,9.319124,12.692633,0.365440,0.365440,0.389087,0.437443,11.725835,14.989790,13.710999,13.019388,11.490958,9.836695,13.435486,13.848750,1.120685,1.422627,8.492331,10.515280,10.865723,12.976733,13.944849,12.412271,12.079309,10.411234,13.621667,12.106441,7.597729,9.622801,10.803344,11.965809,10.849615,12.168818,12.784184,12.600907,11.174878,11.373968,12.841055,10.704499,8.552861,11.082757,10.781643,10.731622,9.617610,10.341208,11.516063,10.048712,10.832350,11.603762,11.823496,9.718368,9.641538,10.377096,8.125296,9.032019,6.701083,9.153657,7.717851,4.431304,7.926138,9.407955,10.024517,9.406021,9.302292,10.051300,4.160566,0.883549,1.353972,2.611702,1.962410,0.000000,3.543932,4.934901,4.487650,2.294027,5.358793,4.399511
49,Oak,0.518867,0.518867,0.518867,14.687958,10.616065,0.518867,0.518867,0.518867,5.927955,0.518867,0.518867,0.518867,0.730260,0.730260,5.957299,14.811703,11.296902,13.440613,0.730260,0.730260,6.675656,12.752617,11.591960,0.730260,9.328329,8.863759,11.572164,15.142617,11.708106,14.346855,0.464766,0.590518,8.669414,13.629461,11.429559,0.956262,12.345929,12.194674,13.789213,14.889327,14.950089,14.382056,12.522960,0.328318,12.687937,13.933203,1.937165,0.640574,12.716487,11.770159,11.257351,12.333861,14.359837,12.820132,11.928119,5.060709,13.530930,13.756975,11.864799,1.605470,10.616174,12.127957,12.149687,12.315604,12.793436,12.503157,11.005821,10.995888,12.766064,11.076715,11.123013,4.466074,10.601483,10.848395,10.183188,9.975249,11.689288,12.285911,11.017741,11.836202,11.956011,9.833064,10.031857,10.524441,8.160971,8.757423,8.453080,9.094448,8.856223,7.190596,7.763653,7.810798,10.197569,9.370246,8.762633,9.947145,3.275382,1.122825,1.509568,1.725009,3.128748,1.495169,2.570650,3.567002,4.177334,4.799088,5.482953,5.048566
50,Oak,0.525851,0.525851,0.525851,0.525851,10.814488,0.525851,0.525851,0.525851,5.627231,0.525851,0.525851,0.525851,0.748449,0.748449,10.492199,14.164577,12.619802,9.992361,0.748449,6.706989,7.601291,11.170034,8.592934,0.748449,10.620983,9.685628,11.723149,14.525831,15.029382,14.292146,0.752102,8.385159,10.578742,13.208765,12.006020,0.465405,12.159041,10.640996,12.225850,14.914387,14.193006,14.292152,7.656938,8.778981,10.760031,13.599116,12.163709,0.610625,10.463992,11.713403,11.323062,12.801070,14.259972,13.684479,10.259368,10.661436,8.867764,11.433624,1.733992,9.561316,10.937837,10.990421,12.039942,12.606063,12.930711,10.869477,10.617970,11.348402,12.263326,9.183937,3.924120,11.190633,10.886690,9.446755,8.736595,10.291471,11.741610,10.185328,9.609869,11.618601,12.170240,9.670809,9.807910,9.831753,8.170872,8.631195,7.005224,9.219213,8.806971,6.132632,7.639476,7.621585,10.125394,9.580896,8.980632,8.826349,2.066555,1.072630,0.000000,2.652934,3.378246,1.966327,3.700652,4.775335,4.649936,3.390225,4.432282,5.148330
