1,Oak,0.958889,0.958889,0.958889,0.958889,0.958889,0.958889,0.958889,0.958889,0.958889,0.958889,0.958889,0.958889,8.250205,0.903709,1.041148,8.384201,12.291528,5.614046,1.920648,1.934154,0.903709,0.903709,9.270565,6.259006,13.031415,0.314038,10.787113,14.425365,15.177630,13.400300,12.693885,8.790208,3.047252,0.584178,11.236784,13.383027,13.242109,11.734044,12.316610,14.526559,13.620130,13.238695,12.921834,10.367706,12.269416,9.976761,13.328297,13.076554,12.783333,11.938089,11.467779,11.779396,13.807411,12.926773,12.505784,10.817792,13.538137,11.426128,11.218123,13.237159,11.105717,11.723901,11.999144,12.137739,12.834199,12.370134,10.844728,11.626222,12.889983,10.718760,11.396932,12.102248,10.574936,10.535988,9.368299,11.776526,11.635207,11.553331,9.608261,11.683881,12.056582,9.701864,9.897807,11.026309,8.214729,8.790667,5.661507,8.117590,8.471089,5.792721,7.546680,7.708643,10.033010,9.813500,8.287457,9.680491,1.284016,0.384457,2.050269,2.234827,3.028061,0.000000,2.589998,3.733546,4.672266,3.414293,3.136458,4.349927
2,Oak,0.865006,0.865006,0.865006,3.001047,0.865006,0.865006,0.865006,2.864118,0.865006,0.865006,0.865006,0.865006,1.380421,2.849604,9.950586,3.621445,0.917430,10.161059,10.916624,0.917430,4.190258,6.340671,0.917430,3.266553,14.009136,2.726148,11.846963,14.554358,7.551175,14.215980,11.467796,9.292769,7.646008,11.348569,10.688839,14.798699,14.109475,12.292710,11.945259,14.965864,13.912735,13.979184,12.425093,10.379073,10.735201,14.013218,13.113402,13.104725,12.324740,12.576714,11.371942,12.182305,13.878559,12.442790,12.864905,10.074158,13.393997,11.503381,11.869938,13.214635,10.767758,11.872446,12.255971,12.125343,12.580878,12.463994,10.954403,11.463820,12.917745,10.620190,11.455732,12.374816,10.807929,10.947650,9.757415,10.119755,11.702494,12.284990,11.530199,11.190916,11.439944,9.726195,9.762392,10.706420,8.998528,8.621183,7.035196,9.120493,7.420110,6.029006,7.834684,8.369308,9.950919,9.441995,8.734087,10.174424,1.332314,0.000000,1.195603,1.183593,3.331804,0.961426,0.857567,4.385453,4.785876,3.603383,4.859912,4.175496
3,Oak,0.948613,0.948613,0.948613,0.948613,0.948613,0.948613,0.948613,0.948613,0.948613,0.948613,0.948613,0.948613,3.837588,0.901447,10.490595,14.769462,14.923715,0.901447,0.901447,0.901447,0.901447,0.901447,0.901447,0.901447,3.044421,7.864461,7.680942,15.125536,15.116924,0.000000,0.000000,0.275538,1.180452,13.179172,10.485820,0.000000,11.009336,12.438866,13.700102,14.871918,13.202154,14.342974,5.967838,5.090438,11.313530,13.857645,13.266751,10.429628,10.744933,12.802879,11.573092,12.856285,13.079838,13.256908,5.994728,10.545924,11.821681,11.111530,11.145124,10.789397,10.916049,11.625292,11.597082,12.217807,12.495421,12.796793,11.054458,10.713775,12.813924,11.066088,11.352485,12.469533,10.682906,10.774014,9.298641,10.330589,11.771126,12.404298,9.631816,11.723436,11.424602,9.255326,10.032878,10.798099,8.170870,8.875341,7.890188,9.166215,8.859989,6.606588,8.122334,8.437714,10.112272,9.616573,8.880382,9.859039,2.213781,0.875891,1.741089,0.453395,3.552685,2.357550,1.375294,4.054728,4.408981,2.369889,5.772563,5.249023
4,Oak,0.816453,0.816453,0.816453,0.816453,0.816453,0.816453,0.816453,2.831729,0.816453,0.816453,0.816453,0.816453,0.944296,0.944296,8.870206,8.969812,14.219562,3.131934,1.833388,0.944296,0.944296,0.944296,0.944296,0.944296,0.000000,8.153372,10.200491,9.405603,14.752556,14.244062,8.976148,9.073043,8.605110,0.000000,0.000000,0.000000,11.764952,12.209515,12.153876,10.373927,14.076510,14.327275,9.135477,10.465987,6.902083,6.442950,6.820349,4.523275,12.759463,12.518268,11.770465,12.120841,13.657346,13.088207,12.970286,11.079525,11.485670,10.464424,10.060055,10.280908,11.682270,11.982139,12.009089,12.003383,11.926317,11.910760,11.098187,10.730568,12.708473,10.936337,11.180305,10.458417,10.887176,11.014821,9.080747,9.932080,11.660988,12.343841,12.312384,11.513792,11.593392,9.652373,9.895528,10.789089,7.884631,8.928620,6.887085,9.051541,8.405013,6.699318,7.751538,7.684627,9.069583,9.768604,9.020570,10.072025,1.181581,1.147567,2.337502,0.000000,0.837786,0.000000,0.000000,3.549981,2.618425,3.249565,5.358978,4.735866
5,Oak,5.961940,0.822674,0.822674,9.194894,0.822674,0.822674,0.822674,0.822674,0.822674,0.822674,0.822674,6.336653,9.608846,0.835958,7.830804,10.317151,10.442506,0.835958,3.793622,7.711165,0.835958,9.325920,7.750090,11.358416,13.815711,9.142278,11.507909,14.818117,14.075624,13.903125,8.767955,9.317433,9.103758,13.701955,12.290638,13.057330,13.748476,11.289604,14.701631,14.894979,13.964336,13.898890,12.960102,9.171584,10.533544,13.937082,13.383029,12.831635,12.843911,12.556189,11.751874,12.831409,14.072060,12.736085,12.541209,10.688669,11.782804,11.511185,11.908134,13.449143,10.734932,11.902463,11.810692,11.976410,12.917754,12.476394,10.969028,10.598703,12.782847,11.158413,11.037651,12.616614,10.741838,10.504212,9.326557,10.198502,11.731449,11.156543,9.912753,11.323268,12.133374,9.587789,9.728387,10.763463,8.139101,8.921079,6.732767,9.049851,8.915215,6.211716,6.822788,9.501783,9.832500,9.634663,9.183442,9.773895,1.104775,0.000000,0.000000,0.000000,1.476187,1.533198,4.354337,3.967433,3.889473,0.000000,5.100171,4.908959
6,Oak,0.727850,0.727850,0.727850,0.727850,0.727850,0.727850,0.727850,0.727850,0.727850,0.727850,0.727850,0.727850,7.398012,0.690097,0.765491,0.690097,0.690097,0.690097,12.229464,8.268695,0.690097,8.570536,7.951572,7.426222,10.836277,7.009409,7.009439,12.305178,10.501471,3.809786,12.783735,8.723830,8.045623,13.762228,7.891052,11.140713,12.725696,7.820648,11.291820,11.836657,11.937445,11.578392,13.148405,9.398049,12.363447,13.962881,11.930692,12.251700,13.078534,12.372556,11.222327,12.368650,12.447942,12.133039,12.842793,10.659262,13.230874,11.532427,11.699943,13.280185,10.948303,11.635457,11.924307,12.238298,12.462644,12.501628,11.005387,11.391622,12.958366,11.060987,11.270712,12.383672,10.716489,10.881184,9.574754,9.994873,11.235486,11.416534,9.628435,11.770674,11.870980,9.619078,10.249818,10.981762,8.210342,8.190021,6.682397,8.955489,8.979261,6.298090,7.931630,7.706753,9.827208,9.622526,8.962372,9.889272,0.000000,0.000000,2.244829,0.664636,0.643638,1.312337,1.786688,5.014511,4.633204,3.693898,5.711209,1.864514
7,Oak,0.889156,0.889156,0.889156,0.889156,0.889156,0.889156,0.889156,0.889156,0.889156,0.889156,0.889156,9.669516,12.031600,3.776242,0.945812,3.283387,3.130305,0.945812,0.945812,8.855106,7.694224,10.192227,9.759891,13.614353,13.881243,9.167248,7.091870,10.685626,12.276415,0.000000,0.000000,8.874232,9.187227,12.684237,12.119178,14.836068,14.332633,11.794577,10.086801,14.896069,13.903394,9.541758,7.384841,9.205272,11.287151,12.943226,11.697259,13.262258,11.973751,12.453855,12.522685,13.299489,12.850597,12.862629,10.627947,11.886365,13.405454,11.413756,12.001334,13.121539,11.059120,11.987071,11.783271,11.280127,12.707609,12.406322,10.882531,10.597831,12.929632,10.605555,11.218829,12.370313,10.656515,10.747146,9.880349,10.253625,11.635335,11.602046,9.818376,11.840878,11.795607,9.649169,10.000811,10.748272,8.028270,8.856137,7.038680,9.011343,8.931550,7.211319,8.206547,7.884668,9.524755,9.607337,9.312846,9.834494,0.950950,1.184826,0.000000,2.714668,0.000000,0.000000,0.000000,4.868252,4.654695,0.622647,4.670120,4.315988
8,Oak,0.942813,0.942813,0.942813,0.942813,0.942813,0.942813,0.942813,0.942813,0.942813,2.729437,7.490795,0.942813,1.751996,0.961291,1.702134,0.961291,7.465277,4.352216,5.017461,8.412291,5.361785,2.464474,9.551215,3.742002,7.022057,6.372060,11.605042,11.264036,11.130979,9.252234,7.149277,8.647760,6.168004,3.850397,11.912076,4.357366,14.109578,9.893190,12.113840,12.406379,14.021360,12.702928,12.252913,8.726120,10.417119,13.969596,13.194053,13.233473,12.816544,11.667192,11.822290,12.003234,13.731221,12.740840,13.024837,10.713648,12.401649,8.403214,11.916881,12.986354,10.775476,12.071191,12.325225,11.758923,12.589190,12.493200,11.507798,10.993642,12.836583,11.296453,11.351539,12.205210,10.925961,11.127960,9.488566,10.037347,11.547137,12.415014,10.372397,11.748529,12.131687,11.082573,9.677675,10.645965,8.234973,8.991606,7.030382,9.119128,8.895166,6.078256,7.862991,7.492220,10.068474,9.557566,8.446124,10.092703,3.462224,0.000000,1.348815,1.263266,2.483516,0.926200,4.268455,4.535953,4.766995,4.486310,5.255376,5.015987
9,Oak,0.919715,0.919715,0.919715,0.919715,10.524755,0.919715,0.919715,0.919715,0.919715,0.919715,0.919715,0.919715,7.594792,0.971059,5.332728,14.929529,11.084591,0.971059,7.630967,8.508802,1.682503,8.950234,8.829353,9.769655,11.831086,0.883918,10.882014,14.992414,14.825424,13.456474,11.691106,8.700480,9.217788,13.379397,11.111980,9.487499,11.446828,11.808203,11.871121,14.271062,13.653698,13.692360,12.676709,9.469718,12.284135,13.989782,13.339001,13.253775,12.690825,12.526051,11.062795,10.691586,13.656402,12.640315,12.617166,10.457034,12.778028,11.831276,11.801098,12.626917,11.049602,12.067663,10.316028,11.923512,12.979912,12.241814,10.733582,10.992762,12.667643,10.669334,10.592720,11.972285,10.139293,10.912673,9.392711,10.059958,11.383818,11.883103,9.757736,11.640053,11.497123,9.179286,10.114391,10.603077,7.744189,9.178457,6.677431,9.107484,8.922011,6.177132,7.941260,7.854637,10.079350,9.585088,9.094963,9.843781,4.769383,0.000000,2.187310,2.719014,2.708822,3.124822,0.000000,4.799854,4.554395,1.904158,3.836906,4.753279
10,Oak,1.081968,1.081968,1.081968,1.081968,1.081968,1.081968,1.081968,1.081968,1.081968,1.081968,1.081968,1.081968,13.376202,3.255723,1.542428,3.977993,10.518019,7.007086,3.625363,3.787565,7.170131,8.823945,9.094436,7.881632,14.056426,10.673606,11.275855,10.743574,14.845634,13.191079,12.069004,8.511244,10.146399,12.233470,11.904080,12.737436,13.045538,11.355891,9.545259,13.690881,13.593661,14.264667,12.865196,9.291304,10.336029,13.942995,13.238708,13.254499,12.906823,12.356214,10.871682,12.649438,13.426326,12.080506,12.727116,10.837886,12.534432,11.511784,12.259901,12.997745,11.000004,11.795656,12.043651,12.163048,12.520319,12.563312,10.810103,10.641609,12.358280,10.900263,11.309139,12.136540,10.991405,11.037055,9.523655,10.081001,11.690041,12.064870,9.581646,10.700585,11.871280,9.841368,9.774335,10.830099,8.050360,8.906867,6.607536,8.964219,8.724275,6.397926,7.581289,7.958718,10.028886,9.119555,8.561820,10.165628,0.000000,0.000000,0.000000,0.000000,2.303298,0.000000,0.000000,3.053148,4.404577,2.413903,4.997117,4.896370
11,Oak,0.805590,0.805590,0.805590,0.805590,0.805590,0.805590,0.805590,0.805590,0.805590,0.805590,0.805590,0.805590,9.906131,0.972887,3.736029,6.018836,10.227675,0.972887,1.227794,2.845512,0.972887,0.972887,2.722475,7.218670,13.628845,8.086985,0.371427,12.896110,10.848298,14.212297,12.215782,9.167754,7.740803,13.263850,8.066227,12.520677,14.426044,10.699198,11.894407,12.721943,13.466844,14.384349,13.027692,10.661806,9.777668,13.827599,13.171952,13.058762,12.924528,12.543191,11.169017,12.659334,13.320021,13.034080,12.217220,10.837872,13.495063,11.800219,11.457949,12.819803,10.878109,11.396982,12.073449,12.068778,12.685884,12.483147,9.010700,11.170688,13.047922,11.135566,11.108068,12.523427,10.938388,10.929581,9.525459,10.136269,11.803954,12.354785,9.811423,11.797269,11.883788,9.801182,10.148866,10.920244,8.453690,8.945380,6.875450,8.668493,8.990908,6.190762,7.028785,7.829311,9.607534,9.518444,9.196510,10.063711,0.000000,0.000000,0.000000,2.807536,1.032690,2.595684,0.000000,3.924413,3.937381,0.000000,5.051474,4.911069
12,Oak,0.722517,0.722517,3.377050,0.722517,0.722517,0.722517,0.722517,0.722517,0.722517,0.722517,0.722517,0.722517,0.801998,0.801998,8.052220,5.717562,1.875973,1.572041,0.801998,0.801998,4.250086,7.652868,7.237422,0.801998,0.706580,7.381876,10.260265,9.179992,7.616300,9.045074,7.119307,0.804081,9.203807,13.448348,9.012109,0.706580,9.567268,10.576685,11.467108,12.145354,13.993737,13.295344,12.822016,9.865610,13.866618,13.539827,11.743851,10.414123,10.820685,9.708029,11.043105,12.808292,13.338496,12.726809,12.629908,10.619106,12.711713,10.963361,11.929046,11.313599,10.813993,10.814569,12.139400,12.094995,12.687276,12.616386,10.596280,11.588387,12.672560,10.919188,11.339334,12.182929,10.825442,10.779056,9.759152,10.204535,12.064695,12.140704,9.938781,11.876121,11.927846,9.718996,9.907055,10.434910,8.375605,8.839768,6.729838,9.078009,8.969267,6.247457,7.937759,7.698981,9.763919,9.659807,8.837539,10.114364,2.752000,1.482122,0.000000,1.764626,2.259087,0.000000,0.000000,4.738709,4.810104,0.806060,4.318105,4.947337
13,Oak,7.737956,0.980098,0.980098,0.980098,0.980098,0.980098,0.980098,0.980098,0.980098,0.980098,0.980098,0.980098,11.148810,4.373279,3.133375,0.640670,0.640670,6.824552,9.144248,1.985084,1.934561,0.640670,0.640670,14.324944,14.406808,9.538668,11.532146,13.365603,0.000000,12.095709,12.607480,9.034275,4.679367,12.678444,13.217597,14.639802,14.068437,12.528162,11.413459,14.247207,11.763820,11.562038,13.058365,9.272607,8.939016,13.869039,13.163762,12.194480,13.070250,12.712201,12.639009,12.682147,14.034652,12.761680,13.155927,9.974703,12.812567,10.721692,12.104093,13.164531,11.092737,11.741044,12.001092,11.951560,11.372521,12.501924,11.213800,11.150034,12.713637,10.972797,11.046258,12.534324,10.904088,10.066577,9.788372,9.525629,11.704466,12.337839,9.692095,11.413280,11.219501,9.700294,9.680637,10.565590,8.661525,8.619752,6.900154,8.746524,8.699870,6.408655,7.599051,7.254094,10.077365,8.539513,8.945860,10.042094,0.000000,0.947790,1.362779,2.336884,0.603851,2.476626,4.623566,4.643689,4.757736,5.645390,5.471498,4.833119
14,Oak,7.683739,1.009810,1.009810,5.735168,1.009810,1.009810,1.009810,1.009810,1.009810,1.009810,1.009810,9.538377,10.742290,4.836554,1.937071,6.037579,1.244787,8.898992,11.192969,3.222321,7.776130,8.499840,10.456966,14.397789,13.044936,10.370827,0.458052,14.661140,14.241948,12.991085,12.617876,8.632610,7.931891,12.186136,11.830028,14.457596,14.138384,10.263798,9.654857,14.647305,13.658315,14.558951,12.405825,9.748995,10.016328,13.696824,13.192187,12.087494,12.860335,12.728222,11.209075,12.806892,13.616148,12.193031,12.559754,10.247448,11.886252,11.383781,12.076461,12.409561,10.646445,11.707183,12.123517,12.067101,12.679850,12.257581,11.354263,10.953446,12.771158,10.964423,11.160492,12.691897,10.649949,10.902096,9.431768,10.265281,11.697041,11.448336,9.691720,11.696228,11.605177,9.746183,9.967515,10.959134,8.228194,8.789495,5.538479,8.836932,8.776274,5.785549,7.368824,7.164537,9.838124,9.757516,8.989418,10.048660,0.029271,0.222949,0.692775,0.000000,3.252116,0.000000,1.409592,4.771790,4.510694,0.000000,5.205675,4.778792
15,Oak,0.856672,0.856672,0.856672,0.856672,0.856672,0.856672,0.856672,0.856672,0.856672,0.856672,0.856672,0.856672,1.002122,1.002122,2.187132,5.412236,1.219026,1.002122,3.124141,1.108860,1.002122,9.602672,11.411888,5.970563,9.056376,10.414143,9.579864,14.544162,6.147562,10.956556,8.964848,2.499419,9.677855,13.742686,12.550972,8.470304,12.314734,10.413177,12.127187,14.774860,13.706294,14.385332,9.054012,9.953759,13.187012,13.875796,13.136569,11.919330,12.874069,12.587190,10.407448,12.887958,13.591976,12.928228,12.951294,10.648935,13.056752,11.503946,10.608039,12.419438,10.558304,11.787249,11.899136,12.044911,12.413498,12.558145,11.170210,10.828907,12.869939,10.720933,11.188162,12.427104,10.835077,11.083305,9.647919,10.225421,11.083726,10.809241,11.465123,11.797862,12.145662,10.028011,10.255315,10.810961,7.980938,8.455527,7.186532,8.424990,8.875948,6.047779,7.044169,7.717144,10.141070,9.626822,8.719617,10.254809,1.619786,1.082719,1.984097,1.738835,3.039588,2.291835,3.848696,4.777352,4.614755,2.124227,5.679791,5.020616
16,Oak,0.947728,0.947728,0.947728,12.580499,0.947728,0.947728,0.947728,0.947728,0.947728,2.909083,10.182774,0.947728,8.638983,5.160897,7.376979,14.689233,10.599519,0.956253,0.956253,0.956253,2.569359,7.406016,10.587846,13.230243,13.923689,11.160809,10.793874,15.195943,14.458984,1.617157,2.343534,8.627025,8.689657,13.677155,12.028689,14.381567,13.979356,12.173038,11.981095,14.854966,14.544543,0.838057,9.588767,9.228444,10.483745,13.876221,13.474568,13.379432,12.979771,12.475958,11.077513,12.702632,13.941374,12.602554,12.682564,10.628271,12.576339,11.470031,12.101876,13.358919,11.048226,12.108308,12.099380,12.021605,12.581123,12.180141,10.984035,12.671623,12.796160,10.851593,11.252418,12.557028,10.912999,10.077619,9.619806,10.165691,11.704642,11.884758,9.836398,11.777494,12.141035,10.082285,10.028350,10.700081,8.382832,8.912990,6.660485,8.563239,9.053993,6.205861,7.851106,7.965130,10.068661,9.838838,8.863426,9.766463,3.312545,2.145686,2.167878,0.000000,0.000000,0.000000,3.961192,3.620469,3.932516,1.981184,4.545036,3.780857
17,Oak,0.700166,0.700166,0.700166,0.700166,0.700166,0.700166,0.700166,5.342722,0.700166,0.700166,0.700166,0.700166,5.778584,0.898929,5.764205,0.898929,0.898929,0.898929,2.604644,6.352526,4.323673,1.258873,10.650743,14.377319,6.012237,3.077829,11.891619,14.411375,1.532604,0.525641,0.414630,8.900563,10.112122,9.914232,12.305268,14.494759,11.870323,10.656492,11.619439,14.783503,7.725041,10.872095,12.355874,9.473237,11.062265,10.769181,12.733005,13.321482,12.744527,12.510497,11.952847,12.743238,12.980511,12.070407,12.634334,10.755685,13.427807,11.391064,11.253212,13.079575,10.906665,11.725903,12.015576,12.022355,12.885255,12.251345,11.111565,10.414102,12.756496,10.947659,11.300220,12.521688,10.689642,10.743911,9.842727,10.254961,11.523823,12.035789,9.621623,11.234075,11.901997,9.926337,10.272897,10.909740,8.306489,8.787765,7.948376,8.247995,8.997733,9.070337,7.817174,7.154352,10.232395,8.544406,9.045126,9.991065,4.933524,0.000000,1.811804,1.825780,2.389902,1.842897,4.133480,4.780432,4.897645,1.028103,2.728306,3.551694
18,Oak,1.011630,1.011630,1.011630,1.011630,1.011630,1.011630,1.011630,1.011630,1.011630,1.011630,1.011630,1.011630,1.059772,1.059772,1.059772,8.881939,9.202117,6.058589,2.846238,1.059772,1.059772,1.059772,1.059772,1.059772,0.522497,4.015946,11.792324,14.682055,13.437069,13.885218,10.977327,8.528204,9.804899,12.895258,0.522497,0.522497,3.129003,12.073205,11.911842,14.752656,13.836536,14.451269,12.827689,10.083803,10.465919,13.224194,8.220428,6.453291,9.102306,12.112908,10.956862,12.963223,14.155765,12.872269,13.068472,10.710607,12.878323,11.367660,10.997706,10.029973,10.719765,11.843689,11.576605,12.173146,12.806139,12.748208,11.212530,11.393954,12.783238,10.964012,11.218346,11.923428,10.746931,10.789359,9.518997,10.031954,11.824759,11.939670,10.731233,11.844287,11.974328,9.767536,9.755982,10.661608,8.201147,9.205900,6.670772,8.968770,8.348561,6.315008,8.134480,7.222226,9.486342,9.684714,9.024765,9.930870,4.010174,1.610031,0.000000,2.676571,3.295277,0.000000,3.676332,2.545562,4.875840,2.273968,5.689017,4.356421
19,Oak,0.809622,0.809622,0.809622,0.809622,0.809622,0.809622,0.809622,0.809622,0.809622,0.809622,6.011356,0.809622,0.000000,2.396873,3.413314,4.323056,0.000000,0.000000,6.769328,8.625746,7.499763,8.990740,9.816034,5.873500,9.030105,0.000000,11.605948,10.690758,6.883136,12.566182,12.610655,9.131634,10.008844,12.938248,11.988788,10.079173,12.990935,9.612247,12.155030,12.854654,13.061204,13.932823,12.814376,10.315623,10.605294,13.888850,13.287954,13.157798,12.821948,12.067952,10.822005,12.768618,13.104558,12.548130,13.001662,10.392014,12.895258,11.473313,11.949898,13.227359,10.756129,11.883442,12.189330,12.199059,12.765152,12.483767,10.928606,11.517070,12.668570,10.922395,11.764455,12.851295,10.277076,10.788238,9.680473,10.483918,11.739704,12.125209,10.001345,11.321944,11.514588,11.492943,9.948567,10.739964,8.157505,8.804924,6.511876,9.205092,8.775768,4.709322,7.547364,7.674886,9.969381,9.687568,8.979268,8.832739,1.183685,0.000000,1.053409,2.004193,1.925888,0.790943,0.242759,3.925342,4.292284,1.295297,4.892823,5.015818
20,Oak,1.010442,1.010442,1.010442,8.517006,1.010442,1.010442,1.010442,1.010442,1.010442,2.726146,1.010442,1.010442,1.249222,1.249222,2.595582,9.948792,10.026699,7.186500,1.249222,3.249579,4.932346,6.286130,1.652069,1.746344,0.000000,5.118696,11.926893,12.161381,12.776937,10.494553,0.000000,9.247244,8.161363,13.488636,12.317710,7.752037,11.580566,10.372700,11.991853,14.058145,13.738677,11.058286,9.442069,10.369793,10.445361,14.035617,13.180940,12.455560,12.826590,11.596939,11.203722,12.653929,13.964894,11.790545,11.184706,10.525604,12.382910,11.493266,11.201594,13.298851,10.951493,11.423648,12.177445,12.068602,12.727438,11.562917,11.313327,11.448789,12.633711,11.099582,11.337895,12.262274,11.024406,10.848367,9.315577,10.067182,11.581641,12.301484,9.626866,11.940154,11.918095,11.602845,9.888402,10.266844,7.012293,8.997918,7.846145,7.191422,8.865568,7.470912,8.203658,7.838830,9.876069,9.492845,9.239264,10.000541,1.332764,0.898925,0.675521,1.691326,2.177713,2.155658,3.661628,4.845781,4.486491,1.808327,5.237282,0.824606
21,Oak,1.057423,1.057423,1.057423,1.057423,1.057423,1.057423,1.057423,1.057423,1.057423,1.057423,1.057423,1.057423,1.144015,1.144015,4.003397,1.221282,1.144015,1.144015,5.085213,4.389959,5.564388,10.044236,1.144015,3.784663,8.068704,0.361830,4.981324,14.296644,7.289887,1.323019,9.527622,9.084089,13.149288,14.022240,9.138159,10.094191,14.074189,11.706679,13.759082,14.744091,13.530426,12.918819,11.194371,9.247345,10.920212,13.969192,13.174927,13.124490,12.965605,12.533993,11.901835,12.672141,13.266120,12.087924,12.623757,11.237388,13.500023,11.647498,12.002023,13.325335,10.874482,11.974331,12.045379,12.026351,12.551250,12.651328,10.434036,10.855006,12.669174,12.709630,11.247918,11.846342,10.783729,10.449632,9.448332,10.321116,11.754303,12.236506,9.750934,11.654814,12.077353,9.843168,9.508947,10.792411,8.334653,8.813465,6.770085,8.029852,8.105793,6.293557,8.145795,7.874208,9.722111,9.692238,9.049750,10.125815,2.170100,1.007585,0.385743,0.000000,3.307670,0.392947,0.000000,4.955525,4.963723,3.629670,5.667327,1.965338
22,Oak,1.002553,3.383868,1.002553,1.002553,1.002553,1.002553,1.002553,1.002553,1.002553,1.002553,1.002553,1.002553,4.898320,1.046832,1.159356,7.976881,4.265524,1.046832,1.046832,1.281055,4.037608,1.046832,1.046832,1.419710,6.531213,3.985634,4.106011,11.165028,9.772378,9.439114,6.329911,5.733222,5.519816,6.361319,7.843915,7.874177,12.318369,9.147881,10.995928,14.783262,13.737588,13.774215,12.281444,9.449210,10.948136,10.581553,12.383871,12.677423,12.753743,10.994082,11.246012,12.463579,13.797548,12.837867,13.121374,10.602474,13.763644,11.525210,12.193118,12.965695,11.130959,11.628384,12.085917,12.282642,12.562127,12.669656,10.893354,11.666956,12.908926,10.724632,11.364075,12.532343,9.426115,10.873757,9.524590,9.785775,11.886645,12.259091,9.879959,11.860213,12.073472,9.910262,9.941861,10.935381,8.123336,8.701276,6.612704,8.512390,8.843437,6.078211,7.340982,7.875900,9.831948,8.898201,8.840693,9.790685,4.674538,0.000000,0.000000,2.309066,3.159342,2.183216,0.000000,4.900251,4.794587,2.322579,5.517529,4.837270
23,Oak,0.721774,0.721774,0.721774,0.721774,0.721774,0.721774,0.721774,0.721774,0.721774,0.721774,0.721774,0.721774,2.491435,0.916528,3.902485,3.359826,0.916528,0.916528,12.442122,3.717537,0.916528,0.916528,0.916528,1.063772,9.660063,9.806614,0.834319,6.044049,3.037925,11.459995,12.671203,8.791677,0.000000,4.961672,6.491442,5.200773,11.888445,11.172734,11.137753,9.459824,11.033780,12.386770,12.695957,10.467467,2.625454,9.396885,11.286345,13.116837,12.445869,12.536462,11.640507,11.466647,13.787096,13.077587,12.650428,10.065641,10.975724,10.724646,11.901155,13.246484,10.691755,11.853488,11.966121,12.141671,12.877440,12.864401,10.909621,10.708824,12.685505,10.716740,11.220125,11.947548,10.976384,10.844520,9.126027,9.989211,11.770727,12.133993,9.597302,11.862336,11.260829,10.141289,9.891037,10.526065,8.108842,9.047665,6.746694,8.873534,8.865029,6.404469,7.300333,8.449206,9.617577,9.470855,9.149675,9.958816,1.244254,0.899903,0.000000,0.000000,0.000000,0.000000,4.569155,4.940821,1.025462,1.901586,5.635556,2.325240
24,Oak,7.884322,0.941315,0.941315,0.941315,0.941315,0.941315,0.941315,0.941315,0.941315,0.941315,0.941315,8.437943,10.479748,4.346531,7.092703,1.582769,0.756813,0.756813,0.756813,2.924868,1.416265,2.005291,11.075848,10.675102,13.155348,9.412127,10.895753,11.772599,9.176696,13.876585,7.459083,6.830518,7.750308,10.081037,13.062767,13.279888,14.360088,10.336795,11.338471,12.797092,13.185495,14.387847,12.102181,9.379182,12.640059,13.172356,13.315248,13.042392,12.823366,12.342452,11.234922,12.832431,12.904211,13.030371,12.119196,10.770769,13.419535,11.304607,11.984466,13.090546,10.959666,11.742648,12.093402,11.599073,12.697745,12.620666,10.863798,10.807722,12.079762,10.951726,11.297589,12.416430,10.770889,10.791295,9.359673,10.229247,11.670409,12.186086,9.696199,11.842846,12.025689,9.510021,10.181004,10.421597,7.885649,8.873107,6.377058,8.739136,8.961487,9.094405,7.786374,9.952069,9.903853,8.750509,8.782154,8.816025,3.208842,0.266093,2.347270,2.586200,3.394703,2.108697,3.304484,4.794109,4.578220,2.253704,4.800057,3.811411
25,Oak,4.646676,0.945329,0.945329,0.945329,0.945329,0.945329,0.945329,0.945329,0.945329,0.945329,0.945329,0.945329,5.448163,1.127205,3.873152,4.469383,0.000000,7.257744,5.045442,0.000000,0.000000,0.777790,3.355060,9.147365,11.429987,2.928778,3.544440,10.419084,10.835826,10.888738,12.393445,8.793254,1.646133,5.773419,12.111979,13.508795,11.404909,11.433308,10.885391,11.655941,13.436018,12.699157,12.888298,10.357769,10.731686,10.720574,13.175993,13.386531,13.239003,12.463401,12.001599,12.703841,13.908397,12.827850,12.963622,10.402274,10.807561,11.811365,11.871491,12.944434,10.729333,11.852592,12.007214,11.539797,12.076457,12.783348,11.137178,10.994503,11.294771,10.424771,11.195366,12.435569,10.883884,10.224586,9.651320,11.185473,11.656017,11.930599,9.586232,10.682344,10.895026,9.763988,10.017890,11.078406,8.232615,8.896704,7.813678,8.981698,8.144258,6.125656,7.246322,7.281369,10.041804,9.509034,9.354023,10.235384,1.573651,0.843850,0.000000,0.251538,3.475936,2.312876,0.000000,2.648720,4.208710,2.506108,6.294305,4.493488
26,Oak,1.125894,1.125894,1.125894,1.125894,1.125894,1.125894,1.125894,1.125894,1.125894,6.248853,6.185738,3.037206,3.669963,1.462074,1.667080,8.401153,8.788568,7.279065,1.348746,3.044781,10.193615,9.574800,7.933094,5.240870,7.178629,3.598477,2.138069,14.831617,13.585378,13.750441,3.326045,8.081619,9.807971,13.093859,13.067282,12.754871,13.824429,11.409215,6.195088,14.753626,13.601300,14.227312,11.656111,10.005651,9.509681,13.826744,12.229503,13.102101,12.960216,11.305062,9.709519,13.530038,14.080253,13.534156,12.415258,11.030307,12.157555,11.541574,12.173545,13.354138,9.796607,11.836302,11.838031,12.244059,12.678970,12.098525,11.343592,10.453907,12.689102,10.863273,11.251878,12.501113,10.689400,10.929765,9.811341,10.246663,11.544316,12.318387,9.820889,11.670723,12.056010,9.774543,9.765697,10.574546,8.107620,8.980354,6.909257,9.129642,8.867552,6.237768,7.858709,6.952403,10.230231,9.665995,9.247465,9.673645,0.715341,0.829913,0.626419,2.486552,2.578496,2.670553,0.374917,4.558511,4.715456,4.191496,5.087569,4.398167
27,Oak,0.837457,0.837457,0.837457,2.781102,0.837457,0.837457,0.837457,0.837457,0.837457,0.837457,0.837457,0.837457,0.998501,0.998501,6.210609,1.987549,8.001832,0.998501,8.888155,8.854701,2.630135,7.871569,10.758002,1.466588,10.486254,9.360450,11.902308,12.107717,11.484906,13.822239,12.885361,9.126496,8.111754,10.824384,11.591991,11.892092,12.373337,10.647693,12.178914,14.780769,14.020094,14.194489,12.946995,11.175845,10.987224,13.907764,13.068007,13.070214,12.907799,12.210429,11.831271,12.744965,13.833770,12.922871,13.045045,11.164025,13.381401,11.360055,12.096084,13.055879,10.903399,11.765361,12.177493,12.008954,13.010267,12.601360,11.184587,11.233127,12.937364,10.448363,10.512652,12.327374,10.947163,11.022097,9.519923,7.773202,11.807281,12.035514,9.993176,11.684951,11.914392,9.708262,10.010113,10.837529,6.961202,8.788314,6.292942,8.606837,9.028735,7.307810,8.005384,7.582286,9.860871,9.622380,7.915916,10.131078,1.387048,0.970503,2.078530,3.123018,3.396554,2.451973,0.000000,4.209309,4.085165,4.316759,5.437707,5.075927
28,Oak,0.980547,0.980547,0.980547,0.980547,0.980547,0.980547,0.980547,0.980547,0.980547,0.980547,10.331905,8.294595,8.239468,1.023623,10.376802,7.773989,7.480695,5.838685,1.023623,3.741893,1.023623,10.613993,10.949674,13.152925,8.063741,9.095001,11.155187,14.708681,8.980999,11.309471,7.265172,5.333290,2.705176,12.996728,12.004049,14.690994,13.965113,11.065908,11.673446,14.875191,8.956763,11.809504,11.087787,8.714558,13.121236,13.802606,13.167536,13.269807,12.355784,12.007986,10.894526,12.138064,12.583364,12.855175,12.891944,11.012204,13.514798,11.353477,11.895413,13.609854,11.242911,11.333971,12.500237,11.854576,12.885519,12.759789,11.225729,11.604033,12.896658,10.976983,11.203490,12.672653,10.428214,10.968173,9.124177,10.142144,11.685974,12.340318,9.846320,11.832885,11.932129,9.768308,9.893410,10.780728,8.205261,8.874865,7.927053,8.916600,8.851207,7.334895,7.172481,7.903968,7.850721,9.597408,8.447324,9.221185,3.520640,0.000000,2.390441,2.851312,0.000000,1.925551,0.000000,4.739687,3.424492,1.638410,5.619714,5.463198
29,Oak,1.030455,1.030455,1.030455,1.030455,1.030455,1.030455,1.030455,1.030455,1.030455,1.030455,1.030455,1.030455,1.207056,6.597686,5.469663,1.207056,6.505347,1.207056,1.207056,4.337935,7.689566,7.673271,5.854921,7.584953,2.097449,6.046274,8.484585,10.735827,13.356049,9.124990,1.965941,0.000000,10.482217,13.403546,11.806759,8.929766,11.891066,10.402853,11.813698,13.480686,14.072799,12.049022,5.862489,10.034566,12.439247,13.851277,11.197127,11.310063,12.875603,11.557780,11.982452,11.890028,13.447377,12.278414,10.363265,10.470071,13.536836,11.311900,11.988675,13.300067,11.102612,12.059365,12.093925,12.308633,12.875391,12.555015,10.259922,10.423305,12.881135,10.794882,11.085020,12.446132,10.820206,10.163416,9.458784,10.332484,11.918667,11.913792,9.475640,11.772250,12.204623,10.018660,10.086655,10.628366,8.297601,9.140518,8.169349,8.838933,9.204770,6.423637,7.779373,7.987685,9.146008,9.490653,8.428610,9.011742,2.388998,0.000000,2.391719,2.677451,3.066289,0.000000,0.000000,3.982193,4.837495,3.469893,4.503203,5.075997
30,Oak,1.092759,1.092759,1.092759,1.092759,1.092759,1.092759,1.092759,1.092759,1.092759,1.092759,7.244882,5.842058,2.306369,0.000000,0.000000,0.000000,1.606231,6.533013,6.871362,4.668969,6.330634,8.036392,11.274466,13.220648,13.042697,7.020623,0.000000,6.028320,12.579781,14.122695,12.258096,9.446581,9.418300,13.619044,12.138494,13.097308,14.079230,10.449690,11.096414,12.209682,13.856031,13.915849,13.059137,12.906475,10.250884,13.721627,13.260411,13.285681,12.230569,12.820407,11.145234,11.812221,13.643202,12.973222,12.545481,10.721071,12.800176,11.554605,12.203868,13.028714,11.220402,11.734509,11.631967,11.914296,12.773108,12.553936,11.127772,11.335594,12.956269,10.937632,11.286259,12.586386,10.425493,10.328087,9.276540,10.064671,11.491468,11.827184,9.778847,11.965484,11.788145,9.700935,9.623094,11.030102,8.016418,8.782096,8.492312,8.810087,8.605960,6.339604,6.949891,7.562018,9.878342,9.452150,9.064222,10.024941,2.293253,0.773232,2.016036,2.644512,2.918370,2.253995,3.284647,3.878179,2.278399,5.505025,5.760979,4.563736
31,Oak,0.960699,0.960699,1.050820,3.026221,0.960699,4.228621,0.960699,0.960699,0.960699,0.960699,0.960699,0.960699,1.371003,0.353462,3.882902,4.045251,3.086627,12.426527,0.821054,0.000000,0.000000,0.000000,10.243472,10.509346,12.077736,1.712529,10.287012,11.329410,8.958972,13.783232,1.547718,4.900926,8.309343,10.078778,12.743312,11.562809,12.165730,10.297182,12.200886,12.987956,13.742612,14.588837,11.363796,10.454559,10.290639,13.682570,13.197348,12.821316,11.624291,11.413442,11.653666,12.649492,13.265291,10.640459,12.944650,10.505983,13.344797,11.460069,11.977313,13.034608,10.929068,11.989958,12.123734,12.402775,12.671372,12.490421,11.325351,11.059306,12.232162,11.062896,11.076906,12.562748,10.995709,10.997564,9.434669,10.011765,11.722899,11.981954,9.350882,11.701110,11.879048,9.734287,9.809217,10.387010,7.202693,9.006963,6.710220,8.972264,8.802876,8.205531,8.035967,7.920767,9.864719,9.480165,9.039522,10.104831,3.901757,0.000000,1.299179,2.776831,2.714939,2.538161,0.000000,4.570082,4.657957,2.165173,5.622447,4.716203
32,Oak,6.830636,0.961849,0.961849,0.961849,0.961849,0.961849,0.961849,0.961849,0.961849,0.961849,5.545846,6.075858,8.509377,3.157083,1.550389,3.387444,2.557002,1.028499,8.238397,7.014937,7.101368,11.719004,11.295151,12.972431,12.524479,6.455907,8.972685,8.451872,2.527772,6.512337,11.694255,9.180320,10.269955,13.572266,12.159079,14.805515,14.105011,11.303069,9.168927,12.341949,9.986014,11.809184,12.047683,9.547404,13.088746,13.897717,13.070260,13.167181,12.798365,12.414642,11.587835,12.622099,13.907116,12.336267,12.797048,10.906669,13.563844,11.560763,11.985801,13.344027,10.996949,11.823434,12.187041,12.233426,12.734939,12.445668,10.390782,11.681629,12.979382,11.775717,11.660252,12.247355,10.737358,10.926678,9.504007,10.439857,10.907471,12.190390,9.512214,11.669052,11.963350,10.638927,9.921486,10.869897,7.847208,8.514505,7.175125,8.954021,8.828889,6.130128,6.787725,9.121231,9.881905,9.636009,9.142316,10.160806,1.172338,0.000000,1.967113,2.087961,3.227272,1.407773,4.770061,4.579375,4.303853,5.448613,5.962680,4.997841
33,Oak,0.929624,0.929624,0.929624,0.929624,0.929624,0.929624,0.929624,0.929624,0.929624,0.929624,0.929624,0.929624,0.877377,0.877377,2.052414,1.853858,0.877377,0.877377,8.837580,9.014372,4.143371,0.877377,8.519906,7.539757,8.634144,7.813808,7.347614,14.447208,7.878446,12.436460,13.183963,9.137854,9.395638,7.288236,12.344728,9.463617,11.093835,5.826910,10.277401,14.679641,13.868920,14.313878,12.900961,9.058393,13.130394,9.207658,13.120697,13.248496,12.760301,12.577879,11.412642,11.286870,13.923822,11.960783,10.945237,10.926810,13.596710,11.439001,11.862626,13.258368,10.754445,11.725144,12.132960,12.006915,12.035584,12.226637,10.006695,11.172889,12.745171,12.016232,11.113827,12.282130,10.948983,10.862802,10.129778,10.138093,11.381625,12.382422,9.650450,11.387454,11.980930,10.954008,8.030455,10.530823,8.106349,9.162114,6.716224,8.251675,8.760502,8.777115,7.783055,7.983777,10.071878,9.809922,8.922338,9.564322,1.755611,0.000000,0.000000,1.837355,2.638846,2.591128,1.787078,4.912579,4.701859,3.148453,5.379041,4.519649
34,Oak,0.882576,0.882576,0.882576,0.882576,9.749038,0.882576,1.047519,0.882576,0.882576,0.882576,0.882576,0.882576,3.580462,1.093360,1.093360,1.093360,13.452541,8.744660,12.103170,3.128814,7.364789,1.093360,1.093360,4.002213,12.792323,7.942174,3.194737,8.452382,13.295253,14.303357,12.599896,8.932665,9.639793,0.474746,9.907338,12.038386,14.201957,9.233811,11.008916,11.988949,13.204467,14.716706,13.110750,12.718287,11.488094,9.288341,11.820345,13.234801,12.757376,12.115277,12.375717,12.669608,14.077396,12.496921,12.910662,10.857486,13.544860,11.443016,12.154237,12.725128,10.864302,12.116605,12.211925,11.485926,12.914630,12.704131,11.417858,11.661749,12.582476,10.804668,11.060628,12.512445,10.721434,10.239552,9.543311,10.185328,11.705042,11.788469,9.847684,12.046558,11.886781,9.780702,10.075336,10.894756,8.042281,8.735742,8.255051,9.262656,8.830604,6.088552,7.595130,7.959888,10.117620,9.713991,9.009774,10.108435,3.451765,0.000000,2.223846,2.591329,2.973464,0.000000,0.888441,2.783149,1.525513,2.306945,5.904062,4.979928
35,Oak,0.872274,0.872274,0.872274,0.872274,0.872274,0.872274,0.872274,0.872274,0.872274,0.872274,0.872274,0.872274,1.113593,1.113593,1.113593,1.113593,11.578184,6.802186,6.953807,3.289790,5.718171,1.113593,2.915587,3.142095,13.651646,6.080975,5.717654,14.782953,14.725485,14.111190,10.657328,8.504958,9.125693,8.095517,5.505143,3.339026,13.206617,8.953810,9.751172,14.239448,13.825530,14.281557,13.118545,9.100243,12.599722,13.845655,12.106118,12.694635,12.759755,11.881402,11.050420,12.661245,13.847998,12.979018,13.182485,10.648264,13.220128,11.001715,12.100503,13.004725,11.108031,11.761328,12.226072,12.174170,12.665843,12.651745,12.513814,11.471122,12.572261,10.780874,11.239181,12.579544,10.704462,10.931706,9.378204,11.183369,11.727051,11.686105,9.073549,11.896039,12.222415,9.786661,9.748881,11.032211,8.447392,8.863145,6.617717,8.792840,8.954465,6.215392,7.922589,7.613027,10.001005,9.383394,6.694928,10.181294,1.426617,0.000000,0.000000,0.000000,1.502750,0.000000,0.000000,4.111618,4.801166,1.010322,5.236304,4.144824
36,Oak,6.321084,0.729533,0.729533,0.729533,0.729533,0.729533,0.729533,0.729533,0.729533,0.729533,0.729533,6.288402,11.950870,1.747918,10.915061,8.466297,0.947063,2.816353,6.244481,3.872629,0.947063,0.947063,0.947063,5.783397,13.281691,9.911121,11.179804,11.250067,5.296433,11.343204,12.463583,8.487861,0.000000,0.493551,0.802331,14.120111,13.862297,10.661900,12.390336,12.655788,12.706301,14.138183,14.434918,9.108804,6.109747,5.099090,8.219245,13.374469,12.963302,12.068765,11.998546,12.887377,13.087338,13.115400,12.965476,10.262204,13.507279,11.193039,11.898839,13.553601,11.076784,11.788309,12.203404,12.230245,12.699831,12.154123,10.921077,10.636272,12.728678,10.781210,11.157557,12.457590,10.382320,10.639115,9.316152,10.359936,11.658807,11.985912,10.482369,11.674587,11.887081,8.954253,9.862264,10.852758,8.276123,8.881920,6.714033,9.097068,9.001618,7.198615,7.173605,7.795651,9.796714,9.673952,9.216933,10.217957,0.000000,0.700665,1.529781,2.482266,3.360678,3.223877,1.964287,3.456973,4.427248,2.267634,4.937254,5.040881
37,Oak,1.139296,1.139296,1.139296,1.139296,6.069263,1.139296,1.139296,1.139296,1.139296,1.139296,1.139296,1.139296,1.243087,1.243087,1.725346,14.767149,13.164664,2.590524,7.299450,8.070966,3.974120,1.243087,1.243087,1.243087,8.668599,2.840886,13.844109,15.186852,14.378512,9.581677,9.425072,9.128304,8.271370,1.025728,1.025728,9.447887,8.937439,8.386810,11.925271,15.014856,13.843877,12.970740,12.498950,9.352372,13.544298,10.695448,9.995606,11.511915,12.778041,12.020021,11.927301,11.481768,13.977401,12.611454,13.034495,10.326500,13.528978,11.488501,10.767940,13.042144,10.896251,10.719449,11.443178,12.078218,12.578954,12.569834,10.608099,10.967310,12.945713,10.884670,10.967622,12.420046,10.383146,10.972791,9.513828,9.955456,9.544872,11.728292,9.170712,11.419065,12.092267,9.422091,10.009768,10.761891,8.193101,8.644838,6.751048,8.860773,8.892009,6.320129,7.872253,7.992518,10.191733,9.061843,9.290193,10.074245,0.000000,0.000000,2.115554,2.924202,0.000000,0.000000,0.000000,0.892561,0.000000,3.955713,5.468721,4.252362
38,Oak,0.773281,0.773281,0.773281,0.773281,0.773281,0.773281,0.773281,0.773281,0.773281,0.773281,0.773281,0.773281,6.637978,0.781695,0.781695,0.781695,4.115612,0.781695,1.005849,3.300705,0.781695,0.781695,1.771618,8.704505,13.231027,0.000000,0.000000,0.000000,4.007017,3.441451,10.304227,4.868690,8.639042,4.214847,10.590180,13.443105,13.672630,4.773019,6.312683,9.695479,13.588696,13.647236,12.876286,9.723186,13.343703,10.612753,12.943488,13.060326,12.856070,9.839863,11.778298,12.691721,13.831639,12.340103,12.758838,12.799536,13.624764,11.010182,11.976773,12.967016,10.989683,11.649517,12.146056,12.013777,12.781846,12.593973,12.387067,11.377574,12.946928,10.812939,11.274250,12.651727,10.492928,10.805552,8.519920,10.318563,11.853615,12.330184,9.539544,11.741815,12.054178,10.054667,10.046788,10.595666,8.233747,8.652480,8.889235,9.326949,8.941101,6.287242,7.936747,7.756956,9.816307,9.383202,9.189698,10.173604,4.463638,0.000000,0.576503,2.566238,3.049566,2.116544,0.000000,3.872232,3.439559,1.951014,3.729944,4.619346
39,Oak,0.919378,0.919378,0.919378,0.919378,0.919378,0.919378,0.919378,0.919378,0.919378,0.919378,0.919378,0.919378,1.070600,0.948803,7.169915,7.892637,0.948803,7.157687,6.561374,3.037776,0.948803,0.948803,0.948803,0.948803,2.398265,9.978997,11.086578,14.310068,14.240284,13.051545,12.810020,9.011704,8.654332,8.661836,0.000000,0.000000,11.156866,11.425648,12.194818,14.841631,14.098954,14.227861,12.820878,10.532391,12.716002,13.193363,11.334147,11.125254,12.760459,12.685198,11.947248,12.701486,13.952004,12.567827,12.944164,10.655232,13.637254,11.423947,12.012993,13.275780,10.863140,10.400525,12.125839,12.231261,12.879255,12.633568,11.279221,10.951094,12.685802,11.598385,10.710177,11.444378,10.210032,10.601265,9.652428,10.221564,11.859440,12.055211,9.531924,11.176380,12.128207,9.935048,10.158043,10.731048,7.800810,8.594643,6.702552,7.908662,8.901840,6.021373,7.567162,7.820761,8.790808,9.429474,8.869196,9.901842,3.128811,2.319021,1.982596,2.523036,3.022831,1.801124,3.654142,4.494980,4.804124,2.327958,5.648324,5.053971
40,Oak,0.866644,0.866644,0.866644,0.866644,0.866644,0.866644,0.866644,0.866644,0.866644,0.866644,0.866644,0.866644,10.060611,0.000000,7.474388,7.721348,5.322122,0.000000,2.202744,5.736084,6.935722,8.757082,7.054315,1.643831,14.192916,9.759780,11.366863,12.082645,12.798367,5.738382,7.401855,6.920798,10.192678,10.582504,11.157490,14.231163,14.306210,10.809719,11.880577,12.533298,13.566752,10.205728,8.607744,9.236206,11.831826,13.807415,12.919079,13.352816,12.721538,12.628833,11.966897,12.890841,13.269487,12.858034,12.146488,10.647716,12.909519,12.174753,12.052253,13.615752,11.000337,11.653683,12.109415,12.240246,12.642305,12.194619,10.429361,11.028303,12.610291,10.390300,11.497289,12.639552,10.697316,10.846470,9.327306,10.337528,11.573427,11.342560,9.762570,11.818124,11.796831,10.423561,9.967962,10.893137,8.218870,8.734325,8.071443,8.879917,9.072289,6.958141,7.777667,7.346471,9.888912,9.600921,7.823664,9.979366,0.000000,0.000000,0.000000,1.334890,1.935706,2.035596,0.371406,4.709179,4.344520,1.219933,4.658542,4.442727
41,Oak,0.832908,0.832908,0.832908,0.832908,0.832908,0.832908,6.978773,0.832908,0.832908,0.832908,0.832908,0.832908,8.528370,1.072121,1.072121,1.072121,1.072121,1.072121,6.432198,1.614184,1.072121,1.072121,9.760343,7.651589,13.865023,10.484224,4.064512,9.495466,1.637904,14.020554,12.558509,9.253164,8.717235,13.807700,13.009101,12.632711,14.217549,11.303925,11.127437,11.687127,7.605332,14.476752,13.045769,9.162031,13.210723,13.838426,12.839396,13.132086,12.858541,12.816884,11.148964,12.031199,8.865869,12.884955,13.135825,10.786263,13.536516,7.715651,11.342445,13.167504,11.742521,11.837591,12.089525,12.059605,11.574638,12.437173,11.405660,11.244617,11.791959,11.126159,10.268106,12.474209,10.460531,10.920333,10.453054,9.267625,11.688940,12.184857,10.590302,11.912642,12.007377,10.042020,10.032997,10.295987,8.107227,8.722794,6.588019,8.799429,9.070435,6.342097,6.977774,7.883752,10.031816,9.703143,9.150577,9.970691,0.674905,2.406808,1.973681,2.414440,1.887093,0.258272,1.132777,4.813818,4.562793,4.629525,5.405053,4.942767
42,Oak,4.961363,0.851444,2.826896,0.851444,0.851444,6.562940,0.851444,0.851444,0.851444,0.851444,0.851444,0.851444,10.384322,1.564137,2.001100,1.693710,0.699469,5.349868,4.093436,8.556863,7.112463,10.020810,5.759338,9.312803,12.960110,4.666754,11.694033,13.708114,0.000000,4.020102,8.036023,9.474019,7.820104,13.746469,6.725437,12.715684,13.922873,10.948460,11.932878,14.745614,10.930553,6.493375,10.512804,9.471708,10.429154,14.010834,8.530944,13.383889,12.842039,12.567371,10.990690,12.713389,13.811259,12.769686,13.079484,11.072591,13.158195,10.784088,11.399120,13.068851,10.592545,11.319576,10.969912,12.223297,12.714162,12.295452,11.116735,10.831745,12.127583,10.856271,11.494685,12.564684,10.703599,11.081902,9.527102,10.226308,11.573787,11.775042,9.805304,11.844072,12.040820,9.845574,9.924869,10.965552,8.098536,8.828647,6.519157,8.936166,8.958426,8.800664,7.747805,9.558888,10.083438,9.670091,8.415087,9.980691,0.000000,0.000000,0.701798,2.649072,3.409717,2.135768,0.626762,4.228769,3.623862,5.417863,4.789744,5.169752
43,Oak,7.668198,0.942894,0.942894,0.942894,0.942894,0.942894,0.942894,0.942894,0.942894,0.942894,5.381540,0.942894,9.657663,4.623168,8.099010,7.425272,7.604347,0.772826,0.772826,0.772826,0.772826,0.772826,9.604784,9.698277,14.057817,10.543867,11.033579,7.409608,11.071886,13.841555,0.793357,1.073790,9.344646,3.804829,12.792675,10.130987,14.286570,10.538069,12.508071,14.798039,13.640222,14.404613,11.845805,9.633818,10.372480,13.875209,13.371774,12.947454,10.744754,12.514592,12.048424,12.987626,13.949485,13.138163,12.821281,11.034908,13.000531,11.375931,11.953258,13.263724,10.994116,10.923013,12.175100,12.115022,12.980954,12.085276,11.097618,10.679648,12.795919,11.049783,11.288956,12.254571,10.925244,10.897164,9.094069,10.188053,11.641703,12.113125,11.600923,11.373020,11.519494,9.800716,9.373654,10.638446,8.261994,8.348908,6.763132,8.841441,8.924909,5.826100,7.902886,7.011772,10.169437,9.396375,9.041482,9.221395,3.135252,0.000000,0.000000,1.863721,2.074122,2.378752,0.000000,4.181041,4.676294,4.889146,5.263220,3.767942
44,Oak,0.786471,0.786471,0.786471,0.786471,0.786471,0.786471,0.786471,0.786471,0.786471,0.786471,0.786471,0.786471,10.771276,0.847992,6.537668,5.070193,0.847992,0.847992,0.847992,1.655146,0.847992,0.847992,3.956251,4.669363,12.444635,5.557594,10.568066,13.129025,12.966394,7.671498,12.368048,3.552881,0.650453,13.534206,8.936216,11.869287,13.875027,11.788071,11.922806,14.788691,13.804177,12.377563,12.385491,10.636031,13.108967,14.021839,13.083680,13.245938,12.960193,11.543706,10.989805,13.023220,13.997340,13.202586,13.075450,10.068256,13.579352,11.613825,11.899039,13.348184,11.078667,11.711169,11.906792,12.380400,12.735522,12.364675,10.611580,11.103616,12.062189,11.053657,11.172815,12.091584,11.039355,10.377493,9.409934,10.184388,11.678513,12.202866,9.805375,11.728594,12.085535,9.731299,10.042981,10.046721,8.096176,7.815330,6.709639,8.898895,8.660836,7.160286,7.755877,7.801638,9.993698,9.525374,9.073372,10.020695,0.284688,0.000000,0.000000,2.240600,2.051734,2.297396,2.391282,4.005744,4.569068,2.599519,5.710298,4.549750
45,Oak,0.696561,0.696561,0.696561,0.696561,0.696561,0.696561,0.696561,0.696561,0.696561,0.696561,0.696561,0.696561,5.911902,4.450483,0.845564,7.526792,0.845564,0.845564,5.080969,7.121952,0.845564,1.317528,0.845564,0.845564,7.442098,1.029469,10.754929,13.164332,6.592884,8.074020,7.471826,8.913922,10.265290,1.337688,0.539162,9.036357,12.348767,6.732732,10.547083,14.853382,11.546192,12.499808,12.348000,10.283182,9.840160,3.425097,10.153688,13.041632,12.803089,11.823082,11.253014,12.920626,12.068378,12.806723,12.916164,12.394817,10.858982,10.427021,11.871220,12.761542,11.144008,12.136720,12.077428,12.132112,12.626828,12.508003,11.367323,10.734385,10.995302,10.848906,11.586495,12.766493,10.892212,10.830303,9.495375,9.598471,10.278604,11.890978,9.770985,11.938723,11.946445,9.310283,9.527156,10.859606,8.333777,8.808645,7.679956,9.132043,8.181100,6.271840,8.124361,8.096596,9.834504,9.702632,9.277466,10.098972,0.000000,0.000000,0.000000,1.778551,1.298279,0.960132,3.089027,4.998757,4.544441,3.450279,5.551176,0.000000
46,Oak,0.982227,0.982227,0.982227,0.982227,0.982227,0.982227,0.982227,0.982227,0.982227,9.007725,7.118108,7.580419,13.506394,8.465095,1.925522,12.892231,6.098649,9.347178,3.754218,1.408782,1.408782,11.221699,11.042474,14.301712,14.056222,7.487065,11.136726,13.958557,12.025529,0.964066,0.964066,8.274080,0.964066,13.701583,13.430647,14.731375,14.206147,10.430193,11.783201,14.723768,14.148090,13.165714,11.928851,8.783707,10.313713,13.882942,13.263765,13.078730,12.917614,11.951497,11.545165,12.783912,13.410161,12.708531,13.043220,11.006571,12.269336,11.554757,12.059364,13.121512,10.812455,11.853734,11.912378,12.315907,12.726234,12.324303,10.947461,10.602903,10.557487,11.132018,11.229185,12.382468,10.784306,10.378125,9.424994,9.766849,11.454094,11.666676,9.544632,11.682639,11.309049,9.227014,9.551396,9.666296,8.217639,8.822820,6.766807,9.201344,8.597425,6.371464,7.864454,6.990983,10.181410,9.634961,9.259684,9.408315,0.000000,0.000000,0.000000,2.515486,3.077933,1.683208,0.000000,4.733845,4.593086,2.213741,5.646201,4.552073
47,Oak,0.992731,0.992731,0.992731,0.992731,0.992731,0.992731,0.992731,0.992731,0.992731,0.992731,0.992731,0.992731,1.076868,1.076868,1.076868,1.076868,1.076868,1.076868,1.076868,1.076868,6.351279,6.680116,5.890150,7.416779,11.313681,8.090876,6.621267,1.623405,1.208203,4.717424,0.000000,8.654325,9.760467,11.765863,9.169262,8.847918,13.719391,11.071783,9.373283,9.267446,8.820333,6.192579,12.640704,9.787644,11.410302,13.851992,11.749211,12.166346,12.615253,12.303982,11.180066,12.623607,12.769518,12.822237,12.934669,10.505634,12.420047,11.482702,12.037242,13.315344,11.051258,11.981549,12.122581,10.473736,13.059469,12.663696,11.227115,11.097835,12.867010,8.941792,11.016154,12.197450,10.827331,10.533643,9.192661,10.165584,11.711837,12.129994,9.707933,11.468965,12.026321,11.642172,9.693453,9.999909,8.174776,8.902108,9.083548,9.070153,8.804938,5.820685,7.969107,7.851517,9.885337,9.527991,9.930681,9.516955,0.000000,1.119465,0.374157,2.401302,3.315862,0.000000,2.237364,3.745308,4.715314,2.039633,5.280750,4.566565
48,Oak,1.051196,1.051196,1.051196,1.051196,1.051196,1.051196,1.051196,1.051196,1.051196,1.051196,1.051196,1.051196,13.837237,4.510157,8.625614,0.612477,0.916619,0.000000,2.775665,1.361544,4.675464,13.312627,3.001794,7.928813,13.985752,10.383747,11.860342,9.703516,8.741261,11.861831,10.928472,8.937931,7.879335,13.800473,11.816076,13.237514,13.977161,9.113693,11.918880,12.559731,11.129118,13.303251,12.241149,9.147804,11.991753,13.999801,13.210083,13.242576,12.678687,12.346519,11.167155,12.440228,13.311341,12.726645,13.023900,10.328983,12.002156,11.578002,11.929958,13.287094,11.085088,11.849938,12.019751,12.266458,12.177606,12.237137,10.792243,10.797585,11.918184,10.873689,10.835753,11.936584,9.864697,10.449624,10.151489,10.103455,11.204865,11.038275,9.181903,10.911725,10.441378,9.792493,10.200399,10.196834,8.308086,8.881754,6.756427,9.081220,8.867290,8.347716,7.670837,7.317328,7.776218,9.757155,8.973853,9.849085,3.131084,0.000000,2.368105,2.111132,0.000000,2.408967,1.632784,4.391114,4.697866,1.335797,5.074633,5.014132
49,Oak,0.913881,0.913881,0.913881,0.913881,0.913881,0.913881,0.913881,0.913881,0.913881,0.913881,8.096899,11.194507,10.574816,1.539468,1.325392,9.682217,12.501656,9.043553,3.061092,5.313041,7.201806,1.325392,10.160911,12.625596,14.212806,2.103093,11.934892,14.517329,13.527726,12.346853,12.803204,8.935709,10.432233,10.649119,12.269064,14.614234,14.120129,12.114920,11.992276,14.611783,13.960946,12.326700,12.838411,9.446923,10.366493,11.874554,13.047018,13.205733,13.046412,12.493502,11.715677,12.384400,14.004714,12.943401,12.507523,11.088758,13.083673,11.521914,11.932017,13.218599,10.956795,11.869852,11.681413,12.033851,12.582088,12.663753,10.907845,11.188906,12.564203,10.705825,11.504922,12.341751,10.834148,10.481066,9.423016,10.286889,11.666263,11.446210,9.859354,11.706731,12.129784,10.978182,10.213552,10.878510,8.344397,8.431534,6.776045,8.900521,8.452826,7.226099,7.761524,7.891359,9.718502,9.532488,8.942615,9.491640,0.572414,0.870697,0.000000,2.921780,0.000000,0.000000,0.000000,4.649080,3.484461,1.482952,5.658730,5.075413
50,Oak,0.884326,0.884326,0.884326,0.884326,0.884326,0.884326,0.884326,0.884326,0.884326,0.884326,0.884326,2.770028,11.822766,1.585176,3.404547,3.634286,1.785368,0.986806,1.057847,0.986806,1.469359,6.886182,2.693629,9.084781,11.627509,8.806398,4.237528,3.247004,7.110339,13.619893,1.180653,8.214945,10.115412,10.638884,12.847517,11.523640,13.920453,10.935081,8.508372,11.164096,13.917502,13.812536,12.758313,10.246141,13.025766,13.849748,13.177976,13.106097,12.625460,12.552554,10.638474,12.654065,14.017141,12.919749,12.632786,10.381681,13.607991,11.488052,12.187880,13.344795,10.934815,11.750167,11.575032,12.213719,12.993569,12.725128,11.076434,10.635455,12.545498,11.132636,10.968285,12.377716,10.306809,10.772165,10.118597,10.324722,11.262920,12.273946,9.964910,11.684568,11.700834,9.797310,10.269714,11.070453,8.065194,8.984258,7.946269,9.171140,7.682629,5.842152,8.165295,7.704334,10.006565,9.793887,9.139901,9.761149,0.000000,0.000000,1.570392,1.650234,1.842269,0.000000,0.000000,4.885239,2.928636,1.378166,5.594895,4.933437
