1,Apple,0.293800,0.293800,0.293800,0.293800,0.293800,0.293800,0.293800,0.293800,0.293800,0.293800,0.293800,0.293800,0.000000,4.046519,4.621690,0.000000,0.000000,0.000000,4.306765,2.540468,0.000000,3.108763,4.526775,1.110454,1.674378,3.275576,4.292132,0.000000,0.000000,4.459177,5.009952,3.987780,3.759498,4.253431,6.287282,0.000000,4.472423,4.696480,3.016873,0.000000,0.000000,0.000000,4.906554,0.000000,4.137993,4.873623,6.803899,5.817973,5.929308,4.892367,3.218504,2.070555,0.000000,0.000000,0.000000,4.629990,4.047242,5.762387,7.207175,3.559290,6.533462,6.330398,5.703809,2.795891,2.405334,0.000000,2.867019,6.367129,7.518178,7.347847,6.957246,7.053135,5.041767,6.741751,7.399343,2.744100,1.862517,2.064036,1.604606,6.560824,7.519650,6.996642,6.755582,6.285548,6.485558,6.229214,5.822161,1.656245,2.481823,1.852094,2.193979,4.242479,4.120601,4.826926,5.130433,6.423789,5.239671,4.101250,2.404299,0.746832,2.469182,1.951483,1.882690,0.000000,3.332183,4.904069,4.674094,4.648592
2,Apple,0.272720,0.272720,0.272720,0.272720,0.272720,0.272720,0.272720,0.272720,0.272720,0.272720,0.272720,0.272720,6.248077,5.445386,1.431645,0.000000,0.000000,0.000000,4.854874,1.090614,0.000000,4.263919,2.064842,1.251112,6.480550,6.073744,5.399290,0.000000,0.000000,0.000000,2.439864,4.005558,1.177168,3.964801,5.257419,5.222267,7.394791,7.389709,6.489070,3.735888,0.000000,0.000000,2.597495,3.309042,6.280687,6.021960,6.784638,3.069034,5.947213,7.672063,6.278084,0.000000,0.000000,0.000000,1.274751,6.028204,7.985912,7.300566,5.900240,5.788957,7.667616,7.023288,7.128583,3.406417,0.000000,0.000000,3.962863,6.980335,8.828830,7.947153,6.279516,7.060565,5.356103,6.654638,6.923306,3.976053,0.000000,1.522099,1.717497,6.529953,7.573689,7.097475,6.632061,5.567935,6.178238,5.582821,6.097535,2.210671,0.000000,0.000000,1.363817,3.825335,3.875832,4.784110,5.041108,5.367825,5.323740,3.686135,1.797603,1.473670,0.652493,0.000000,1.577550,0.000000,3.346289,4.883170,4.722347,3.671943
3,Apple,0.246576,0.246576,0.246576,0.246576,0.246576,0.246576,0.246576,0.246576,0.246576,0.246576,0.246576,0.246576,4.637918,0.000000,4.422522,1.377759,2.283258,0.000000,0.000000,0.000000,4.465126,4.253523,0.000000,0.000000,5.222584,0.000000,3.661289,0.000000,0.000000,0.133254,0.121361,0.281140,2.370167,4.926139,0.451320,0.000000,5.297737,7.198897,4.545909,4.606555,0.000000,0.277532,0.662592,0.598979,6.155289,5.684802,2.745768,1.335640,4.717146,7.526402,6.061092,4.764829,0.000000,0.000000,0.000000,5.540739,8.846550,7.454589,4.993163,5.334912,6.886318,7.232162,7.099046,5.523058,2.004303,0.000000,0.000000,8.358779,9.146722,9.257877,5.180007,5.946710,5.129464,6.712554,7.525553,2.369668,1.888315,0.000000,6.438529,6.367756,7.556703,7.165089,6.846551,5.464514,6.366790,6.161865,5.084855,1.460976,1.451212,1.743335,3.571622,3.956935,3.865945,5.025961,4.911770,5.989499,5.214288,2.463804,0.000000,0.440349,0.000000,1.327299,0.000000,3.148124,4.217103,4.826074,4.718593,4.475268
4,Apple,0.217340,0.217340,0.217340,0.217340,0.217340,0.217340,0.217340,0.217340,0.217340,0.217340,0.217340,0.217340,2.584798,4.919901,4.851784,0.136485,0.136485,2.427955,1.342034,3.913738,0.136485,0.303162,0.136485,2.232885,3.474200,5.279179,5.023342,0.000000,0.000000,0.000000,4.823447,3.312052,3.048595,1.238179,0.000000,0.753433,5.359303,6.651159,5.774802,0.000000,0.000000,0.000000,4.804866,1.152198,6.363668,2.128821,4.152946,4.105504,7.159342,7.203483,6.303796,5.525287,0.000000,0.000000,1.886540,1.843288,7.359101,9.462765,7.146996,6.238663,8.063354,7.233932,7.267761,5.292177,2.304465,0.000000,0.000000,3.790309,8.746529,9.329999,9.034205,7.006985,5.158117,6.702397,7.511438,7.006686,0.000000,0.420123,3.449451,4.657049,7.405962,7.165209,7.006586,5.890908,6.419909,6.091619,3.190811,1.541194,1.129598,0.000000,1.511354,4.095439,4.052924,5.247790,6.397173,6.410215,4.710741,4.669906,3.883625,1.644003,0.000000,0.793173,0.656972,0.000000,3.565090,4.913552,4.648333,4.535787
5,Apple,0.214545,0.214545,0.214545,0.214545,0.214545,0.214545,0.214545,0.214545,0.214545,0.214545,0.214545,0.214545,5.012778,0.246236,4.490219,1.148723,0.246236,0.246236,2.851296,0.246236,1.036543,0.246236,0.246236,2.535877,4.763597,6.135955,4.667631,0.000000,0.000000,4.640284,4.454575,3.974284,2.664712,2.441773,3.343858,0.977269,5.415153,6.590763,6.324473,5.008190,0.000000,2.985994,4.715302,1.678392,4.163202,7.149430,6.577883,3.460043,5.880168,7.586022,6.363820,3.176160,3.431411,0.000000,0.000000,1.695788,9.276980,10.024179,7.160055,4.721448,7.795512,7.274057,6.495671,4.405320,0.000000,0.000000,4.182201,6.330696,9.221251,9.272681,6.928174,6.654721,5.492667,6.735136,6.907917,6.042344,2.217088,0.000000,4.720562,5.628358,7.323874,7.033629,6.220385,5.523286,6.417988,6.140875,5.010950,2.390706,2.289778,1.074522,2.418577,4.032601,4.215207,5.245939,4.995935,5.015792,5.147420,3.541288,3.731981,0.000000,0.000000,0.000000,0.000000,1.859070,3.409800,4.988610,4.784938,4.774559
6,Apple,0.184773,0.184773,0.184773,0.184773,0.184773,0.184773,0.184773,0.184773,0.184773,0.184773,0.184773,0.184773,2.946867,0.282759,4.616999,1.023283,0.282759,2.405483,0.282759,0.282759,0.282759,3.127660,4.839911,2.414060,4.545542,5.439825,4.749627,0.000000,1.773316,0.000000,3.407630,2.860978,1.197728,6.090548,6.470091,6.070004,5.217975,6.313121,5.363376,2.641505,0.000000,0.000000,4.472703,4.087827,6.383372,7.150995,6.702376,4.479400,6.650103,7.362049,6.423399,5.917263,0.000000,0.000000,0.000000,0.000000,8.498585,9.509136,4.558249,5.974701,7.186891,7.208893,7.128197,6.173235,3.593683,0.000000,0.000000,6.476014,9.310041,9.791901,6.514882,7.029748,6.673740,6.710321,7.362015,2.973124,2.262933,1.372390,1.409942,6.647925,7.563152,7.208179,6.946728,5.669425,5.770458,6.229197,3.853874,0.000000,2.756777,1.728176,2.584096,4.090908,3.982723,4.957854,4.766551,6.366539,4.501904,3.706524,3.860573,0.405765,2.095097,0.000000,0.435754,0.367292,3.596612,4.881653,4.781070,4.674184
7,Apple,0.273510,0.273510,0.273510,0.273510,0.273510,0.273510,0.547388,0.273510,0.273510,0.273510,0.273510,0.273510,1.493732,0.000000,0.784743,0.599444,2.056009,2.662800,2.239347,0.000000,0.000000,0.000000,0.000000,1.477765,1.870206,2.396590,3.026623,2.682601,2.201518,2.268365,4.804532,3.913637,4.909827,0.000000,0.000000,1.819749,0.000000,2.822025,4.349161,0.000000,0.000000,2.420336,3.619013,3.419426,7.031003,4.373754,0.000000,0.000000,3.252294,4.508408,6.000036,5.495513,0.000000,0.000000,5.783734,7.206061,9.588154,6.646642,6.899751,2.177227,4.426140,4.964097,7.079326,5.571003,0.000000,0.000000,0.000000,6.230237,9.240258,7.866285,6.789065,3.531869,5.371968,6.550827,6.551347,6.710736,2.019439,1.723495,3.557769,6.543736,7.695366,6.960193,6.740808,4.077454,6.283176,6.073275,5.552711,0.689369,0.000000,0.000000,1.590378,4.166649,4.170017,5.304087,5.002766,5.627583,5.331272,4.079190,1.398414,0.738146,1.760765,0.804300,2.293491,2.286974,3.062932,4.849095,4.667393,4.663194
8,Apple,0.545769,0.318242,0.318242,0.318242,0.318242,0.318242,0.318242,0.318242,0.318242,0.318242,0.318242,0.318242,2.660487,4.102742,3.024018,0.000000,0.146445,0.585809,0.763040,0.000000,0.000000,3.753173,3.301233,2.638254,3.461391,5.968340,4.817581,0.000000,0.000000,0.000000,2.953121,0.000000,0.000000,0.000000,6.397390,0.000000,3.480724,5.430309,6.376482,4.795518,0.000000,3.702876,4.581934,1.499823,3.324932,6.671486,6.795818,4.258057,7.377942,7.694824,6.398376,4.426479,3.833225,0.000000,0.597183,2.814784,8.486967,7.502250,7.429659,3.517900,8.001493,7.253557,6.983934,5.490108,1.251988,0.000000,1.720321,5.139730,8.628036,9.609999,8.148210,6.685387,5.810145,6.840392,6.361512,2.719422,2.283625,0.000000,2.190255,5.046651,7.049194,7.036710,6.646157,5.435661,6.506876,6.110713,5.853083,3.638157,0.000000,0.000000,1.495722,4.141095,3.843591,5.279333,4.940152,6.286534,5.153526,4.074345,2.909714,1.031166,0.000000,0.000000,0.000000,0.000000,3.712821,4.263929,4.250770,4.608622
9,Apple,0.236322,0.236322,0.236322,0.236322,0.236322,0.236322,0.236322,0.236322,0.236322,0.236322,0.236322,0.236322,0.213648,0.213648,1.048028,0.711288,0.213648,0.213648,1.617362,0.213648,0.628015,0.213648,0.213648,0.213648,0.000000,7.253694,5.469762,0.495145,0.706841,4.734487,4.832328,2.252232,3.244622,0.000000,0.000000,0.000000,5.038848,7.041354,5.871585,6.147641,0.909658,0.000000,4.789113,4.320810,3.761062,0.000000,0.361691,0.267602,5.841841,7.713467,6.109973,5.476868,0.000000,0.000000,0.000000,6.835496,5.153578,3.077417,1.535525,4.971405,7.604331,7.191460,7.153229,5.528261,5.016434,0.000000,3.820436,6.543517,9.342955,2.653110,3.920114,5.011140,5.261487,6.769094,7.328532,6.286312,1.134939,0.472415,6.415023,6.641557,7.517613,5.459806,3.605381,5.143775,4.774846,6.143976,4.422381,2.286538,2.374552,1.045696,1.729343,4.123699,3.993094,5.103432,3.650965,5.751738,5.261356,5.296431,0.752617,1.220068,2.651871,0.000000,1.686416,0.000000,3.093841,4.863964,4.807146,4.146956
10,Apple,0.303695,0.303695,0.303695,0.303695,0.303695,0.303695,0.303695,0.303695,0.303695,0.303695,0.303695,0.523371,6.318054,1.221502,0.000000,0.000000,0.000000,0.000000,0.000000,0.000000,3.295032,4.458350,4.327257,1.855079,6.390829,5.566860,4.515540,0.000000,0.000000,0.000000,0.000000,0.000000,4.348522,5.120836,6.307256,1.966151,5.039553,6.644972,6.199417,3.379791,0.000000,0.000000,0.000000,3.894052,6.150903,6.813306,6.828663,3.373244,7.489829,7.453408,6.379264,5.562894,0.000000,0.000000,0.000000,3.447442,8.129445,8.107799,7.258740,6.060728,8.167646,6.957717,7.178976,7.033278,2.916248,0.000000,0.000000,5.525803,8.645042,8.907374,7.001926,7.071037,5.190053,5.913561,7.287629,7.189906,0.000000,0.000000,2.272466,5.552699,7.601288,7.068974,6.938473,5.495524,5.705009,6.192448,3.795963,2.041513,2.877354,0.574852,0.964070,4.171653,4.130047,5.171319,5.074640,5.537857,5.322408,3.649965,1.531476,0.000000,0.000000,0.000000,0.000000,0.000000,1.979660,3.583833,4.015035,3.558615
11,Apple,0.241360,0.241360,0.241360,0.241360,0.241360,0.241360,0.241360,0.241360,0.241360,0.241360,0.241360,0.241360,1.694415,0.205023,0.205023,2.883345,0.205023,0.205023,2.956167,0.205023,2.880528,0.205023,0.205023,0.656196,2.896313,3.134346,2.240317,2.093633,0.000000,0.000000,4.671950,2.326646,2.802337,4.231881,5.680986,2.016955,5.747752,6.667461,6.344108,0.000000,0.000000,4.482469,4.405550,0.000000,5.938371,7.889254,6.048467,0.000000,5.828093,7.609458,6.315465,5.852241,0.000000,0.000000,0.000000,0.000000,7.472925,9.616695,9.400255,5.832397,6.848044,7.197574,7.080261,3.111067,2.718711,0.000000,1.052983,6.542860,9.395470,9.585842,6.845433,5.939129,6.315781,6.683100,7.449759,1.948535,1.688362,2.030823,2.037427,6.440781,6.724748,7.020242,6.820200,6.602839,4.987028,6.188577,4.154485,0.550148,2.310328,0.789870,1.361382,3.909472,5.016026,5.158013,5.029891,5.874874,4.433345,0.000000,0.000000,0.000000,2.476051,0.000000,0.382100,0.000000,3.372059,4.879977,4.536630,4.560403
12,Apple,0.241371,0.241371,0.241371,0.241371,0.241371,0.241371,0.241371,0.241371,0.241371,0.241371,0.241371,0.241371,5.948859,3.154458,2.207269,0.280359,0.280359,2.561892,2.729941,0.280359,2.252291,3.594383,0.280359,0.590429,6.453014,5.208006,5.423709,0.000000,0.000000,0.000000,0.591797,0.727231,0.000000,4.507585,4.926303,0.000000,4.983839,6.936500,6.451355,6.079168,0.000000,0.000000,0.000000,2.167079,6.566192,5.037621,6.710524,3.753921,6.669053,7.644004,6.386085,5.443826,3.272019,0.000000,0.000000,7.379581,7.125061,7.005097,7.311470,5.170885,7.057032,7.235734,6.811676,5.824715,3.272859,0.000000,0.000000,7.580407,9.290831,7.857585,6.967308,6.652882,5.170509,6.652884,7.277874,3.418918,0.531845,0.000000,2.257357,6.380836,7.623581,6.869129,6.725854,5.384608,5.034763,6.177058,3.732237,3.716961,2.105503,0.975306,0.000000,3.502323,3.859799,5.248917,4.747211,4.727655,4.761474,3.838514,1.617499,1.732780,2.700977,0.000000,0.000000,1.783963,4.285259,4.699275,4.394578,3.329998
13,Apple,0.305279,0.305279,0.305279,0.305279,0.305279,0.305279,0.305279,0.305279,0.305279,0.305279,0.305279,0.305279,0.000000,4.584679,2.799512,3.170954,0.271448,2.235101,5.106696,3.541806,0.000000,0.000000,1.078972,0.771953,0.680970,3.508775,4.792902,0.000000,0.000000,2.301444,4.485046,2.539248,3.292252,0.000000,5.669303,0.891851,5.530992,7.227218,5.387457,0.000000,0.000000,0.000000,4.474966,3.286378,5.637122,4.354598,6.279525,3.987795,5.373590,5.687679,6.067956,4.579341,0.000000,0.000000,2.220860,0.000000,6.561692,7.856112,7.089084,6.640974,6.736737,6.436341,7.104750,5.605301,5.345500,0.000000,0.000000,4.565348,7.924942,9.144008,6.890555,7.120658,5.180768,6.752523,7.295166,5.764941,0.000000,0.000000,2.082213,6.437507,6.439016,7.231813,7.008643,6.708568,6.359641,6.047697,3.525456,0.668150,2.385480,0.000000,1.586842,4.225223,4.190125,5.100615,5.229578,6.441365,4.414899,4.059900,2.470334,0.000000,2.373213,1.610231,2.410353,2.396879,3.320734,4.643380,4.675399,4.769668
14,Apple,0.264025,0.264025,0.264025,0.264025,0.264025,0.264025,0.264025,0.264025,0.264025,0.264025,0.264025,0.264025,2.237678,0.289527,4.621533,0.278078,2.255001,1.637804,0.278078,0.278078,0.278078,1.075980,0.278078,0.476989,6.191906,2.908338,4.856147,0.000000,0.000000,1.995900,0.000000,0.000000,3.053522,7.057608,0.000000,6.178156,5.310863,5.753181,6.180170,3.923334,0.000000,0.000000,1.478949,3.944948,4.240102,8.692061,6.289299,4.429449,5.505003,5.669022,6.113421,5.689576,2.959693,0.000000,2.266798,5.653278,10.178319,10.152879,7.028594,6.070592,7.727069,6.921818,7.288844,5.666217,4.847571,0.000000,0.000000,6.343674,7.591770,8.431256,6.940756,6.219786,5.028718,6.793427,7.492455,6.140595,0.000000,0.000000,1.876719,5.389314,7.539688,6.923188,6.806726,5.598993,5.118781,6.287136,3.819480,0.000000,0.000000,0.000000,3.322394,4.233635,2.684737,5.226563,5.042694,5.836653,5.453684,3.983058,2.202094,0.000000,0.000000,0.000000,0.000000,1.610833,3.133638,3.920665,4.592087,4.630259
15,Apple,0.199558,0.199558,0.199558,0.199558,0.199558,0.199558,0.199558,0.199558,0.199558,0.199558,0.199558,0.199558,4.324911,2.742893,3.864099,0.000000,0.000000,0.000000,4.630326,3.331095,3.052068,0.000000,0.175876,2.205157,6.411661,5.346711,3.721341,0.000000,0.000000,4.404782,4.949754,3.976099,3.472000,0.000000,0.000000,1.465417,3.868488,6.758790,6.515931,0.000000,0.000000,0.000000,4.495987,1.885779,3.046555,0.821368,2.089676,1.935777,6.494728,7.156200,6.244922,0.000000,0.000000,0.000000,0.000000,5.691679,3.111405,3.874383,6.569260,6.835439,6.936009,7.187886,6.886663,3.585104,0.000000,0.000000,0.000000,5.945379,5.371905,6.642506,6.862044,7.146890,5.254265,6.651431,7.381229,2.699945,1.924185,0.000000,0.000000,6.457966,6.540370,7.073000,6.812298,5.542532,5.437812,6.074165,5.812964,2.114265,2.271461,0.975618,0.667066,4.140817,4.036559,5.001009,4.952458,6.272110,5.396225,3.236167,1.875873,0.000000,2.673298,2.222703,0.339501,0.000000,3.933888,4.904743,3.990770,4.738301
16,Apple,0.263472,0.263472,0.263472,0.263472,0.263472,0.263472,0.263472,0.263472,0.263472,0.263472,0.263472,0.263472,0.282046,0.762014,1.985834,2.715872,0.000000,1.709463,0.000000,0.000000,0.000000,0.000000,0.363004,0.000000,0.000000,1.916288,0.000000,0.000000,0.000000,1.903413,1.922503,1.608926,2.835699,1.258209,0.000000,0.000000,2.293868,6.908212,3.493316,0.000000,0.000000,3.525391,4.642694,2.499138,2.599353,0.000000,6.528679,4.008480,6.576672,7.824633,6.266667,5.297283,0.000000,0.000000,0.000000,0.000000,1.885748,4.957470,6.012621,6.397780,6.696336,7.191766,7.241710,5.675972,5.115469,0.000000,1.351926,5.354647,1.235687,6.384248,7.162228,7.003543,6.459752,6.678755,7.507178,6.560181,1.760244,0.114952,2.184481,4.928370,6.143189,7.036322,6.822741,5.520184,6.441156,6.222304,5.386322,1.180026,2.890710,0.000000,0.000000,4.005031,4.804004,5.162947,5.102128,6.306237,5.330492,4.027864,1.944315,1.873265,0.000000,0.000000,0.000000,0.000000,3.252348,4.900387,4.733563,4.675815
17,Apple,0.228769,0.228769,0.228769,0.228769,0.228769,0.228769,0.228769,0.228769,0.228769,0.228769,0.228769,0.228769,3.700574,2.231463,4.520136,0.683692,0.248315,2.225867,4.837662,0.248315,2.945264,0.248315,0.248315,0.341677,6.331829,5.647134,4.646615,1.265280,0.000000,0.000000,5.027060,3.343480,4.561056,4.467923,5.749557,0.000000,5.759536,5.967164,6.150497,0.000000,0.000000,0.000000,4.481835,5.505629,6.073821,5.807581,6.355128,1.622077,6.610822,7.728686,6.392585,5.431284,0.000000,0.000000,0.737579,6.708509,7.676292,8.745219,6.247952,2.623358,6.193283,7.208042,6.942562,5.526168,0.000000,0.000000,3.694069,6.347369,9.157964,9.264795,6.943523,6.393679,6.094595,6.854974,7.546278,7.195146,0.000000,0.000000,1.864929,6.581717,7.354204,7.130885,6.747216,4.053273,5.156973,6.232989,5.837572,1.274321,0.000000,1.024224,1.691494,4.265635,3.459234,5.150024,5.011230,5.264018,2.775675,3.235119,2.021333,0.262961,0.930397,1.598907,2.476174,0.000000,2.581290,4.662232,4.624140,4.546978
18,Apple,0.310814,0.310814,0.310814,0.310814,0.310814,0.499175,0.310814,0.310814,0.310814,0.310814,0.310814,0.310814,3.512881,2.439292,4.208302,0.935765,0.332304,2.626981,0.324094,0.914447,0.000000,0.000000,0.000000,0.000000,3.238246,5.477028,4.765395,1.525350,1.916892,0.000000,0.000000,1.791801,1.746028,3.730499,2.119654,1.397288,5.126444,7.201459,7.036433,6.295628,0.000000,0.000000,0.000000,1.606044,1.536054,4.991005,7.138436,3.658997,6.358614,7.385654,6.832530,0.000000,0.000000,0.000000,0.000000,1.675035,7.563330,7.934223,7.235037,5.816207,7.954849,7.464254,6.991256,0.000000,0.000000,0.000000,0.535867,5.592352,7.968147,7.546667,6.561105,7.029420,5.119713,6.652732,7.432483,2.649886,0.000000,0.000000,0.176240,6.456866,6.759279,7.002543,6.934670,5.558899,5.043685,6.047518,3.800617,1.437299,2.809371,0.470928,3.805143,4.133477,3.723364,5.251392,4.655854,6.230810,5.242900,3.137578,1.532843,1.019122,2.632370,0.000000,0.000000,3.009753,3.251959,4.872027,4.787825,4.688221
19,Apple,0.333715,0.333715,0.333715,0.333715,0.333715,0.333715,0.539124,0.333715,0.333715,0.333715,0.333715,0.333715,0.925515,0.000000,0.000000,2.020071,1.064061,2.583868,2.744427,1.969399,3.682167,0.000000,0.203950,0.413272,5.177099,0.000000,0.000000,2.049291,1.279366,0.000000,4.818208,3.266484,3.637100,1.387895,1.504433,0.000000,5.220778,5.829394,0.000000,0.000000,0.000000,0.000000,4.532131,3.637471,6.894631,7.391462,4.720978,2.257652,5.346553,7.706778,0.000000,4.360965,0.000000,0.000000,0.000000,7.126993,9.689810,9.163729,5.332728,5.801029,6.010312,5.027251,7.286842,5.096518,0.000000,0.000000,2.218930,8.459004,9.241237,9.418358,6.928151,6.221714,5.270360,5.128325,7.317159,6.755429,1.989123,1.047557,4.773382,6.773346,7.620727,6.959360,6.630208,5.501937,4.913874,5.674514,3.694074,3.214766,2.874243,2.165334,3.167549,4.022632,4.104188,5.337862,5.838835,6.338412,5.175669,3.686026,0.952865,0.000000,2.093215,1.533348,0.000000,0.000000,3.375042,4.966642,4.685021,4.686612
20,Apple,0.330287,0.330287,0.330287,0.330287,0.330287,0.330287,0.330287,0.330287,0.330287,0.330287,0.330287,0.513798,3.782405,5.231573,0.000000,0.000000,0.000000,0.000000,0.000000,0.000000,2.393587,3.912503,0.551233,0.000000,4.620179,4.001789,4.773897,0.000000,0.000000,0.000000,0.000000,0.000000,3.039682,4.300048,6.290826,1.668612,4.796333,6.364459,5.840603,0.000000,0.000000,0.672494,0.448656,4.953283,5.502922,4.361316,6.863012,5.142251,4.005717,6.852709,6.235281,5.762300,0.000000,0.000000,1.552760,7.195975,7.413899,6.249924,7.328820,6.178424,6.496501,7.112877,6.624561,1.025088,0.000000,0.000000,3.537213,8.953341,8.815908,7.963906,6.874589,7.075172,4.822343,6.704417,7.393489,5.531310,1.386989,0.903953,2.302154,6.515505,7.583376,7.165660,6.737031,5.601381,5.475421,6.115965,3.668443,1.615694,2.740864,0.290345,1.409388,4.036662,3.979722,5.293770,5.039920,6.347105,5.097458,3.279353,1.371874,0.000000,0.000000,0.000000,0.145735,1.244678,3.908872,4.893106,4.695676,4.695831
21,Apple,0.314418,0.314418,0.314418,0.314418,0.314418,0.314418,0.314418,0.314418,0.314418,0.314418,0.314418,0.516685,0.287691,0.848692,0.000000,0.000000,0.000000,2.183190,1.383405,0.000000,3.126203,1.940475,0.450828,2.463956,0.548053,4.142155,3.833094,0.000000,0.000000,0.000000,2.819854,2.056451,5.805037,4.831325,0.665178,0.000000,2.973234,7.048061,6.386945,0.000000,0.000000,0.303614,2.888116,3.770355,5.472145,6.808350,1.273462,0.899794,3.098436,6.730746,6.237309,5.770194,0.000000,0.000000,0.000000,5.423406,7.041959,7.992788,5.066863,3.988860,4.091448,7.129507,7.104682,6.668109,3.440171,0.000000,1.688371,6.014846,7.590111,9.500757,6.853628,6.921943,5.093396,6.605518,7.441737,6.818618,1.364286,0.000000,2.310825,6.059229,7.736275,6.995054,6.860240,6.209820,5.354272,5.822348,3.752619,1.480299,0.896751,0.000000,3.992175,4.013969,3.892262,5.170644,5.033077,6.391647,5.444137,3.612911,3.410037,0.607571,1.717259,0.000000,0.000000,0.000000,2.898680,4.719717,4.694373,5.146328
22,Apple,0.211505,0.211505,0.211505,0.211505,0.211505,0.211505,0.211505,0.211505,0.211505,0.211505,0.211505,0.211505,5.689403,5.585550,0.000000,0.000000,0.214418,2.357633,0.000000,3.745646,3.064419,0.000000,0.000000,0.000000,4.489414,3.713216,0.000000,0.000000,0.000000,0.428073,0.468731,3.910664,3.220589,3.377839,0.000000,3.721380,4.821307,7.411638,4.972553,0.000000,0.374067,0.000000,1.650061,0.879412,6.547507,7.128018,6.106315,3.053263,5.926170,6.157216,7.499979,0.000000,0.000000,0.000000,0.000000,5.834147,7.155940,8.032312,6.815342,5.996119,6.534540,7.240099,7.252161,4.528262,0.000000,0.000000,0.000000,6.437370,6.894031,8.600787,6.939751,6.775654,4.779715,6.807529,7.342039,2.811714,1.856169,1.109650,2.439199,6.564187,7.484061,7.070441,6.647510,5.715631,5.659617,6.121762,3.768426,1.407574,2.926458,0.221482,2.161863,4.142685,4.012856,5.171515,4.959428,6.104629,4.745358,3.337081,2.244519,1.011343,2.533937,0.000000,0.000000,0.000000,3.428652,3.641430,4.700596,3.266284
23,Apple,0.248795,0.248795,0.248795,0.248795,0.248795,0.248795,0.248795,0.248795,0.248795,0.248795,0.248795,0.248795,0.250093,0.250093,2.411987,2.820202,0.735492,0.250093,0.250093,0.250093,0.307219,0.250093,0.250093,0.250093,0.000000,0.000000,0.000000,0.000000,1.548596,1.801874,0.000000,2.733646,4.228241,0.000000,0.000000,0.000000,0.000000,0.000000,0.000000,0.000000,0.000000,0.000000,0.000000,4.910738,6.109657,6.341750,0.000000,0.000000,2.571168,4.062021,5.868466,4.779884,0.000000,0.000000,2.115589,6.260929,7.998335,5.631924,1.309880,0.595884,8.065516,6.908714,7.156437,5.518809,0.000000,0.000000,2.540208,6.718371,9.171265,7.035805,4.653117,3.294434,5.229635,6.722384,6.846951,3.549909,0.000000,0.000000,0.000000,6.997518,7.572960,6.839644,6.813839,4.002862,6.254537,6.069828,1.643634,0.000000,0.000000,0.000000,1.078243,3.911136,3.461420,5.131888,4.704452,6.271358,5.332828,5.188434,1.885080,1.891792,0.000000,1.255786,1.124422,3.378746,3.426287,4.934206,4.725651,4.836525
24,Apple,0.234715,0.234715,0.234715,0.234715,0.234715,0.234715,0.234715,0.234715,0.234715,0.234715,0.234715,0.499973,0.000000,0.174013,2.276653,2.653944,0.000000,0.000000,2.298025,2.464819,0.000000,0.000000,0.000000,2.494902,0.000000,0.000000,4.363499,0.416937,0.000000,0.000000,4.473221,3.744430,3.492588,1.243105,0.000000,0.000000,3.479550,7.584673,4.446401,0.527485,0.000000,0.729742,4.548175,1.385197,3.967173,1.304758,1.345351,3.898501,8.007526,7.509852,5.328686,5.123182,0.000000,0.000000,0.000000,0.000000,5.191133,5.194050,5.022479,5.650609,8.008826,6.888119,6.062693,5.668692,3.695521,0.000000,0.000000,5.491928,7.448264,7.676212,6.752220,7.065166,5.197414,6.748898,7.390083,2.585551,2.820955,1.183829,3.337333,6.585669,7.544616,6.996615,6.963219,5.365727,6.501404,5.999325,3.563923,3.099021,2.573917,0.000000,2.216384,4.202900,0.703854,5.134035,4.980487,6.329746,5.297539,3.998279,1.854370,1.447806,0.000000,0.000000,0.810352,0.162978,4.560581,4.914677,4.766448,4.599019
25,Apple,0.313967,0.313967,0.313967,0.313967,0.313967,0.313967,0.313967,0.313967,0.313967,0.313967,0.313967,0.554859,3.873033,4.672654,0.000000,0.000000,0.000000,2.134341,3.057262,0.000000,2.258840,3.709479,0.695048,2.677818,5.003628,5.404887,4.828500,0.000000,0.000000,0.000000,4.722336,0.000000,1.868613,3.694183,2.755500,0.660752,5.252622,5.762808,6.289139,0.000000,0.000000,0.000000,0.000000,2.115656,6.314570,7.223530,6.730514,4.399575,4.850579,5.862250,5.722935,5.647819,0.000000,0.000000,0.000000,5.069646,7.176980,7.471094,7.310748,5.732412,7.206677,7.070003,6.452583,4.325119,0.000000,0.000000,0.843522,6.504091,9.023541,8.718241,7.028105,7.155440,5.397424,6.663701,5.185153,0.000000,0.000000,0.000000,2.633950,7.031301,7.570442,7.114942,6.874123,5.489505,5.821790,6.051622,3.938497,0.000000,0.000000,0.000000,0.690219,4.328660,4.042801,5.291917,5.160729,5.831932,2.427597,0.000000,0.000000,0.000000,0.000000,0.000000,0.000000,0.000000,2.667639,0.000000,4.305034,3.902124
26,Apple,3.580366,0.261413,0.261413,0.261413,0.261413,0.261413,0.261413,0.261413,0.261413,0.261413,0.261413,0.261413,3.296648,2.115853,0.298855,0.389321,0.298855,0.298855,0.298855,0.298855,0.938913,0.298855,0.298855,0.298855,3.144259,5.483131,6.090392,4.100946,0.000000,0.000000,0.000000,0.000000,3.233000,0.000000,0.000000,2.804664,5.047598,6.408289,6.365436,2.198981,0.000000,0.000000,0.000000,0.000000,2.315820,3.089671,3.630224,4.024079,5.951513,7.685741,6.329380,5.346324,0.000000,0.000000,0.000000,0.000000,9.135033,2.480940,7.022240,5.668878,6.797373,7.208613,7.203754,5.700785,0.000000,0.000000,0.000000,5.488110,9.306178,6.493875,6.842143,7.099787,5.194036,6.724898,7.399934,3.395852,0.000000,0.212205,0.000000,6.078076,7.504340,7.502312,6.841030,5.005069,6.464816,6.103809,3.793957,3.596419,1.273992,0.000000,0.370420,4.131939,3.827493,5.214036,4.923539,6.316478,5.238759,3.972001,1.745734,0.992332,1.351281,2.238304,2.300199,0.302568,4.185420,4.676536,4.748347,4.620156
27,Apple,0.163308,0.163308,0.163308,0.163308,0.163308,0.163308,0.163308,0.163308,0.163308,0.163308,0.163308,0.163308,0.243644,0.243644,0.243644,0.243644,0.243644,2.423924,4.653442,3.085505,3.929315,0.243644,0.243644,0.243644,1.728018,2.440478,0.519815,1.316602,0.419760,0.000000,4.808359,4.217469,2.709072,4.902286,4.260787,0.000000,3.284495,2.802589,0.000000,0.000000,0.000000,0.000000,4.056496,4.130754,3.339644,4.315101,5.710469,3.771485,4.500980,4.263010,4.367229,0.000000,0.000000,0.000000,3.147514,7.156126,8.350213,8.033618,7.339349,5.598773,6.729612,4.495144,4.571847,4.933965,1.384061,0.000000,4.069170,6.320256,8.609531,8.758616,6.869777,6.876751,5.190786,6.497268,5.059553,2.869489,1.599768,0.000000,1.719529,6.467286,7.356606,7.113057,6.785375,5.763634,5.614298,6.064469,3.901339,1.571950,1.701346,0.000000,2.201743,4.148435,3.925042,4.279322,4.865562,4.773950,4.822944,4.049081,2.071629,0.972142,0.000000,0.000000,0.000000,0.000000,3.403512,3.069188,4.116255,4.465411
28,Apple,0.290484,0.290484,0.290484,0.290484,0.290484,0.290484,0.290484,0.290484,0.290484,0.290484,0.290484,2.236581,0.839489,3.320401,3.530823,0.000000,0.988991,1.434506,0.163136,0.000000,0.000000,1.463994,5.262154,1.840320,6.093931,5.349369,4.827634,4.563834,1.823249,1.827724,0.000000,0.000000,0.000000,5.806569,6.546259,2.437064,4.725809,5.031575,4.100992,2.995553,0.000000,0.000000,0.000000,0.000000,6.581567,7.663451,6.828274,3.934775,7.447727,7.590176,5.366695,3.703937,0.000000,0.000000,0.277782,5.822399,9.357876,9.737024,6.975532,5.952405,7.983827,7.257238,7.112760,5.599565,4.952024,0.000000,0.000000,6.401300,8.673572,9.508357,6.924168,7.146477,5.235313,6.670931,6.851428,4.092254,0.868173,0.000000,2.293531,5.161489,6.990365,6.955608,6.999812,5.768211,5.405860,5.533568,3.787941,1.590637,1.782269,0.000000,0.000000,3.617968,4.008292,5.161081,5.061090,6.115618,3.793326,2.859452,0.000000,0.340144,0.000000,0.000000,0.000000,0.000000,1.714640,4.669961,3.233432,4.481282
29,Apple,0.304719,0.304719,0.304719,0.304719,0.304719,0.304719,0.304719,0.304719,0.304719,0.304719,0.304719,0.304719,3.727623,3.524806,2.789880,0.000000,0.000000,1.628992,0.961654,0.000000,0.000000,3.906572,0.202106,2.327479,4.166599,4.374796,5.224880,0.000000,0.000000,1.992573,4.744557,0.000000,4.049558,2.765231,4.617325,1.186381,5.241943,6.921081,6.352003,4.637015,0.000000,0.000000,4.632535,1.490421,6.595245,4.735577,6.517621,4.277322,4.905548,7.622318,6.840285,4.135007,2.547517,0.000000,0.000000,7.032718,7.557387,6.463201,7.133033,7.060010,7.197333,6.659279,7.094667,5.632007,2.063732,0.000000,2.875573,6.373406,7.760662,8.751131,6.719101,6.981053,5.205158,6.768281,7.460258,0.000000,2.097954,0.647639,0.000000,6.582856,7.545382,6.760433,6.821851,5.549208,5.859311,5.485365,3.814829,0.000000,0.000000,0.000000,0.000000,4.013463,5.005029,5.276583,5.053465,6.353435,4.977933,3.596756,0.000000,0.000000,0.000000,0.000000,0.000000,0.000000,3.263442,4.746051,4.642253,4.311718
30,Apple,0.260223,0.260223,0.260223,0.260223,0.260223,0.260223,0.260223,0.260223,0.260223,0.260223,0.260223,0.260223,0.000000,0.000000,0.000000,0.425685,2.256062,2.355755,0.822373,0.000000,0.222192,0.000000,0.590404,1.688790,0.253048,0.253048,0.253048,1.745239,0.253048,0.253048,0.253048,0.253048,0.253048,0.565588,0.253048,2.054400,5.213063,5.327769,2.189379,0.884137,0.000000,0.000000,0.000000,2.379310,2.745260,0.723459,0.664277,1.968745,6.270329,7.238963,4.940496,0.000000,0.000000,0.000000,1.604829,3.764669,4.001940,3.962253,4.579285,6.975271,6.561164,7.168684,7.028810,0.000000,0.000000,0.000000,5.239783,6.053172,4.289239,5.881104,4.976944,7.126962,6.033473,6.713084,7.491744,6.819623,0.000000,0.000000,2.570776,6.663821,7.530535,7.064678,4.973635,5.381258,5.829352,6.070403,4.751277,2.568403,1.535465,1.312480,2.785486,4.163374,3.533635,5.159476,5.074212,6.290424,5.391317,4.915263,0.805530,2.278940,2.651976,0.000000,2.248114,2.129689,3.972712,4.977354,4.851863,4.682257
31,Apple,0.270646,0.270646,0.270646,0.270646,0.270646,0.495364,0.270646,0.270646,0.270646,0.270646,0.270646,0.270646,6.080997,3.227906,4.611943,3.717720,0.772623,2.613821,0.000000,0.000000,0.000000,0.000000,0.000000,0.000000,6.442922,6.151957,4.908477,2.903473,2.037275,0.000000,0.000000,0.000000,0.000000,0.000000,0.000000,4.012944,5.682127,7.570669,6.298540,5.226329,0.590190,0.000000,0.000000,0.000000,0.000000,0.000000,6.545814,3.872980,5.817084,7.571203,6.047326,6.058537,2.079025,0.000000,0.000000,4.407260,2.507458,3.373616,7.180429,5.440469,7.599857,6.153800,6.969045,5.556525,0.000000,0.000000,4.130845,5.243904,4.832806,5.619237,6.512911,7.124078,5.168358,6.667909,7.436830,1.575448,2.018960,0.000000,5.002812,5.746473,6.010064,6.059927,3.788887,5.589836,6.635144,6.191911,3.763288,3.653435,2.843378,0.000000,1.354342,4.169347,3.517591,5.086164,4.463950,6.263550,5.281110,4.050029,2.928319,0.526508,2.719184,0.497707,0.000000,0.000000,2.755729,4.165782,4.702748,4.647105
32,Apple,0.235807,0.235807,0.235807,0.235807,0.235807,0.235807,0.235807,0.235807,0.235807,0.235807,0.235807,0.235807,5.046977,1.076845,1.048639,0.000000,0.000000,0.000000,0.576638,0.000000,0.000000,3.593008,2.697147,0.860721,5.381563,5.672821,4.239976,0.000000,0.000000,0.000000,1.534393,0.732880,3.858911,4.408114,5.956448,0.000000,5.069890,7.320570,4.594488,1.332850,0.000000,0.630477,2.172960,1.442270,5.465273,0.151874,6.526906,5.737546,7.980501,7.503314,5.662697,2.806434,0.000000,0.000000,0.000000,2.020799,7.147561,2.674285,6.656532,5.882374,8.059163,7.310688,7.172278,2.888928,0.615571,0.000000,3.648838,3.973821,7.532811,5.583681,6.890748,7.147597,5.282265,7.356563,7.388535,2.744030,2.660737,1.772072,2.315820,5.579903,7.242770,6.885367,6.769351,5.381221,6.238645,6.158776,3.779843,3.442820,2.893244,1.518991,1.355541,3.601025,3.922754,5.235254,4.896277,5.662701,5.246614,3.987281,1.299420,0.302044,2.326482,0.000000,0.287534,0.329092,3.553462,3.734280,4.488720,4.659302
33,Apple,0.258627,0.258627,0.258627,0.258627,0.258627,0.258627,0.258627,0.258627,0.258627,0.258627,0.258627,0.258627,0.272082,0.272082,4.714137,1.458044,0.272082,0.272082,0.272082,0.272082,2.778170,3.590725,0.272082,0.272082,0.000000,4.428618,4.922509,2.277447,0.000000,0.722318,0.000000,3.675893,6.495567,4.660410,0.000000,0.000000,4.972876,4.952357,3.959984,0.000000,0.000000,0.946128,0.000000,0.617172,6.366214,6.995791,3.167409,3.936220,5.929904,6.601570,6.634007,3.844315,0.000000,0.000000,0.654140,7.161281,9.522502,7.551216,5.616194,5.522878,6.935384,7.243907,7.127433,5.517985,4.063676,0.000000,3.528997,6.855242,9.376266,8.461614,6.948567,7.017906,5.199187,6.684735,7.387927,3.383874,0.000000,1.702378,5.891719,6.529488,7.451075,7.044933,6.776512,5.532856,5.652620,6.054111,3.746502,2.788302,0.400543,0.000000,2.270606,4.006381,4.055491,4.701880,5.096361,6.415948,5.354682,3.628484,1.115528,0.637014,0.000000,1.174080,2.376640,0.000000,3.424429,4.440446,3.629978,3.941429
34,Apple,0.207377,0.207377,0.207377,0.207377,0.207377,0.207377,0.207377,0.207377,0.207377,0.207377,0.207377,0.207377,0.323944,5.077316,2.545708,2.113884,0.323944,0.348480,3.850001,0.323944,3.107160,2.042963,0.323944,2.366707,6.241486,5.441640,2.790062,0.783053,0.800080,0.220384,4.495876,2.804189,3.064004,3.818202,2.347399,0.220384,4.709082,5.996985,5.908555,0.000000,0.000000,4.687995,4.346939,3.347949,6.547741,4.625505,4.671647,2.727978,4.173054,7.428535,6.256824,3.091345,0.236110,0.236110,0.236110,3.046695,8.154325,8.147880,4.103768,4.196513,5.225828,6.915618,7.405049,4.177615,3.118708,0.000000,0.000000,5.489459,8.097381,9.392474,6.654546,5.620144,5.263673,6.565627,7.425485,5.766292,1.035104,1.468576,4.999245,6.410092,7.465245,7.057681,6.807521,5.277407,6.410843,6.161771,5.302169,3.614190,2.363474,1.657586,1.418059,4.151385,2.394888,4.756833,4.096152,6.370950,5.290637,3.950704,1.984918,0.904141,2.655772,0.000000,0.365253,0.838940,4.344885,4.876704,4.540223,4.703561
35,Apple,0.245498,0.245498,0.245498,0.245498,0.245498,0.245498,0.245498,0.245498,0.245498,0.245498,0.245498,0.245498,0.325749,0.325749,4.200754,0.325749,0.325749,0.325749,0.325749,0.325749,3.978395,0.528247,0.325749,0.325749,0.000000,5.301300,6.051813,0.000000,0.000000,0.000000,3.815104,3.823290,1.447031,5.966087,0.000000,0.000000,2.356656,6.863789,6.119401,3.607426,0.000000,0.000000,4.561572,1.479730,3.564189,7.393935,6.722250,1.325268,3.962943,7.547734,6.280930,4.772811,0.000000,0.000000,0.000000,4.766786,5.016016,8.672504,5.643729,4.509145,6.558768,7.073721,7.110552,5.560167,0.000000,0.000000,0.000000,6.578552,6.909690,7.822550,6.793664,6.910008,5.082597,6.741115,7.432689,2.866922,1.867846,1.119687,0.931524,6.532197,7.311184,7.197067,6.862210,5.608200,5.173194,6.175380,5.019441,1.341858,1.951911,1.052969,0.000000,3.916376,4.834523,5.199973,5.075066,6.210531,5.154773,3.847454,1.979345,1.881728,2.926710,0.000000,0.000000,0.000000,4.217118,4.184806,4.396835,4.610985
36,Apple,0.336218,0.336218,0.336218,0.336218,0.336218,0.336218,0.336218,0.336218,0.336218,0.336218,0.336218,0.336218,0.000000,0.641625,4.649485,0.000000,0.000000,0.000000,0.000000,0.000000,0.000000,2.557857,4.133996,0.310268,0.000000,5.197491,5.030343,2.416816,0.000000,0.000000,0.000000,2.088115,1.937053,4.335354,4.859934,0.000000,1.791829,7.660236,6.210237,0.000000,0.111747,0.000000,0.000000,0.000000,2.049695,9.934072,4.633772,0.000000,6.579636,7.507212,6.349788,5.879661,1.381636,0.000000,0.000000,2.878013,6.142391,10.059689,7.076307,5.858287,6.315674,7.297906,7.259487,5.601843,3.932471,0.000000,0.000000,6.408132,8.941685,9.369136,7.812106,7.121571,5.090834,6.451901,7.441669,2.915656,1.528702,1.450986,0.000000,6.567045,7.518376,7.061422,6.847418,5.515990,5.961963,6.103296,3.704543,1.516273,1.922939,0.000000,2.063387,4.044684,3.823352,4.744003,4.983017,5.959109,5.247043,4.139414,0.000000,0.000000,0.000000,0.000000,2.215867,0.000000,3.197616,4.813999,4.662119,4.342904
37,Apple,0.279703,0.279703,0.279703,0.279703,0.279703,0.279703,0.494728,0.279703,0.279703,0.279703,0.279703,0.279703,4.354839,4.676825,0.000000,0.000000,0.000000,0.000000,3.095385,3.652973,3.799618,3.605759,0.334742,2.172210,6.385954,5.504679,0.000000,0.000000,0.000000,4.255409,4.772108,3.925092,3.191087,4.495406,5.849416,2.596806,3.234121,6.779101,4.774910,0.000000,0.000000,3.835464,4.560351,0.000000,2.675706,5.907983,6.545974,3.865179,4.512105,7.588756,6.213888,2.725477,0.000000,0.000000,1.790963,1.710706,2.734974,8.189754,6.962570,6.994524,6.558012,7.161675,7.381212,4.113693,3.251132,0.000000,1.179089,2.348637,3.949443,8.630242,6.866598,5.196908,5.205252,6.797675,7.511393,2.641595,0.870069,0.712397,0.970513,6.096600,7.065656,7.212291,6.767128,5.257630,5.432712,6.156923,3.896085,1.452186,1.322236,0.943061,3.090477,4.105024,3.982668,5.156672,5.058186,5.055161,3.466897,3.650753,1.838246,1.148883,0.000000,0.331039,0.475817,2.636648,3.151196,4.857770,4.360672,4.735757
38,Apple,0.239849,0.239849,0.239849,0.239849,0.239849,0.239849,0.239849,0.239849,0.239849,0.239849,0.239849,0.239849,0.202284,0.202284,0.973483,0.713082,0.202284,2.483752,0.588815,0.222709,1.586890,4.610332,2.444834,2.392083,0.000000,0.000000,4.763631,4.872268,2.432970,1.506578,0.808480,3.964127,3.152114,7.019011,3.296907,0.000000,2.240605,0.000000,4.875615,5.115563,0.000000,0.000000,1.244744,3.704492,4.810664,7.330297,7.270717,3.641585,5.558610,6.887009,7.057180,5.793394,3.098138,0.000000,0.468438,5.980460,8.742745,6.292496,7.163834,5.700021,4.818451,7.306122,7.314231,5.615426,0.000000,0.000000,2.160132,6.386837,8.382891,7.822834,7.030306,7.075052,5.227861,6.799269,7.452425,6.207485,0.000000,0.992527,2.219718,6.107873,7.152251,6.907569,6.877132,5.543854,6.232859,6.213051,3.694557,1.518409,1.141922,0.000000,1.267222,3.387135,4.049790,4.941166,4.955098,5.859637,5.198966,3.635554,1.918001,1.467863,1.305082,0.000000,0.000000,2.331369,3.404221,4.927497,4.658197,4.514021
39,Apple,0.239667,0.239667,0.239667,0.239667,0.239667,0.239667,0.239667,0.239667,0.239667,0.239667,0.239667,0.239667,6.651824,0.339197,1.261681,0.907683,0.339197,0.339197,0.339197,0.339197,3.094032,0.339197,0.339197,2.955248,6.479115,5.206916,4.851699,0.246994,0.246994,0.246994,0.557275,2.529927,3.475315,0.246994,5.202891,3.195167,4.925103,6.041252,5.852579,0.966489,0.000000,0.000000,0.858070,0.000000,4.520202,5.347654,7.018898,5.494351,6.090240,7.519431,6.503719,5.652973,5.226904,0.000000,0.045036,1.968281,8.382562,6.642295,7.426626,5.748588,7.979738,7.426157,7.098963,5.629655,2.385685,0.000000,0.645303,5.038149,8.241578,8.212772,6.868772,6.951750,5.052187,6.633182,7.463318,2.339350,1.866674,0.000000,0.375211,5.556481,7.249154,7.100352,6.918384,5.569747,5.583423,6.110773,5.426054,1.760360,1.587895,0.000000,1.431098,4.060724,4.026632,4.971442,4.823920,6.331238,5.348730,4.278385,0.000000,0.000000,1.666497,0.000000,0.000000,0.000000,3.245034,4.530969,4.078590,4.352565
40,Apple,0.177157,0.177157,0.177157,0.177157,0.177157,0.177157,0.177157,0.177157,0.177157,0.177157,0.177157,0.177157,0.226163,1.028509,2.998109,0.226163,0.226163,2.376580,0.332567,0.226163,0.226163,0.226163,0.383487,0.553021,2.039128,5.343218,4.867702,0.000000,0.000000,0.000000,0.000000,0.000000,0.000000,4.506357,4.482719,2.295874,1.682417,4.867991,5.132633,5.776325,0.000000,0.000000,0.000000,1.014407,3.760464,7.042827,7.107234,3.920789,6.181602,6.000739,6.349695,5.822912,0.000000,0.000000,0.000000,4.672597,5.037514,3.419430,7.237546,4.883420,6.993612,7.205482,7.196511,5.630273,0.913729,0.000000,0.000000,6.754456,6.869883,6.997652,6.970019,6.249205,6.053447,6.752414,7.436309,1.750771,1.236559,0.781603,5.642157,6.517045,7.494800,7.146986,6.886392,5.512303,5.037253,6.078089,5.347092,1.176709,1.123523,0.167655,3.787961,4.100023,4.109419,5.203690,4.982163,5.340200,5.175281,3.740929,1.167995,1.001161,0.000000,0.000000,0.000000,0.000000,3.314764,4.493364,3.325570,4.575808
41,Apple,0.210079,0.210079,0.210079,0.210079,0.210079,0.210079,0.210079,0.210079,0.210079,0.210079,0.210079,0.210079,0.000000,0.000000,0.921797,2.745358,0.279003,0.702942,4.468986,0.000000,1.844391,2.514361,0.000000,0.000000,0.000000,0.000000,0.000000,0.000000,0.519589,3.223690,4.267230,0.854873,6.279808,4.293566,4.618595,0.000000,2.150120,0.000000,0.000000,0.000000,0.618745,3.718982,3.609491,0.000000,6.327677,7.542284,6.737658,4.959880,2.942485,0.477042,0.000000,0.000000,0.000000,0.000000,0.623341,0.633572,6.229222,8.219330,7.142568,5.821388,4.375176,2.270802,0.950132,0.732245,0.000000,0.000000,2.750290,2.464295,6.816502,9.610713,6.862868,7.115094,4.837189,5.331293,3.636773,0.000000,2.222915,0.000000,2.125415,6.545439,7.591293,6.876357,6.902890,5.560176,5.130924,6.225393,5.571661,2.390035,2.443837,0.000000,0.000000,4.134248,3.550089,5.204507,5.552670,6.276624,5.423769,4.094782,1.397188,0.000000,2.708287,1.013001,0.000000,3.174245,3.385496,4.973397,4.746827,4.675375
42,Apple,0.180381,0.180381,0.180381,0.180381,0.180381,0.180381,0.180381,0.180381,0.180381,0.180381,0.180381,0.180381,0.330121,2.922777,1.069427,0.685018,1.635232,0.266064,0.266064,0.266064,0.266064,0.266064,0.266064,2.318121,4.222482,6.860900,6.096200,2.127079,0.000000,0.000000,0.000000,0.000000,0.000000,0.000000,0.000000,0.000000,4.529958,7.443710,6.326105,0.000000,0.000000,0.000000,0.000000,0.000000,0.000000,0.391592,0.000000,3.206312,7.081030,7.345296,6.950588,3.934597,0.000000,0.000000,0.000000,3.918159,0.914537,3.140165,2.966385,5.426525,8.127382,7.337417,7.193063,5.506888,4.511556,0.000000,0.000000,4.461923,5.711562,0.000000,6.665978,7.135209,5.024237,6.674636,7.448045,3.728646,1.454935,0.000000,0.000000,6.199997,6.884338,7.122996,6.929670,5.363707,6.342745,6.224968,5.986129,3.534855,2.748569,1.292702,1.780720,4.267962,3.934302,5.210744,5.075613,5.632244,5.254626,4.037293,1.701289,0.000000,1.905133,1.410344,0.000000,2.761445,3.363275,4.821950,4.838043,4.709966
43,Apple,0.247776,0.247776,0.247776,0.247776,0.247776,0.247776,0.247776,0.247776,0.247776,0.247776,0.247776,0.247776,3.654350,0.238504,3.870371,4.236223,0.238504,0.238504,0.238504,0.238504,3.095815,4.207718,4.534991,2.358490,5.911346,5.659408,5.059420,4.683187,0.000000,0.412612,0.408253,0.000000,3.206834,4.466381,4.955390,4.301885,4.404439,7.089086,6.369098,3.876113,0.000000,0.599209,1.478634,5.860229,6.808930,7.336782,5.196668,1.458017,5.818081,7.526647,5.319997,5.425966,0.000000,0.000000,0.000000,7.197098,10.033504,8.199708,7.087108,4.566916,6.680641,7.205036,7.237648,5.714393,0.000000,0.000000,5.797799,6.562155,9.177202,6.982234,6.610510,6.996618,5.126861,6.826401,7.470742,2.854665,0.000000,0.000000,3.088355,6.456853,7.614391,6.865590,6.594341,4.491445,5.911665,6.196125,3.181030,0.927494,0.605697,0.365953,1.658085,3.807476,3.934889,4.844156,2.457824,6.214553,5.383351,3.998963,1.889997,0.761277,0.926400,0.000000,0.000000,0.000000,2.446945,2.575380,3.187631,5.285263
44,Apple,0.194434,0.194434,0.194434,0.194434,0.194434,0.194434,0.194434,0.194434,0.194434,0.194434,0.194434,0.194434,5.601940,5.285661,2.568185,1.093883,2.031268,2.350672,1.426183,0.232763,0.232763,0.232763,0.232763,2.422350,6.457472,5.613596,4.753191,2.879630,0.561752,0.000000,0.000000,0.000000,0.000000,0.000000,0.000000,1.344355,5.255391,6.133161,6.288787,3.662174,0.000000,0.632336,0.000000,0.000000,0.000000,0.000000,0.000000,4.887383,5.803475,7.275100,6.727921,5.639553,0.000000,0.000000,0.000000,0.000000,0.000000,0.000000,1.737131,5.209897,5.908903,7.013365,6.997422,5.537827,0.802843,0.000000,0.000000,2.270239,1.937258,5.584950,4.517738,5.844669,5.184888,6.634644,7.363754,2.406440,1.072529,1.502937,3.757490,4.326194,3.732161,6.781628,6.531892,5.442386,6.385015,6.077499,4.018469,3.830440,2.119344,0.357497,1.256358,4.115940,3.938481,5.146815,5.074901,6.347211,5.289784,4.283074,1.986020,0.344180,2.687517,0.000000,0.302438,1.629031,3.426028,4.937737,4.640554,4.516935
45,Apple,0.189880,0.189880,0.189880,0.189880,0.189880,0.189880,0.189880,0.189880,0.189880,0.189880,0.189880,0.189880,3.223927,0.624000,3.165828,0.354157,0.731952,0.000000,0.000000,0.000000,3.178978,3.602425,0.417304,0.000000,6.311091,4.868730,3.340225,0.000000,1.609491,0.000000,0.000000,0.000000,3.048437,4.554409,5.010089,1.690089,5.533206,7.342611,2.144873,0.000000,0.000000,0.000000,0.000000,0.000000,6.682353,5.533904,7.111279,5.962685,5.681909,7.731564,5.134799,4.572846,0.000000,0.000000,0.000000,5.500899,8.170451,8.446013,7.253738,5.875142,6.599535,7.191993,5.844430,5.578242,0.000000,0.000000,0.000000,8.250224,8.759735,9.061912,6.767172,7.129807,5.416494,6.870383,7.409596,3.885371,2.448259,0.000000,5.358895,7.351309,7.559986,7.072274,6.757259,5.575615,5.007993,6.049609,3.820874,0.000000,1.495621,1.763637,2.932928,3.846419,2.992997,5.157501,5.011320,5.676769,4.973332,3.945462,1.915489,0.000000,0.000000,0.000000,1.256030,0.344910,2.985182,4.148491,4.677221,4.700758
46,Apple,0.243608,0.243608,0.243608,0.243608,0.243608,0.243608,0.243608,0.243608,0.243608,0.243608,0.243608,0.243608,1.818561,0.307486,0.307486,0.307486,0.438285,0.857294,0.307486,0.307486,0.448717,0.307486,0.307486,2.168909,2.004406,0.232157,0.232157,0.232157,0.232157,1.345220,0.232157,0.232157,1.253700,4.446694,0.232157,1.842987,2.601647,0.562293,0.190380,0.190380,0.190380,0.190380,0.190380,0.190380,6.325657,7.242482,6.529869,3.707430,3.505379,6.961989,1.071200,0.000000,0.000000,0.000000,2.073051,1.809456,5.027078,8.237759,7.247787,2.965104,8.002812,7.217218,5.428172,5.609411,3.597200,0.000000,0.000000,4.692968,7.925772,9.676744,6.877247,7.060761,6.539798,6.639578,7.515305,2.933140,1.207144,0.612473,0.000000,6.481619,7.621091,7.083068,6.914330,5.827977,6.332975,6.078478,5.625162,2.671322,2.860435,0.000000,2.583087,4.006279,3.996147,5.203372,4.700479,6.386472,5.479354,4.081357,2.904788,2.552397,2.671949,0.000000,0.000000,3.156053,3.245127,4.672346,4.722267,4.669363
47,Apple,0.269694,0.269694,0.269694,0.269694,0.269694,0.269694,0.269694,0.269694,0.269694,0.269694,0.269694,0.269694,0.343211,0.343211,0.506934,0.845059,0.343211,0.343211,0.343211,0.343211,0.343211,1.715761,0.343211,2.929475,4.237792,0.897819,1.115646,2.015800,0.000000,0.000000,0.000000,1.161724,0.554772,6.617743,0.772842,2.842472,5.390501,5.038434,1.500109,0.000000,0.000000,1.823835,2.204065,1.603359,4.853461,7.077377,6.590270,3.717185,7.877482,4.993165,1.224591,0.000000,0.000000,0.000000,0.000000,5.725991,6.395781,9.481870,7.117072,4.090121,8.145350,6.708127,4.711368,0.000000,0.000000,0.000000,5.937727,6.336240,8.426710,9.716356,8.956651,6.561299,5.115493,6.736132,7.334424,5.700366,0.000000,0.000000,5.891145,6.638674,7.411084,7.124583,7.007473,5.579230,6.491483,6.215728,3.742954,2.943295,0.000000,0.096152,2.580926,4.048308,3.827895,5.292259,5.008988,6.274737,5.244392,3.668689,1.553836,1.124953,1.801455,0.000000,0.000000,2.353713,3.375345,4.639125,4.516893,4.628169
48,Apple,0.141968,0.141968,0.141968,0.141968,0.141968,0.141968,0.141968,0.141968,0.141968,0.141968,0.141968,0.726379,5.056963,3.069801,0.000000,0.000000,0.000000,0.000000,0.000000,0.000000,0.000000,4.438081,3.177703,3.783803,5.600312,2.212907,0.000000,0.000000,0.000000,0.000000,0.000000,0.000000,0.000000,4.334629,4.646205,3.741567,5.196982,4.738489,1.485746,1.699073,0.000000,0.000000,0.000000,0.000000,4.346812,4.218638,3.372123,4.625545,5.611722,5.709497,4.469507,2.167604,0.000000,0.000000,0.000000,4.434583,7.694186,7.249349,5.733514,5.228597,7.871825,7.143457,6.853793,4.221434,0.000000,0.000000,0.000000,6.211295,7.371733,8.777739,6.417665,6.843940,5.203411,6.724831,6.980719,2.493012,2.407748,0.000000,0.000000,6.171926,6.767524,7.072650,6.676732,5.656068,5.775549,5.984694,3.767184,1.361274,1.231860,1.652483,0.000000,3.731488,3.951264,3.231885,5.139874,6.263948,4.489615,3.858359,1.146627,0.902596,1.670874,0.000000,0.000000,0.000000,3.394576,4.108026,4.447316,4.013760
49,Apple,0.299546,0.299546,0.299546,0.299546,0.299546,0.299546,0.299546,0.299546,0.299546,0.299546,0.299546,0.299546,0.991784,0.000000,0.000000,0.000000,0.000000,0.000000,3.412661,2.359641,1.646641,3.261269,5.290201,1.185568,3.766585,2.027851,0.000000,0.000000,0.000000,0.000000,4.406046,4.044661,3.983882,3.822578,6.552767,2.792522,5.214478,0.000000,0.000000,0.000000,0.000000,3.444504,4.489253,2.065269,4.848527,8.732349,7.005836,5.590741,5.800588,0.000000,0.000000,0.000000,0.000000,0.000000,0.000000,3.323212,7.454268,8.306966,7.163492,5.919072,6.460117,6.532889,0.361916,0.371333,0.724551,0.000000,2.589836,6.589773,7.954183,9.677258,9.065099,7.109943,5.353178,5.762831,5.295804,2.661597,1.944935,0.000000,2.340303,6.465130,7.493309,7.123812,6.933920,5.476547,5.706671,6.215848,2.801874,1.547187,3.084670,0.000000,1.362365,4.184414,4.088434,5.118612,4.948459,5.163139,5.348896,3.925266,1.777485,0.928536,2.663696,1.623602,1.492823,1.716531,2.819229,4.759874,4.856398,4.667657
50,Apple,0.211794,0.211794,0.211794,0.211794,0.211794,0.211794,0.211794,0.211794,0.211794,0.211794,0.211794,0.211794,5.587964,4.834330,1.085145,2.300374,0.243376,2.438404,0.377319,0.735976,0.243376,0.243376,0.243376,0.243376,6.199343,4.505593,5.259263,0.267849,0.267849,0.267849,4.794543,3.587634,0.267849,3.359022,6.354442,0.267849,4.336108,5.790847,6.510158,0.000000,0.000000,0.000000,4.455187,3.478012,0.563384,6.877972,6.935915,3.811649,5.113563,7.588328,6.013959,5.710942,0.000000,0.000000,0.000000,6.008947,7.770847,7.255877,7.047114,4.732430,5.607677,6.949875,7.195867,0.309636,0.000000,0.000000,0.000000,7.039506,8.095314,7.549611,6.921604,7.008125,5.991103,6.738302,7.477760,2.730289,0.000000,0.000000,0.000000,6.471427,7.603263,5.955678,6.791622,5.635533,5.777378,6.125306,3.753801,1.098969,0.000000,0.000000,3.323485,4.185737,4.032811,5.216813,5.003869,5.798858,5.180443,3.710187,1.144432,1.365579,0.000000,0.000000,2.168875,2.965580,4.486830,4.898149,4.685221,4.662627
