1,Birch,0.564079,0.564079,0.564079,0.564079,0.564079,0.564079,0.564079,0.564079,0.564079,0.564079,0.564079,0.564079,0.644729,0.644729,0.644729,7.728963,9.829200,0.644729,0.644729,9.229958,9.469309,8.306874,0.644729,0.644729,4.646785,5.549104,8.974041,9.399827,10.175970,7.119183,4.612532,8.539789,9.553970,7.969032,1.041119,1.511741,6.077861,5.440260,9.848573,9.521918,10.243236,9.398192,6.873369,8.626391,9.092970,8.321571,6.281448,6.088903,5.926324,5.090436,7.312295,9.068012,9.196468,8.734769,6.362215,6.603110,6.910945,7.713263,6.847394,6.295039,5.209001,5.312983,6.983993,6.520420,6.958555,6.489714,5.708190,6.358692,4.879425,5.075868,4.151191,4.500655,4.237621,4.583569,3.699760,3.612562,3.667456,3.935367,2.868774,2.006735,1.261709,2.646895,1.371007,2.693864,0.000000,0.000000,0.000000,0.000000,0.000000,0.000000,0.000000,0.000000,0.000000,0.000000,0.000000,0.000000,0.000000,0.000000,0.000000,0.000000,0.000000,0.000000,0.000000,0.000000,0.000000,0.000000,0.000000,0.000000
2,Birch,0.432363,0.432363,0.432363,0.432363,0.432363,0.432363,0.432363,0.432363,0.432363,0.432363,0.432363,0.432363,0.512738,4.675129,3.774161,8.770853,9.147057,0.512738,0.512738,0.512738,7.641606,8.743517,0.512738,0.512738,4.061461,5.581807,5.537803,9.218020,10.142081,3.843662,5.091598,8.266389,10.087420,9.805480,4.609635,3.292133,4.962732,5.793427,8.556247,9.398247,9.194495,6.833034,4.276725,8.757083,9.183391,8.787859,6.156666,4.817214,4.578099,7.065127,7.321861,8.547237,8.622663,5.072558,5.709144,6.885671,8.019227,7.788868,5.231108,6.086307,4.430455,4.516260,7.518150,6.768152,6.356193,3.339621,4.868420,4.799297,4.314329,5.318770,4.906115,5.418495,2.239500,0.000000,0.000000,1.542614,1.359798,0.000000,0.000000,0.000000,0.901419,2.085761,2.768643,2.303059,0.000000,0.000000,0.000000,0.000000,0.000000,0.000000,0.000000,0.000000,0.000000,0.000000,0.000000,0.000000,0.000000,0.000000,0.000000,0.000000,0.000000,0.000000,0.000000,0.000000,0.000000,0.000000,0.000000,0.000000
3,Birch,0.416392,0.416392,0.416392,0.416392,0.416392,0.416392,0.416392,0.416392,0.416392,0.416392,0.505379,0.416392,0.497108,0.497108,5.069747,7.771105,5.659536,0.497108,0.497108,1.585125,6.921708,0.497108,1.472611,0.984775,2.020530,5.256714,8.720193,9.081875,9.887574,6.930426,5.464895,6.096608,6.898288,5.728031,0.664239,0.664239,5.645030,5.652964,7.835255,9.305687,9.708080,9.114506,6.520782,5.502790,5.197347,5.673427,6.698265,6.408837,5.326863,6.823996,7.994756,8.501455,9.228229,8.696845,6.915580,4.364465,3.504112,6.128835,6.740445,6.204018,4.380861,5.986611,6.786377,6.217847,5.867545,4.578280,2.932899,2.643988,2.898915,4.035082,5.058077,4.537182,3.646960,5.654226,5.745306,4.671474,3.180827,1.623622,1.358213,1.035451,0.000000,0.389772,1.296368,2.780662,0.000000,0.000000,0.000000,0.000000,0.000000,0.000000,0.000000,0.000000,0.000000,0.000000,0.000000,0.000000,0.000000,0.000000,0.000000,0.000000,0.000000,0.000000,0.000000,0.000000,0.000000,0.000000,0.000000,0.000000
4,Birch,0.457527,0.457527,0.457527,0.457527,0.457527,0.457527,0.457527,0.457527,0.457527,0.457527,0.457527,0.457527,0.538141,3.667135,3.019205,0.538141,5.973467,0.538141,0.538141,0.538141,5.886844,0.538141,5.549449,0.538141,4.648160,5.225141,6.713206,8.882605,10.027035,8.672329,5.329271,5.742170,8.030671,8.051009,7.414117,4.664096,4.729689,5.632800,8.150335,9.185038,10.089877,9.446563,7.280771,6.667451,7.219736,7.483994,6.490872,6.211037,5.156997,7.494565,7.693013,8.629724,9.085541,7.666159,6.873503,6.632005,5.875249,5.993202,6.973526,6.314095,4.410932,6.576759,7.453987,8.631844,8.233706,7.314768,6.496741,6.416111,5.794921,5.146142,6.241920,5.363574,4.194443,3.857404,4.193034,3.925539,4.480537,3.953197,4.567612,5.627859,4.649010,3.272567,3.229309,3.254583,0.000000,0.000000,0.000000,0.000000,0.000000,0.000000,1.097793,1.457285,1.713711,0.000000,0.000000,0.000000,0.000000,0.000000,0.000000,0.000000,0.000000,0.000000,0.000000,0.000000,0.000000,0.000000,0.000000,0.000000
5,Birch,0.448368,0.448368,0.448368,0.448368,0.448368,0.448368,0.448368,0.448368,0.448368,0.448368,0.448368,0.448368,0.529116,4.125412,5.206091,8.572736,9.164773,0.529116,0.529116,0.529116,6.369065,7.359060,6.614605,0.529116,4.334847,5.099761,5.581189,9.410690,8.819454,6.199225,6.943546,5.960443,9.626183,8.976618,7.995337,5.092044,4.933182,5.489468,7.719325,9.212749,9.398770,8.455894,7.408437,6.815239,7.305525,7.671459,6.311558,4.932068,4.702145,6.492632,7.322137,8.433357,8.511423,8.149162,8.000747,6.702426,5.185223,5.536214,6.344331,5.767299,2.533839,5.722544,5.648952,5.664645,6.923652,5.894261,3.781695,4.786951,3.382987,0.348719,2.461260,3.337397,0.000000,0.000000,0.000000,0.000000,0.000000,0.000000,0.000000,0.000000,0.000000,0.000000,0.000000,0.000000,0.000000,0.000000,0.000000,0.000000,0.000000,0.000000,0.000000,0.000000,0.000000,0.000000,0.000000,0.000000,0.000000,0.000000,0.000000,0.000000,0.000000,0.000000,0.000000,0.000000,0.000000,0.000000,0.000000,0.000000
6,Birch,0.530724,0.530724,0.530724,0.530724,0.530724,0.530724,0.530724,0.530724,0.530724,0.530724,0.530724,0.530724,0.611420,0.611420,1.554476,7.991009,3.211192,0.611420,0.611420,0.611420,0.611420,0.611420,0.611420,0.611420,4.833936,5.129706,8.613706,9.508777,9.680197,6.661385,6.039380,4.708997,1.829535,6.661816,6.306016,3.861378,4.792150,5.732124,8.906292,9.980459,10.238565,8.180890,7.717925,6.762305,7.854163,7.064820,5.835476,5.900650,5.033428,6.291361,8.289608,8.534264,9.187517,7.415615,6.859549,6.853013,7.345649,6.045109,6.412726,6.890132,2.813995,3.489249,5.369354,5.115730,1.108913,1.792976,2.631078,2.630853,2.419281,5.097051,6.246072,4.926052,0.000000,0.000000,0.000000,0.000000,0.000000,0.000000,0.000000,0.000000,0.000000,0.000000,0.000000,0.000000,0.000000,0.000000,0.000000,0.000000,0.000000,0.000000,0.000000,0.000000,0.000000,0.000000,0.000000,0.000000,0.000000,0.000000,0.000000,0.000000,0.000000,0.000000,0.000000,0.000000,0.000000,0.000000,0.000000,0.000000
7,Birch,0.490688,0.490688,0.490688,0.490688,0.490688,0.490688,0.490688,0.490688,0.490688,0.490688,0.490688,0.490688,0.571174,4.832411,5.036355,4.339297,9.751958,0.571174,0.571174,0.571174,0.571174,6.883267,7.036753,0.571174,5.162992,5.332962,7.149786,9.028399,9.909255,2.895613,0.860881,2.278201,8.073228,6.515059,6.775259,3.598297,5.317371,5.427248,8.778177,9.265230,10.291298,8.929092,6.909152,7.159599,7.683770,8.779989,6.496794,6.141036,4.875244,7.015646,7.562572,8.910649,9.060158,7.984319,6.712455,5.874086,6.853648,8.008468,6.897021,6.853451,3.994725,3.658154,4.596437,5.659876,4.970529,4.868763,5.897806,4.628786,4.922482,3.756623,4.536388,3.630047,0.000000,0.000000,0.000000,0.000000,0.650907,2.186403,3.026459,0.000000,0.000000,0.000000,0.000000,0.000000,0.000000,0.000000,0.000000,0.000000,0.000000,0.000000,0.000000,0.000000,0.000000,0.000000,0.000000,0.000000,0.000000,0.000000,0.000000,0.000000,0.000000,0.000000,0.000000,0.000000,0.000000,0.000000,0.000000,0.000000
8,Birch,0.475765,0.475765,0.475765,0.475765,0.475765,0.475765,0.475765,0.475765,0.475765,0.475765,0.475765,0.475765,0.556494,0.556494,4.861474,8.784017,0.556494,0.556494,0.556494,0.556494,0.556494,4.266510,3.728025,2.270657,4.231539,4.940259,8.872077,9.561938,9.511282,8.664541,0.837634,7.362000,9.373794,8.230741,4.002948,5.578703,5.960565,5.457723,6.517641,8.864171,10.069222,9.417231,6.704598,8.568718,9.088281,8.611415,6.388288,5.984231,3.881564,7.049738,7.701324,8.209349,9.073849,8.501486,6.678641,5.948966,7.391076,7.253294,5.901393,6.238630,2.441505,3.860412,3.871469,3.650623,3.429586,5.231194,4.373705,4.664267,4.998394,5.374990,5.234310,4.700239,0.421505,0.000000,0.756678,1.032537,0.901436,0.000000,2.254690,3.414034,3.015759,1.976064,1.913827,0.000000,0.000000,0.000000,0.000000,0.000000,0.000000,0.000000,0.000000,0.000000,0.000000,0.000000,0.000000,0.000000,0.000000,0.000000,0.000000,0.000000,0.000000,0.000000,0.000000,0.000000,0.000000,0.000000,0.000000,0.000000
9,Birch,0.492418,0.492418,0.492418,0.492418,0.492418,0.492418,0.492418,0.492418,0.492418,0.492418,0.492418,0.492418,0.572861,0.572861,5.258696,6.704328,9.711587,0.572861,0.572861,0.572861,0.572861,0.572861,0.572861,1.835489,3.863465,0.853454,7.236279,9.152054,10.396310,9.329348,2.556155,2.207520,7.668057,7.944972,7.905014,5.132708,5.077354,5.525401,8.575636,9.809866,10.116934,8.169744,6.135571,6.359232,7.105803,7.379253,6.332843,5.580829,4.910410,6.444201,7.449571,8.434672,9.207957,7.628080,6.405096,5.557547,5.570593,6.174645,5.865182,5.842265,4.546772,4.553728,5.704460,6.215459,6.227148,4.945862,2.387659,3.064735,3.960585,3.893402,3.689906,3.421995,2.163496,4.328424,3.961549,3.455950,2.807596,2.429921,2.113093,1.414042,0.000000,2.594747,2.035679,2.282674,0.000000,0.000000,0.000000,0.000000,0.000000,0.000000,0.000000,0.000000,0.000000,0.000000,0.000000,0.000000,0.000000,0.000000,0.000000,0.000000,0.000000,0.000000,0.000000,0.000000,0.000000,0.000000,0.000000,0.000000
10,Birch,0.415415,0.415415,0.415415,0.415415,0.415415,0.415415,0.415415,0.415415,0.479283,0.415415,0.415415,0.415415,0.496082,3.950926,5.002887,8.301036,0.496082,0.496082,0.496082,0.496082,0.496082,0.496082,0.496082,0.496082,4.206667,4.948038,8.287643,9.922986,10.257321,9.651838,4.870886,6.833792,7.834987,2.178152,0.662086,1.510226,5.175700,5.306323,8.216551,9.364403,10.377337,9.461670,8.942951,7.475077,8.691295,7.199107,6.157992,6.096791,6.083863,7.331512,7.581663,7.623818,9.051267,9.085386,7.050404,6.341565,6.218740,6.254751,6.943839,6.454759,3.639481,4.124712,6.138754,3.420699,4.587374,3.720523,4.329203,3.451524,2.637920,4.173563,4.475527,5.163432,0.000000,0.000000,0.000000,0.000000,0.000000,1.113361,0.000000,0.000000,0.000000,0.000000,0.000000,0.000000,0.000000,0.000000,0.000000,0.000000,0.000000,0.000000,0.000000,0.000000,0.000000,0.000000,0.000000,0.000000,0.000000,0.000000,0.000000,0.000000,0.000000,0.000000,0.000000,0.000000,0.000000,0.000000,0.000000,0.000000
11,Birch,0.437703,0.437703,0.437703,0.437703,0.437703,0.437703,0.437703,0.437703,0.437703,0.437703,0.488681,0.437703,0.518137,1.423448,4.979008,6.572426,7.225554,0.518137,0.518137,0.518137,5.194369,5.044873,5.419817,0.518137,2.561152,4.785473,9.241096,9.210974,10.339705,2.532759,4.373624,7.923100,8.082926,6.691785,6.599449,4.952698,5.284883,5.614457,8.251556,9.780925,9.955859,9.392192,6.481788,6.609811,8.091520,7.975571,6.705133,6.460721,5.144308,6.465361,7.677160,9.154490,9.075383,8.532815,5.062350,5.785405,6.900959,6.418951,6.924047,6.016021,5.479325,7.319237,8.414576,8.733689,6.987225,6.781316,5.084663,5.257784,4.988426,5.610098,6.092962,5.759440,4.219836,4.461553,3.510845,4.326022,4.076670,3.458602,3.283649,3.577948,3.992534,5.028146,5.010407,5.361991,0.000000,0.000000,0.000000,0.000000,0.000000,0.000000,0.000000,0.000000,0.000000,0.000000,0.000000,0.000000,0.000000,0.000000,0.000000,0.000000,0.000000,0.000000,0.000000,0.000000,0.000000,0.000000,0.000000,0.000000
12,Birch,0.418954,0.418954,0.418954,0.418954,0.418954,0.418954,0.418954,0.418954,0.418954,0.418954,0.418954,0.453770,0.499423,4.655020,5.063550,4.952402,6.805035,2.186652,0.499423,3.474397,0.499423,0.499423,0.499423,0.499423,4.609994,5.202260,8.807358,9.550240,9.858622,8.411845,2.687568,9.457693,9.613516,8.205981,4.903141,5.141536,4.711246,5.763707,8.576613,9.377464,9.300951,6.849351,4.669673,8.064928,9.282705,8.765841,6.294513,5.012230,4.365555,6.299767,7.781740,8.537835,8.856020,6.059701,4.285100,6.469356,7.810198,7.390447,6.723260,4.546576,2.307527,5.669042,7.626313,7.637416,7.374364,2.727226,0.000000,0.000000,0.000000,0.000000,0.667945,0.000000,0.000000,0.000000,0.000000,0.000000,0.000000,0.000000,0.000000,0.000000,0.000000,0.000000,0.000000,0.000000,0.000000,0.000000,0.000000,0.000000,0.000000,0.000000,0.000000,0.000000,0.000000,0.000000,0.000000,0.000000,0.000000,0.000000,0.000000,0.000000,0.000000,0.000000,0.000000,0.000000,0.000000,0.000000,0.000000,0.000000
13,Birch,0.449892,0.449892,0.449892,0.449892,0.449892,0.449892,0.449892,0.449892,0.449892,0.449892,0.449892,0.449892,0.530416,0.530416,0.530416,8.788201,8.423187,5.867041,0.530416,0.530416,6.504521,1.888446,2.229545,0.530416,3.932636,5.216042,8.941688,9.840063,10.041471,8.048276,3.329319,5.490864,6.153775,6.633439,6.076502,0.814031,5.126317,5.829146,8.430996,9.203146,9.143486,8.169877,7.514631,6.866126,7.466378,5.391272,6.040615,6.036552,3.835830,6.224040,7.297480,8.538316,8.709626,6.932854,7.620558,6.539892,5.976192,5.617321,5.569046,6.048324,3.763899,5.288893,6.943099,3.478156,3.253023,3.596724,5.031358,2.242880,0.826635,0.000000,0.000000,3.179271,0.000000,0.000000,0.000000,0.000000,0.000000,0.000000,0.000000,0.000000,0.000000,0.000000,0.000000,0.000000,0.000000,0.000000,0.000000,0.000000,0.000000,0.000000,0.000000,0.000000,0.000000,0.000000,0.000000,0.000000,0.000000,0.000000,0.000000,0.000000,0.000000,0.000000,0.000000,0.000000,0.000000,0.000000,0.000000,0.000000
14,Birch,0.541131,0.541131,0.541131,0.541131,0.541131,0.541131,0.541131,0.541131,0.541131,0.541131,0.541131,0.541131,0.621659,0.621659,4.868739,7.689525,8.302277,0.621659,0.621659,3.554391,0.621659,0.621659,0.621659,0.621659,3.995044,5.231601,8.127043,9.182164,10.197779,8.628244,2.890429,2.822001,1.639772,5.084115,7.282227,3.858008,5.078526,5.549794,9.113299,9.267662,10.188817,8.371834,6.557201,6.624516,7.480573,8.212841,7.206777,5.912591,3.748384,5.754052,8.075270,8.454595,8.098789,6.223243,6.765186,6.510768,7.279868,7.629610,6.383555,5.847465,4.324434,5.683885,6.228295,5.995478,4.430866,4.017560,4.492192,5.122162,5.115376,5.370065,4.636108,4.259655,2.954489,3.876352,2.344066,2.603428,1.685973,1.123245,0.000000,0.487974,2.305095,3.311740,1.491592,3.266487,0.000000,0.000000,0.000000,0.000000,0.000000,0.000000,0.000000,0.000000,0.000000,0.000000,0.000000,0.000000,0.000000,0.000000,0.000000,0.000000,0.000000,0.000000,0.000000,0.000000,0.000000,0.000000,0.000000,0.000000
15,Birch,0.492583,0.492583,0.492583,0.492583,0.492583,0.492583,0.492583,0.492583,0.492583,0.492583,0.492583,0.492583,0.573316,0.573316,5.066832,0.573316,0.573316,0.573316,0.573316,0.573316,0.573316,0.573316,4.111926,0.573316,4.764724,4.809052,5.360476,5.614810,6.674773,6.634122,0.856147,1.391691,10.070233,10.587203,5.609603,4.418781,5.117873,5.475218,8.702041,9.210058,10.118259,8.652723,7.306682,7.545910,9.262164,9.031295,8.541525,5.011964,3.606860,5.887505,7.200778,8.498939,9.083683,7.695947,6.939126,7.087620,7.181091,7.351064,5.303861,4.139915,1.505885,1.843917,3.867554,2.529813,2.993620,4.761387,4.537591,4.924858,5.016108,4.653363,3.941721,2.587302,0.000000,0.000000,0.000000,0.000000,0.000000,2.892299,2.917037,2.837751,2.700911,2.531776,0.000000,0.000000,0.000000,0.000000,0.000000,0.000000,0.000000,0.000000,0.000000,0.000000,0.000000,0.000000,0.000000,0.000000,0.000000,0.000000,0.000000,0.000000,0.000000,0.000000,0.000000,0.000000,0.000000,0.000000,0.000000,0.000000
16,Birch,0.396091,0.396091,0.396091,0.396091,0.396091,0.396091,0.396091,0.396091,0.396091,0.396091,0.396091,0.396091,0.476462,0.476462,5.381775,9.388657,7.882236,3.466532,0.476462,2.319160,2.038715,3.953447,0.476462,0.476462,4.488525,5.322039,8.948853,9.395849,9.421267,7.839335,2.951308,6.466760,6.183621,7.457900,7.505136,6.862826,6.001761,5.604268,8.441128,9.055729,9.167242,8.230508,5.518988,6.386964,7.964370,7.302331,6.931193,6.563812,5.185117,7.500412,7.364887,8.532475,7.556520,7.092409,5.770388,6.406824,7.247305,5.819362,6.226262,5.938216,3.679446,3.564873,5.500400,5.405619,5.601768,5.277668,6.023607,5.874490,5.707811,4.417751,4.911491,4.152827,1.054798,0.000000,0.000000,1.851527,1.990676,3.251760,4.454971,2.392330,3.060453,3.128237,2.294115,2.246280,0.000000,0.000000,0.000000,0.000000,0.000000,0.000000,0.000000,0.000000,0.000000,0.000000,0.000000,0.000000,0.000000,0.000000,0.000000,0.000000,0.000000,0.000000,0.000000,0.000000,0.000000,0.000000,0.000000,0.000000
17,Birch,0.449466,0.449466,0.449466,0.449466,0.449466,0.449466,0.449466,0.449466,0.449466,0.449466,0.449466,0.449466,0.530079,0.530079,0.530079,4.863905,3.218325,3.623699,0.530079,0.530079,0.530079,0.530079,0.530079,0.530079,0.811454,4.701108,5.340322,8.780783,9.441102,8.074844,0.811454,0.811454,0.811454,1.158651,3.465503,0.811454,4.692513,5.380919,8.376735,9.209408,9.557250,8.996598,5.359637,6.506063,7.609317,4.648403,6.614427,6.045266,5.838091,5.828043,8.317855,8.517938,7.638282,8.300853,7.095030,6.733836,7.272589,6.707223,6.869642,5.903734,5.405049,5.966048,6.272707,7.369578,5.690340,6.489992,6.314139,4.958187,3.662629,5.316442,5.540518,4.549092,3.803074,3.793135,4.319664,3.625583,3.508484,4.001510,3.043730,1.434501,0.000000,0.836448,0.000000,1.807531,0.000000,0.000000,0.000000,0.000000,0.000000,0.000000,0.000000,0.000000,0.000000,0.000000,0.000000,0.000000,0.000000,0.000000,0.000000,0.000000,0.000000,0.000000,0.000000,0.000000,0.000000,0.000000,0.000000,0.000000
18,Birch,0.545689,0.545689,0.545689,0.545689,0.545689,0.545689,0.545689,0.545689,0.545689,0.545689,0.545689,0.545689,0.626408,4.411312,0.626408,9.022013,6.825343,2.506764,0.626408,0.626408,0.626408,0.626408,6.386151,0.626408,1.025100,5.415273,9.248000,9.472697,8.860252,4.114608,1.025100,6.057550,8.280316,9.352133,7.596992,6.639330,6.073294,5.619904,8.836652,9.774556,10.291663,8.009321,7.664895,6.677560,9.128713,8.864341,6.909828,6.769358,4.697511,6.889258,8.024220,8.476637,9.305113,8.992986,7.207687,6.648574,7.741706,8.190851,8.246116,6.124316,2.897272,3.762252,5.765016,6.635561,5.647141,3.808020,4.416135,4.578649,4.227618,5.259161,3.349073,2.858599,0.000000,0.000000,0.000000,0.000000,0.000000,0.000000,0.000000,0.000000,0.000000,0.000000,0.000000,0.000000,0.000000,0.000000,0.000000,0.000000,0.000000,0.000000,0.000000,0.000000,0.000000,0.000000,0.000000,0.000000,0.000000,0.000000,0.000000,0.000000,0.000000,0.000000,0.000000,0.000000,0.000000,0.000000,0.000000,0.000000
19,Birch,0.432142,0.432142,0.432142,0.432142,0.432142,0.432142,0.432142,0.432142,0.432142,0.432142,0.432142,0.432142,0.512658,4.884488,4.975517,4.784814,6.997248,6.409203,0.512658,3.637130,1.631024,0.512658,0.512658,0.512658,5.011897,5.167937,7.406956,8.168615,7.606550,7.614189,1.723551,6.100514,6.226315,4.851582,6.161864,3.946574,5.746776,6.286135,8.284704,9.419331,8.280602,8.440966,6.947797,6.880865,7.440611,7.360907,6.750137,6.094401,5.483866,6.720500,7.889601,8.190848,9.143421,6.815446,7.265946,6.756809,7.227720,7.004294,6.826471,6.277508,2.685269,4.770216,4.775504,6.459186,5.621562,4.019247,1.396812,1.629733,2.158171,4.211398,3.842323,1.646716,0.000000,0.000000,0.000000,0.000000,0.000000,0.000000,0.000000,0.000000,0.000000,0.000000,0.000000,0.000000,0.000000,0.000000,0.000000,0.000000,0.000000,0.000000,0.000000,0.000000,0.000000,0.000000,0.000000,0.000000,0.000000,0.000000,0.000000,0.000000,0.000000,0.000000,0.000000,0.000000,0.000000,0.000000,0.000000,0.000000
20,Birch,0.424460,0.424460,0.424460,0.424460,0.424460,0.439669,0.424460,0.424460,0.468114,0.424460,0.424460,0.424460,0.505098,0.505098,4.426365,8.254717,9.318668,0.505098,0.505098,3.173309,0.505098,0.505098,0.505098,1.714198,4.163056,5.153193,5.196951,8.746794,10.067660,7.539641,5.158628,5.427881,6.852366,4.450816,3.449516,3.717814,4.859063,5.626932,7.990469,9.441201,8.776908,7.955467,5.740854,6.388387,7.860119,5.268202,5.726727,5.894497,4.997456,6.291406,7.850309,8.276199,8.616563,6.323438,6.043001,6.675311,7.366216,5.775538,5.259140,5.730201,3.362611,5.189766,5.817196,5.438464,4.678166,5.652638,5.330972,4.784239,4.881423,4.015830,4.588958,3.885211,0.000000,0.584267,0.000000,0.000000,2.495191,3.486382,1.623489,2.769049,3.063920,2.294239,0.000000,0.000000,0.000000,0.000000,0.000000,0.000000,0.000000,0.000000,0.000000,0.000000,0.000000,0.000000,0.000000,0.000000,0.000000,0.000000,0.000000,0.000000,0.000000,0.000000,0.000000,0.000000,0.000000,0.000000,0.000000,0.000000
21,Birch,0.429069,0.429069,0.429069,0.429069,0.429069,0.429069,0.429069,0.429069,0.429069,0.429069,0.429069,0.431798,0.509808,0.509808,0.509808,0.509808,6.679000,0.509808,0.509808,5.279802,5.240604,5.870342,2.850084,2.223456,2.070510,4.312192,8.254441,9.558990,9.747897,5.584291,5.239752,6.422491,6.854360,5.207585,4.524754,2.958077,4.918049,6.016801,7.187024,9.568192,10.341386,8.928683,5.820732,5.348340,6.035942,3.950386,3.686378,4.638256,5.151676,5.346615,7.423133,8.748801,9.189243,8.796402,7.089332,4.805345,4.845521,4.234515,4.932342,6.012963,3.620166,4.474440,5.442934,6.513170,7.346154,7.001862,5.919017,4.488685,4.766256,4.976024,4.788406,4.492309,1.960618,3.475090,2.447890,2.499828,1.590767,2.248963,1.918456,2.573789,1.013565,2.464599,1.666626,1.477528,0.000000,0.000000,0.000000,0.000000,0.000000,0.000000,0.000000,0.000000,0.000000,0.000000,0.000000,0.000000,0.000000,0.000000,0.000000,0.000000,0.000000,0.000000,0.000000,0.000000,0.000000,0.000000,0.000000,0.000000
22,Birch,0.401904,0.401904,0.494847,0.401904,0.401904,0.401904,0.401904,0.401904,0.401904,0.401904,0.401904,0.401904,0.482553,0.482553,4.834414,5.399098,7.092666,0.482553,0.482553,0.482553,0.482553,7.974809,6.257411,0.482553,3.421203,5.376180,6.150553,9.437051,9.053078,6.142060,3.327549,3.560664,4.171650,7.871958,7.809453,5.595377,5.001375,5.815608,8.002189,9.047744,9.462448,6.482178,7.255006,7.968877,9.237731,7.525276,6.700266,6.343569,4.926743,6.423173,7.433173,8.531712,7.629926,5.978366,7.323404,6.494589,7.108182,7.203318,7.061867,6.010094,3.121720,3.691467,1.593587,3.572798,4.765269,5.409691,5.963422,5.116896,4.559651,4.776504,4.075803,3.076650,0.000000,0.000000,0.000000,0.000000,0.000000,2.594705,1.881172,2.496925,1.657680,1.827172,0.000000,0.000000,0.000000,0.000000,0.000000,0.000000,0.000000,0.000000,0.000000,0.000000,0.000000,0.000000,0.000000,0.000000,0.000000,0.000000,0.000000,0.000000,0.000000,0.000000,0.000000,0.000000,0.000000,0.000000,0.000000,0.000000
23,Birch,0.514358,0.514358,0.514358,0.514358,0.514358,0.514358,0.514358,0.514358,0.514358,0.514358,0.514358,0.514358,0.594753,0.686321,4.141460,6.846658,2.891551,0.594753,0.594753,0.594753,0.594753,6.091034,3.715234,0.594753,1.498589,5.314730,7.565727,9.305500,9.762067,9.713573,5.206740,6.326562,8.227961,9.123444,6.373463,3.941922,5.367512,5.774646,8.044398,9.176377,9.367172,8.153655,5.774852,6.899331,8.682303,8.448081,6.763422,6.177740,4.355209,6.974888,7.789247,8.397446,7.697103,6.552916,4.518085,6.127388,7.309056,6.929158,6.181466,6.127908,4.784523,4.277634,5.651549,5.816236,5.720508,5.465785,4.784866,5.408410,5.137340,4.192266,4.325233,4.395325,1.038393,0.272716,1.356942,1.044074,2.789727,4.081221,3.766506,3.229207,0.895893,0.645269,0.000000,2.494096,0.000000,0.000000,0.000000,0.000000,0.000000,0.000000,0.000000,0.000000,0.000000,0.000000,0.000000,0.000000,0.000000,0.000000,0.000000,0.000000,0.000000,0.000000,0.000000,0.000000,0.000000,0.000000,0.000000,0.000000
24,Birch,0.590295,0.590295,0.590295,0.590295,0.590295,0.590295,0.590295,0.590295,0.590295,0.590295,0.590295,0.590295,0.670833,5.049070,4.424438,7.829180,0.670833,0.670833,0.670833,0.670833,0.670833,10.111723,0.670833,0.670833,5.299845,5.122888,8.536787,9.117568,5.638506,3.641088,1.586633,4.663716,10.035002,10.633495,7.619339,1.073040,4.687895,5.806757,8.337159,9.644424,9.885705,8.429174,6.810105,7.867830,8.823270,9.123082,7.101532,5.465747,6.192207,6.991609,7.743810,8.693161,9.063303,7.212011,5.950044,6.643193,6.922612,7.953310,7.552432,5.956615,4.853464,5.099057,5.744907,4.635566,6.307448,1.570471,3.785087,5.723403,4.813948,5.011899,5.620677,5.310374,4.490248,2.421424,1.612364,0.000000,0.000000,1.089389,1.530242,0.963162,3.523424,4.456229,3.271636,4.621823,0.000000,0.000000,0.000000,0.000000,0.000000,0.000000,0.000000,0.000000,0.000000,0.000000,0.000000,0.000000,0.000000,0.000000,0.000000,0.000000,0.000000,0.000000,0.000000,0.000000,0.000000,0.000000,0.000000,0.000000
25,Birch,0.411510,0.411510,0.411510,0.411510,0.411510,0.411510,0.411510,0.411510,0.411510,0.411510,0.411510,0.411510,3.020931,4.108438,4.932747,9.161973,9.763634,2.223876,0.492100,3.167053,0.492100,0.492100,7.115002,3.316960,4.509775,5.359835,8.549809,9.426439,9.757879,7.299427,3.670299,5.565972,3.982842,6.930466,7.771169,6.890378,5.990206,5.368956,9.152413,9.256475,8.339221,7.435052,7.281538,6.129570,6.123110,7.739422,6.644953,6.256908,4.054688,6.616474,7.745318,8.423426,8.958106,5.938372,7.284940,6.414337,5.456795,5.981961,6.470070,5.888031,3.819911,4.974346,6.325264,7.191027,5.295488,4.875951,4.966110,4.371527,4.433685,5.151838,4.555915,4.640184,2.887024,2.002172,2.017595,2.827972,0.000000,2.324039,0.860495,0.000000,1.001011,2.861578,1.959555,3.205438,0.000000,0.000000,0.000000,0.000000,0.000000,0.000000,0.000000,0.000000,0.000000,0.000000,0.000000,0.000000,0.000000,0.000000,0.000000,0.000000,0.000000,0.000000,0.000000,0.000000,0.000000,0.000000,0.000000,0.000000
26,Birch,0.573665,0.573665,0.573665,0.573665,0.573665,0.573665,0.573665,0.573665,0.573665,0.573665,0.573665,0.573665,0.654099,4.377874,3.837856,0.654099,0.654099,0.654099,0.654099,0.654099,0.654099,0.654099,3.774017,1.792654,4.646960,5.011482,8.621115,9.995221,9.999823,8.699720,3.403969,5.332336,4.426463,3.461903,4.311040,3.516486,5.824954,5.698850,8.567986,9.232689,10.527408,7.033705,6.396427,5.193341,6.932218,6.562521,6.482827,5.905589,3.901107,6.850358,7.858887,8.343586,8.523731,6.723276,5.105907,3.906425,4.835781,6.937896,6.951858,6.112160,3.515953,4.397914,6.067910,5.600674,5.040735,4.299215,2.464457,4.207170,4.388191,4.502280,2.000541,3.838123,1.773591,2.333245,4.019361,5.127146,4.654840,3.054151,3.257718,1.835873,2.199274,1.794218,0.000000,1.397152,0.000000,0.000000,0.000000,0.000000,0.000000,0.000000,0.000000,0.000000,0.000000,0.000000,0.000000,0.000000,0.000000,0.000000,0.000000,0.000000,0.000000,0.000000,0.000000,0.000000,0.000000,0.000000,0.000000,0.000000
27,Birch,0.412268,0.412268,0.412268,0.412268,0.412268,0.412268,0.412268,0.412268,0.412268,0.412268,0.412268,0.412268,0.492590,0.492590,4.548954,0.492590,0.492590,0.492590,0.492590,0.492590,0.492590,1.637719,0.492590,1.474420,5.129239,5.301361,9.200294,9.391682,9.524662,7.909770,6.853650,5.752588,5.832850,3.791701,6.566531,4.680861,5.344323,5.312259,9.359444,9.529471,9.019515,7.068171,7.706164,7.625925,8.119889,6.326475,6.409262,6.266355,4.152139,6.815929,7.273566,8.473830,7.808437,5.922379,6.842033,6.420959,6.551976,5.478795,6.784626,5.943367,5.166037,4.983397,5.408779,5.600083,5.463894,3.709963,5.450316,6.060364,4.928196,5.445508,5.311511,5.354544,1.901620,2.544484,2.382318,2.090695,0.000000,1.604401,1.807118,1.674506,3.093202,3.232272,4.351962,3.119560,0.000000,0.000000,0.000000,0.000000,0.000000,0.000000,0.000000,0.000000,0.000000,0.000000,0.000000,0.000000,0.000000,0.000000,0.000000,0.000000,0.000000,0.000000,0.000000,0.000000,0.000000,0.000000,0.000000,0.000000
28,Birch,0.454599,0.454599,0.454599,0.454599,0.485573,0.454599,0.454599,0.454599,0.454599,0.454599,0.454599,0.454599,0.535307,0.535307,6.059718,6.934552,7.196264,0.535307,0.535307,0.535307,2.710829,5.693406,0.535307,0.535307,5.037395,5.540709,5.942792,8.970956,9.702693,5.983150,2.116929,4.326847,8.775529,6.420270,5.897728,0.827460,4.529260,5.624116,9.162642,9.277573,10.285993,9.352150,7.484687,6.673798,8.968777,6.997143,5.517157,5.761120,6.350940,6.934432,7.727435,8.559645,9.267266,8.253077,8.153002,7.185792,7.071228,5.393802,6.172697,6.615077,5.882005,4.007661,4.748836,7.447675,7.013556,5.319516,5.178683,3.930290,2.591123,2.471056,4.862645,5.670401,0.000000,0.000000,0.000000,0.000000,0.000000,0.000000,0.000000,0.000000,0.000000,0.000000,0.000000,0.000000,0.000000,0.000000,0.000000,0.000000,0.000000,0.000000,0.000000,0.000000,0.000000,0.000000,0.000000,0.000000,0.000000,0.000000,0.000000,0.000000,0.000000,0.000000,0.000000,0.000000,0.000000,0.000000,0.000000,0.000000
29,Birch,0.486930,0.486930,0.486930,0.486930,0.486930,0.486930,0.486930,0.486930,0.486930,0.486930,0.486930,0.486930,0.567678,0.567678,0.567678,7.776513,7.945170,0.567678,0.567678,0.567678,0.567678,0.567678,0.567678,0.567678,2.022600,3.711454,5.478534,9.083680,9.153848,8.238181,4.365438,5.619957,0.849166,8.578230,7.224580,6.032523,5.155962,5.626629,8.217732,9.273678,10.406214,9.349944,7.261250,7.065152,7.256578,8.338227,7.086225,6.580931,4.666610,6.417609,8.212662,8.142439,9.249056,8.936689,8.634292,7.362247,7.255254,7.876454,6.817890,6.039710,2.535159,2.590923,4.446573,7.264966,5.581209,5.861488,3.040334,0.000000,0.000000,0.000000,0.508585,1.242688,0.000000,0.000000,0.000000,0.000000,0.000000,0.000000,0.000000,0.000000,0.000000,0.000000,0.000000,0.000000,0.000000,0.000000,0.000000,0.000000,0.000000,0.000000,0.000000,0.000000,0.000000,0.000000,0.000000,0.000000,0.000000,0.000000,0.000000,0.000000,0.000000,0.000000,0.000000,0.000000,0.000000,0.000000,0.000000,0.000000
30,Birch,0.547339,0.547339,0.547339,0.547339,0.547339,0.547339,0.547339,0.547339,0.547339,0.547339,0.547339,0.547339,0.627687,4.461737,5.047864,8.000598,9.914965,0.627687,0.627687,0.627687,0.627687,0.627687,0.627687,0.627687,2.995064,5.075438,8.111337,9.636259,10.700650,4.714473,1.033905,8.114549,9.586555,10.166793,6.993241,5.716163,4.710640,5.502829,8.363981,9.262839,9.890777,8.646760,8.733720,8.407197,9.121303,9.174577,6.889959,6.222357,4.022861,6.469725,7.536084,8.842028,7.957464,8.655766,7.556704,6.477302,7.056567,7.956105,7.573732,5.130040,4.156266,4.483712,5.638316,6.947066,5.974766,3.710861,3.880373,4.434107,4.196097,4.278286,4.660335,3.321368,0.000000,0.000000,0.000000,0.000000,0.000000,0.000000,0.000000,0.827976,1.254112,0.000000,0.000000,0.000000,0.000000,0.000000,0.000000,0.000000,0.000000,0.000000,0.000000,0.000000,0.000000,0.000000,0.000000,0.000000,0.000000,0.000000,0.000000,0.000000,0.000000,0.000000,0.000000,0.000000,0.000000,0.000000,0.000000,0.000000
31,Birch,0.402525,0.402525,0.402525,0.402525,0.402525,0.402525,0.402525,0.402525,0.402525,0.402525,0.402525,0.402525,0.482953,0.482953,2.941418,2.853662,8.736341,0.482953,0.482953,4.132029,7.059158,6.199883,5.590939,0.482953,0.649437,5.014781,5.407443,7.995324,9.168150,8.061336,3.669928,5.779226,6.635940,7.677599,7.563180,3.887629,5.454445,5.551593,7.221952,8.993114,10.393564,7.860025,5.324953,4.291772,6.182497,6.514752,6.521403,6.168721,2.804030,7.401925,7.711011,8.556815,9.051911,6.906218,5.245438,5.143917,4.492994,3.590456,4.217426,4.695325,3.252594,5.852509,5.230707,5.623552,6.233995,3.824232,5.069249,3.858385,3.575321,3.065688,4.679155,4.620091,2.708066,3.224796,3.863613,3.929213,3.095270,3.137855,2.893360,2.880441,0.000000,0.000000,1.161392,2.403471,0.000000,0.000000,0.000000,0.000000,0.000000,0.000000,0.000000,0.000000,0.000000,0.000000,0.000000,0.000000,0.000000,0.000000,0.000000,0.000000,0.000000,0.000000,0.000000,0.000000,0.000000,0.000000,0.000000,0.000000
32,Birch,0.419211,0.419211,0.419211,0.419211,0.419211,0.419211,0.419211,0.442147,0.419211,0.419211,0.419211,0.419211,0.499705,4.459075,0.499705,8.593558,8.892403,0.499705,0.499705,0.499705,0.499705,9.458249,0.499705,0.499705,3.987491,4.885338,6.576252,9.027679,10.219820,5.133101,6.927359,6.321735,9.660590,10.315709,7.026526,3.184021,5.365975,5.552269,7.998213,9.229282,9.864388,7.976307,7.792066,7.046250,9.227534,9.267181,7.205240,5.979794,4.871631,7.634342,7.978795,8.813814,8.660373,7.260333,6.922005,6.831114,7.587117,7.787670,6.519713,5.871695,4.104131,4.987908,6.775159,5.463222,5.753951,4.876876,4.491201,5.376914,4.924735,4.857662,4.551529,5.309016,1.811543,1.926095,2.731108,2.834768,2.510879,1.940275,3.802592,3.314230,3.612598,3.934137,3.850623,3.309074,0.000000,0.000000,0.000000,0.000000,0.000000,0.000000,0.000000,0.000000,0.000000,0.000000,0.000000,0.000000,0.000000,0.000000,0.000000,0.000000,0.000000,0.000000,0.000000,0.000000,0.000000,0.000000,0.000000,0.000000
33,Birch,0.594960,0.594960,0.594960,0.594960,0.594960,0.594960,0.594960,0.594960,0.594960,0.594960,0.594960,0.594960,0.675773,0.675773,5.210021,9.101010,8.880505,0.918181,0.675773,0.675773,0.675773,0.675773,3.834225,3.325508,4.684838,5.198794,8.732569,9.610966,9.871450,8.671483,5.943658,6.460273,9.205566,9.509922,3.137787,5.312560,5.147312,5.495704,8.330184,9.431016,9.081901,9.281714,8.294193,7.124339,8.868957,9.024159,8.053187,6.151643,3.101684,6.124180,7.864203,8.235003,8.715344,8.953824,8.133252,6.938592,7.289792,6.956971,6.116782,5.830667,3.457062,4.733576,5.490171,6.398855,5.996547,5.890892,5.145352,4.947117,4.201982,3.810670,3.915008,3.613905,2.669145,1.607609,2.071793,1.695903,2.750309,0.000000,1.523002,0.000000,0.000000,0.000000,0.000000,1.502543,0.000000,0.000000,0.000000,0.000000,0.000000,0.000000,0.000000,0.000000,0.000000,0.000000,0.000000,0.000000,0.000000,0.000000,0.000000,0.000000,0.000000,0.000000,0.000000,0.000000,0.000000,0.000000,0.000000,0.000000
34,Birch,0.504648,0.504648,0.504648,0.504648,0.504648,0.504648,0.504648,0.504648,0.504648,0.504648,0.504648,0.504648,4.883067,4.590352,5.491125,8.780565,9.617294,0.585124,0.585124,0.585124,6.743519,0.585124,0.585124,2.766399,3.089065,5.112389,7.815938,9.634191,9.516204,5.787510,5.230439,5.829574,7.013314,5.960806,3.695126,3.398736,5.115163,5.604984,7.464011,9.140985,9.933189,6.714490,6.219990,5.805740,8.560227,8.684885,7.901799,5.742136,4.119800,6.691294,8.075271,8.221261,7.475101,6.337574,5.358179,5.179848,7.413892,8.160954,7.007688,5.780510,5.257077,6.023084,6.086235,5.919897,5.362272,5.842109,5.161576,4.706018,3.571044,5.576228,5.267445,4.441105,2.342844,3.728137,5.198285,3.854049,3.249961,2.950708,2.339719,1.821798,0.000000,1.600146,3.061868,2.554658,0.000000,0.000000,0.000000,0.000000,0.000000,0.000000,0.000000,0.000000,0.000000,0.000000,0.000000,0.000000,0.000000,0.000000,0.000000,0.000000,0.000000,0.000000,0.000000,0.000000,0.000000,0.000000,0.000000,0.000000
35,Birch,0.546680,0.546680,0.546680,0.546680,0.546680,0.546680,0.546680,0.546680,0.546680,0.546680,0.546680,0.546680,0.627378,0.627378,5.291576,5.881701,6.672605,0.627378,0.627378,4.816370,0.627378,0.627378,7.181440,0.627378,4.201993,5.227963,5.729849,9.033356,10.204878,5.489693,4.506865,5.325075,5.556737,7.230962,7.501211,6.048305,6.050625,5.953480,6.321837,9.361138,9.811442,8.404826,7.080635,6.118724,5.407117,6.108153,6.379671,5.975220,4.807833,5.528937,7.517977,8.298243,9.021781,8.333548,6.434099,5.742905,6.598483,5.525972,4.853130,5.436098,4.218657,5.386769,6.547262,6.470613,6.624243,5.184740,3.813319,4.735150,4.870661,4.780924,5.320492,5.054663,3.364196,4.146493,4.336058,3.999699,3.141842,3.042277,2.938542,2.481474,2.369760,2.307937,2.487466,1.589113,0.000000,0.000000,0.000000,0.000000,0.000000,0.000000,0.000000,0.000000,0.000000,0.000000,0.000000,0.000000,0.000000,0.000000,0.000000,0.000000,0.000000,0.000000,0.000000,0.000000,0.000000,0.000000,0.000000,0.000000
36,Birch,0.439577,0.439577,0.439577,0.467036,0.453413,0.439577,0.439577,0.439577,0.439577,0.439577,0.439577,0.439577,0.519952,0.519952,0.519952,4.222635,4.753149,2.692154,0.519952,0.519952,0.519952,6.282044,6.383155,0.519952,4.560329,5.390420,5.384730,6.786049,9.132710,5.265921,0.812972,0.812972,8.704762,8.477929,7.787313,5.353239,4.631464,5.797650,6.527894,8.815658,9.143434,9.433157,8.209618,7.987007,9.121216,9.138641,6.873413,6.218077,4.159768,5.037529,7.438921,8.584735,8.689440,8.938988,8.236445,6.198487,7.333089,7.782892,6.031291,5.355782,2.974627,3.114144,5.255169,5.427835,4.633708,6.524639,5.953556,4.858214,5.091408,5.125255,4.475832,3.216340,0.000000,0.000000,0.000000,0.000000,0.000000,0.000000,2.195616,0.000000,2.689660,2.023211,0.000000,0.000000,0.000000,0.000000,0.000000,0.000000,0.000000,0.000000,0.000000,0.000000,0.000000,0.000000,0.000000,0.000000,0.000000,0.000000,0.000000,0.000000,0.000000,0.000000,0.000000,0.000000,0.000000,0.000000,0.000000,0.000000
37,Birch,0.572800,0.572800,0.572800,0.572800,0.572800,0.572800,0.572800,0.572800,0.572800,0.572800,0.572800,0.572800,0.653490,0.653490,0.653490,5.229746,1.513137,0.653490,0.653490,0.653490,2.823605,0.653490,0.653490,0.653490,4.912384,5.111708,7.432361,8.808990,10.455746,9.338596,5.074787,1.050153,3.819934,5.358130,6.973835,1.371571,4.922527,5.513989,8.283541,9.827329,10.413765,9.446962,7.584662,6.527214,6.065370,7.081337,7.133872,7.012573,5.489312,5.063784,8.102808,8.833856,9.496755,8.888382,6.898068,6.963523,6.261233,7.101218,7.228312,6.518156,3.510055,4.633359,6.704914,5.850764,5.285748,5.786299,3.966202,4.369745,4.537444,4.406646,4.258424,5.374280,2.905776,3.476993,4.139518,4.640587,4.418450,4.504060,1.118862,0.856203,1.515429,2.241071,1.320765,3.218546,0.000000,0.000000,0.000000,0.000000,0.000000,0.000000,0.000000,0.000000,0.000000,0.000000,0.000000,0.000000,0.000000,0.000000,0.000000,0.000000,0.000000,0.000000,0.000000,0.000000,0.000000,0.000000,0.000000,0.000000
38,Birch,0.449197,0.449197,0.449197,0.449197,0.449197,0.449197,0.449197,0.449197,0.449197,0.449197,0.449197,0.449197,0.529808,0.529808,4.366961,8.808496,9.169933,0.529808,0.529808,0.529808,0.529808,2.082967,0.529808,0.529808,2.075524,5.673057,8.479768,9.684062,8.762482,7.483295,2.259764,3.464237,9.582376,10.296968,7.171456,5.371440,4.946738,5.584166,9.039208,9.365690,7.984796,6.954496,6.557711,7.749234,9.308333,8.960011,8.106555,6.170527,4.723347,5.700222,7.957196,8.537082,8.052754,6.971352,7.200094,7.126911,7.504951,8.170396,6.658941,6.124542,5.129761,6.271525,6.948397,7.869024,6.195271,5.932041,3.792369,2.885759,4.435615,5.181590,5.331218,5.499059,3.111091,4.703199,6.218502,5.644673,4.035004,3.702111,1.992783,1.083181,0.000000,0.000000,0.000000,1.011202,0.000000,0.000000,2.698529,2.838219,0.000000,0.000000,0.000000,0.000000,0.000000,0.000000,0.000000,0.000000,0.000000,0.000000,0.000000,0.000000,0.000000,0.000000,0.000000,0.000000,0.000000,0.000000,0.000000,0.000000
39,Birch,0.414747,0.414747,0.414747,0.414747,0.414747,0.414747,0.414747,0.414747,0.414747,0.414747,0.414747,0.414747,0.495197,0.495197,0.495197,0.495197,2.243910,0.495197,1.687695,4.008062,0.495197,2.186164,0.495197,0.495197,4.180547,4.996417,8.839494,9.211950,10.362517,8.570004,5.182679,9.046937,9.699420,8.794843,7.144555,3.507694,4.905709,5.621948,8.735079,9.711681,10.365915,8.756683,6.928429,8.745746,9.069696,8.772511,8.677785,5.967374,5.032159,6.681816,8.280918,8.583458,9.194322,7.176997,5.611917,6.846737,7.550809,7.097478,7.439717,6.265558,3.634611,3.955199,5.178636,7.076928,4.493690,4.273584,4.506709,3.506043,4.466466,5.868545,5.343176,5.320853,2.477920,3.753737,3.783662,4.496734,3.074846,1.516968,2.400054,1.739791,2.169284,2.568562,2.129531,0.000000,0.000000,0.000000,0.000000,0.000000,0.000000,0.000000,0.000000,0.000000,0.000000,0.000000,0.000000,0.000000,0.000000,0.000000,0.000000,0.000000,0.000000,0.000000,0.000000,0.000000,0.000000,0.000000,0.000000,0.000000
40,Birch,0.438349,0.426812,0.426812,0.426812,0.426812,0.426812,0.426812,0.426812,0.426812,0.426812,0.426812,0.426812,0.507406,3.708763,5.025874,8.318032,9.312404,0.507406,0.507406,5.051761,3.968207,0.507406,0.507406,1.011795,3.383886,5.461450,8.332543,9.474484,10.069430,8.914926,6.853374,5.440441,5.407315,2.924899,6.659582,3.889221,5.226030,5.858122,8.534182,9.357168,10.233525,10.451001,7.270866,7.213675,6.012648,8.338556,7.600789,6.735035,3.728263,5.915697,8.012861,8.258203,8.799481,8.857493,7.300861,6.659554,5.934128,7.769216,6.843624,5.920230,1.019727,4.425181,7.446897,8.239484,6.437041,5.967225,4.859637,2.033140,1.639763,1.199826,0.000000,1.450708,0.000000,0.000000,0.000000,0.000000,0.000000,0.000000,0.000000,0.000000,0.000000,0.000000,0.000000,0.000000,0.000000,0.000000,0.000000,0.000000,0.000000,0.000000,0.000000,0.000000,0.000000,0.000000,0.000000,0.000000,0.000000,0.000000,0.000000,0.000000,0.000000,0.000000,0.000000,0.000000,0.000000,0.000000,0.000000,0.000000
41,Birch,0.446729,0.446729,0.446729,0.446729,0.446729,0.446729,0.446729,0.446729,0.446729,0.446729,0.446729,0.446729,0.527161,0.527161,4.637640,8.869222,6.215011,0.527161,0.527161,4.807397,6.703498,5.265211,0.527161,0.527161,3.468046,5.505556,9.273178,9.557505,10.230118,8.368759,5.052648,5.607939,7.015503,6.009483,5.507089,3.585810,5.718384,5.517259,9.159562,9.284666,10.311125,9.885042,6.373418,4.085789,4.583317,7.789903,5.108357,5.839488,3.398695,7.239326,7.879021,8.635949,9.195548,8.437263,6.867465,6.838746,5.910895,7.393338,6.924361,6.410038,6.656772,5.882589,7.906587,7.983495,6.720628,5.918482,6.245832,6.480342,4.958637,5.780348,5.978360,5.326081,4.628000,4.089081,3.148253,3.799253,3.186931,3.861386,4.670270,4.169271,3.969112,5.136254,5.250741,5.388990,0.000000,0.000000,0.000000,0.000000,0.000000,0.000000,0.000000,0.000000,0.000000,1.591232,1.805074,0.000000,0.000000,0.000000,0.000000,0.000000,0.000000,0.000000,0.000000,0.000000,0.000000,0.000000,0.000000,0.000000
42,Birch,0.413482,0.413482,0.413482,0.413482,0.413482,0.413482,0.413482,0.413482,0.413482,0.420045,0.413482,0.413482,0.493913,4.413409,0.493913,0.850600,0.493913,0.493913,0.493913,0.493913,0.493913,0.493913,0.493913,0.493913,4.348635,5.245642,5.156944,9.337732,9.436769,8.723994,2.486466,0.661322,8.261057,8.198637,7.718409,6.549605,4.867363,5.581071,6.996433,9.338434,9.787594,9.182009,6.158208,6.888741,9.258646,8.809134,6.729467,6.308303,3.963881,5.475152,7.385015,8.508421,8.878713,8.714843,6.636533,6.829759,7.413465,8.660342,6.375093,5.949024,0.000000,3.634458,4.514579,5.619623,6.339809,5.788297,5.992775,5.940496,4.458232,5.410522,1.881894,0.000000,0.000000,0.000000,0.000000,0.000000,0.000000,0.000000,0.000000,0.000000,0.000000,0.000000,0.000000,0.000000,0.000000,0.000000,0.000000,0.000000,0.000000,0.000000,0.000000,0.000000,0.000000,0.000000,0.000000,0.000000,0.000000,0.000000,0.000000,0.000000,0.000000,0.000000,0.000000,0.000000,0.000000,0.000000,0.000000,0.000000
43,Birch,0.543741,0.543741,0.543741,0.543741,0.543741,0.543741,0.543741,0.543741,0.543741,0.543741,0.543741,0.543741,0.624319,0.624319,9.092775,9.050625,0.624319,2.717490,0.745465,1.124698,7.441339,5.005222,0.624319,0.624319,3.593187,3.586300,8.054574,9.523761,10.648484,5.393905,4.656663,6.513199,7.496854,6.899231,6.404044,4.286503,6.082066,5.558073,9.115937,9.187230,10.554245,8.380039,4.987644,5.383894,5.278672,6.985258,6.825362,6.169596,5.264699,7.381849,7.806669,8.625666,9.267637,7.504325,4.894479,4.219643,5.180344,6.074433,7.032587,6.120937,3.451502,5.686280,7.444882,4.706435,3.458047,3.038192,3.209353,2.742038,1.938845,2.163030,1.903158,1.984009,0.000000,0.000000,0.000000,0.000000,0.000000,0.000000,0.000000,0.000000,0.000000,0.000000,0.000000,0.000000,0.000000,0.000000,0.000000,0.000000,0.000000,0.000000,0.000000,0.000000,0.000000,0.000000,0.000000,0.000000,0.000000,0.000000,0.000000,0.000000,0.000000,0.000000,0.000000,0.000000,0.000000,0.000000,0.000000,0.000000
44,Birch,0.399917,0.399917,0.399917,0.399917,0.399917,0.399917,0.399917,0.399917,0.399917,0.399917,0.399917,0.399917,0.480631,0.480631,0.480631,8.241348,7.386072,0.480631,0.480631,4.107877,4.905325,4.761056,4.389447,3.451097,4.613640,5.302744,8.722300,9.406725,9.602291,5.667156,0.647205,5.463318,8.496147,7.136796,5.111209,2.658061,5.274491,5.603710,8.980595,9.262479,9.423793,9.059480,6.141922,6.481655,8.585228,6.806390,5.741335,3.947017,6.057821,7.020487,7.595423,8.728701,8.640110,6.946618,6.652465,6.644454,6.388327,4.981452,5.213230,5.784636,3.362294,4.404986,7.455126,7.115063,5.545188,5.304710,4.723770,5.694849,4.161648,4.201905,4.371800,4.247257,3.419328,1.131977,1.943701,1.823736,1.661590,2.692779,1.622258,2.308159,2.285894,3.097359,3.308415,3.077843,0.000000,0.000000,0.000000,0.000000,0.000000,0.000000,0.000000,0.000000,0.000000,0.000000,0.000000,0.000000,0.000000,0.000000,0.000000,0.000000,0.000000,0.000000,0.000000,0.000000,0.000000,0.000000,0.000000,0.000000
45,Birch,0.406521,0.406521,0.406521,0.406521,0.406521,0.406521,0.406521,0.406521,0.406521,0.406521,0.406521,0.406521,0.487088,0.487088,0.487088,0.487088,0.487088,0.487088,0.487088,1.439939,3.708164,1.521112,0.487088,3.156874,3.319395,5.315089,5.632248,8.777992,9.880676,2.539729,4.091816,5.994466,8.022965,8.149544,6.103901,3.679563,5.162045,5.765997,8.472404,9.339484,10.293286,8.803233,7.142554,6.464604,7.024189,7.165596,5.155874,4.538598,4.050144,5.983788,8.301126,8.275828,8.957619,7.738636,6.261104,5.760843,5.753799,5.591835,4.719538,4.081348,4.961270,5.218065,6.038650,6.398091,6.396308,4.931797,5.787523,5.035274,5.328126,4.876438,4.032728,3.874092,2.549319,3.846373,5.177846,5.098864,4.071157,2.370356,2.044415,0.307309,1.059144,0.000000,2.261355,2.003828,0.000000,0.000000,0.000000,0.000000,0.000000,0.000000,0.000000,0.000000,0.000000,0.000000,0.000000,0.000000,0.000000,0.000000,0.000000,0.000000,0.000000,0.000000,0.000000,0.000000,0.000000,0.000000,0.000000,0.000000
46,Birch,0.451513,0.451513,0.451513,0.451513,0.451513,0.451513,0.451513,0.451513,0.451513,0.451513,0.451513,0.451513,0.532165,4.780362,3.933264,8.461161,7.979275,0.532165,0.532165,3.319521,2.296630,2.620057,3.157532,0.532165,5.425279,5.408153,8.701996,9.417830,10.275270,8.142902,5.330088,9.037184,9.971720,7.790315,3.340818,1.596586,4.538417,5.740096,7.165348,9.103286,10.270500,7.596206,6.047004,6.283277,8.769948,8.772020,8.217288,6.676167,4.662366,7.177156,8.165421,8.402778,8.992870,7.502706,6.760378,6.237522,8.687571,8.129396,7.011081,6.692472,0.000000,4.008804,6.880894,6.033957,6.515111,3.657812,1.757962,1.221800,0.000000,3.418510,5.113986,2.182093,0.000000,0.000000,0.000000,0.000000,0.000000,0.000000,0.000000,0.000000,0.000000,0.000000,0.000000,0.000000,0.000000,0.000000,0.000000,0.000000,0.000000,0.000000,0.000000,0.000000,0.000000,0.000000,0.000000,0.000000,0.000000,0.000000,0.000000,0.000000,0.000000,0.000000,0.000000,0.000000,0.000000,0.000000,0.000000,0.000000
47,Birch,0.532274,0.532274,0.532274,0.532274,0.532274,0.532274,0.532274,0.532274,0.532274,0.532274,0.532274,0.532274,0.612779,2.669305,4.537117,8.822791,10.376245,0.612779,0.612779,0.612779,0.612779,0.612779,0.612779,0.612779,0.892963,5.237593,8.876598,10.398560,10.104001,6.570935,6.809569,0.892963,9.278913,9.260242,6.074577,0.892963,4.795636,5.593292,7.995949,9.209098,9.379149,8.663323,7.642110,7.246080,9.127272,9.251081,8.617286,5.968498,5.070193,6.886283,7.740291,8.818020,8.468265,8.769012,7.725679,6.722456,7.211468,8.131200,7.514051,6.911266,0.849208,3.939354,2.917514,5.223747,3.521387,0.611610,0.000000,0.491878,1.137361,3.211731,1.603056,1.871751,0.000000,0.000000,0.000000,0.000000,0.000000,0.000000,0.000000,0.000000,0.000000,0.000000,0.000000,0.000000,0.000000,0.000000,0.000000,0.000000,0.000000,0.000000,0.000000,0.000000,0.000000,0.000000,0.000000,0.000000,0.000000,0.000000,0.000000,0.000000,0.000000,0.000000,0.000000,0.000000,0.000000,0.000000,0.000000,0.000000
48,Birch,0.520639,0.520639,0.520639,0.520639,0.520639,0.520639,0.520639,0.520639,0.520639,0.520639,0.520639,0.520639,0.601135,2.509961,1.564158,0.601135,9.160952,1.421284,0.601135,2.753530,3.501481,4.931061,4.556315,0.601135,3.356776,5.310165,9.199028,9.165611,9.242173,9.112857,6.378383,1.353293,5.915797,5.008139,5.414310,4.571415,5.547433,5.617334,7.708810,9.270555,9.802618,9.058781,7.256007,6.583407,6.969978,6.212617,5.498101,5.148001,4.059605,6.210618,7.776702,8.882595,8.328716,6.987609,7.098836,6.935736,6.986107,5.800848,6.053780,4.994503,3.905216,3.779065,6.627699,4.245815,3.769519,5.131291,5.325915,5.061963,4.611250,4.603150,5.741616,4.643282,0.000000,0.000000,0.000000,0.000000,0.000000,0.000000,0.000000,0.000000,0.000000,2.639776,3.624842,3.067897,0.000000,0.000000,0.000000,0.000000,0.000000,0.000000,0.000000,0.000000,0.000000,0.000000,0.000000,0.000000,0.000000,0.000000,0.000000,0.000000,0.000000,0.000000,0.000000,0.000000,0.000000,0.000000,0.000000,0.000000
49,Birch,0.404906,0.404906,0.404906,0.404906,0.404906,0.404906,0.404906,0.404906,0.404906,0.404906,0.404906,0.404906,0.485524,0.485524,4.903082,4.335973,4.244720,0.485524,0.485524,1.471426,4.395543,0.485524,0.485524,0.775357,3.173531,5.390408,7.788491,9.121233,10.270630,7.803707,2.673291,5.395001,5.849729,5.957471,6.461715,6.076016,5.232888,5.374977,7.347581,9.966082,10.240699,9.093991,7.239730,6.589509,3.898221,5.649921,6.286403,6.404314,4.400974,5.695687,7.560687,8.194062,9.146407,7.181886,7.285123,6.972712,5.453469,3.901780,6.104715,6.082616,4.486210,4.400774,7.071537,6.979924,5.654823,6.059010,4.796862,4.377809,3.034529,0.000000,5.328451,5.374569,3.376757,3.939746,3.046093,3.748783,3.920930,3.640623,2.804873,0.000000,0.000000,0.362394,1.000020,2.593828,0.000000,0.000000,0.000000,0.000000,0.000000,0.000000,0.000000,0.000000,0.000000,0.000000,0.000000,0.000000,0.000000,0.000000,0.000000,0.000000,0.000000,0.000000,0.000000,0.000000,0.000000,0.000000,0.000000,0.000000
50,Birch,0.492571,0.492571,0.492571,0.492571,0.492571,0.492571,0.492571,0.492571,0.492571,0.492571,0.492571,0.492571,0.573187,0.573187,3.736290,8.503930,10.154170,8.504302,0.573187,0.573187,0.573187,0.573187,6.790878,0.573187,4.675574,5.231457,5.327549,9.095606,10.213325,7.566052,1.111847,6.251567,9.207108,8.848134,7.361346,6.253390,5.546289,5.779801,8.162107,9.221399,8.125154,8.317288,6.176183,6.890872,8.970634,9.116916,6.738953,6.257836,3.533947,4.428946,8.092960,8.396508,8.494534,4.927860,4.980084,4.898334,7.109605,7.953517,7.139796,5.692791,0.969071,2.863854,2.417554,3.691407,2.341354,1.769088,0.000000,1.205209,1.101097,0.000000,0.000000,0.920470,0.000000,0.000000,0.000000,0.000000,0.000000,0.000000,0.000000,0.000000,0.000000,0.000000,0.000000,0.000000,0.000000,0.000000,0.000000,0.000000,0.000000,0.000000,0.000000,0.000000,0.000000,0.000000,0.000000,0.000000,0.000000,0.000000,0.000000,0.000000,0.000000,0.000000,0.000000,0.000000,0.000000,0.000000,0.000000,0.000000
