1,Birch,0.360951,0.360951,0.360951,0.360951,0.360951,0.360951,0.360951,0.360951,0.360951,0.360951,0.360951,0.360951,0.628748,0.393775,4.000525,8.650993,9.485831,2.615949,0.393775,2.935010,7.378714,10.165916,6.485349,0.393775,0.391052,5.078119,6.213348,9.013272,10.310973,7.696775,2.957700,6.379557,9.098740,10.026061,7.488325,6.921048,4.596487,5.355093,7.402974,8.890136,10.081079,9.214662,7.390566,6.445171,8.518462,8.433344,7.652928,6.085103,6.345188,6.042850,7.406593,8.079068,8.979777,9.027328,7.099917,6.213179,7.314933,7.151245,6.720435,6.007302,6.791883,6.685314,8.585270,8.044163,6.667983,6.956779,5.657651,6.284659,4.110569,5.647174,5.879063,6.217241,6.651514,5.985115,5.691964,5.811723,4.850694,5.145545,4.800671,5.276340,5.523395,5.708765,5.354957,5.525338,3.237143,5.861660,4.907284,3.837176,4.433842,4.513169,3.536533,4.272788,4.714717,3.739595,4.927539,5.582717,1.654046,0.443089,0.706796,2.067885,0.000000,0.000000,0.000000,1.300165,0.566982,0.900397,2.159624,1.844226
2,Birch,0.346951,0.346951,0.346951,0.346951,0.346951,0.346951,0.346951,0.346951,0.346951,0.346951,0.346951,0.346951,0.393582,4.058577,4.209468,9.053076,9.674658,0.393582,0.393582,3.754764,4.836300,8.954539,6.380517,0.393582,3.921013,5.307678,5.620740,9.295245,9.768692,8.042336,5.786641,6.210170,9.588550,9.692872,7.460643,5.013669,4.760162,5.481070,6.907366,9.117146,9.628379,9.493109,7.186035,7.049244,8.544355,8.816878,6.290213,5.559421,6.272357,6.193400,7.843476,8.158201,8.397940,8.379641,7.716455,6.097232,6.931933,7.928429,6.539577,5.886868,6.673820,6.508690,8.043857,7.387705,6.860325,7.271946,5.463748,6.271988,4.769083,5.270670,6.395817,6.055127,6.767713,6.763934,6.369189,5.646172,4.932563,4.770059,4.187184,4.731393,5.401974,5.085775,5.624564,5.860631,5.589526,5.129564,5.153057,3.535953,4.600641,4.416643,3.689610,4.646867,3.120396,3.082389,4.533997,5.124478,1.247691,0.293527,0.763786,2.528261,0.000000,0.000000,1.046198,0.381299,0.963213,1.736945,1.878440,1.428660
3,Birch,0.340859,0.340859,0.340859,0.340859,0.340859,0.340859,0.340859,0.340859,0.340859,0.340859,0.340859,0.340859,0.353819,0.353819,5.264765,5.580041,0.353819,0.353819,0.353819,0.353819,5.778674,10.533702,4.601275,0.353819,0.388564,5.454342,5.550888,8.798872,9.851009,8.209370,6.951868,9.428976,9.643465,10.293266,7.948616,4.806844,5.215550,5.468502,6.996643,8.970109,9.995950,9.321410,7.307510,6.659192,8.920159,8.424203,6.319100,6.009904,5.619329,5.284767,7.647529,8.080620,8.948950,8.812628,6.388357,6.661364,6.913714,8.151567,6.569920,5.817696,6.443187,7.671780,7.995524,8.620268,6.457490,7.336678,5.949747,6.701286,4.924529,5.837119,5.540416,5.337222,7.005160,6.232624,6.766584,6.403255,4.558477,4.725718,4.159571,4.746519,4.324086,5.284340,5.793773,5.611264,5.572555,5.773850,4.545048,4.326105,4.911538,4.662590,1.627595,5.096452,4.594476,3.410407,4.375050,5.014669,1.136240,1.040370,1.281289,2.026097,1.811306,0.000000,0.000000,0.052488,1.211049,1.182801,1.564784,1.898902
4,Birch,0.419390,0.419390,0.419390,0.419390,0.419390,0.419390,0.419390,0.419390,0.419390,0.419390,0.419390,0.419390,0.469631,4.414238,4.614362,8.192281,8.486957,0.469631,0.469631,3.666331,9.352629,9.139367,0.469631,0.469631,2.477239,5.475039,5.936133,9.484574,10.240598,7.632567,0.549808,5.922051,9.559177,9.235681,7.609277,7.096499,5.395819,5.688599,5.891263,9.042768,9.506300,8.918410,7.513796,6.625208,8.931977,8.799777,6.293666,5.870414,4.237018,6.041372,7.220034,7.524777,8.419253,8.010576,7.174507,6.274028,7.237247,8.215132,6.555767,5.924918,6.039466,6.306418,7.290953,7.523789,6.326873,6.965575,5.794671,6.004328,4.813498,5.608056,5.440725,5.436327,6.542383,6.021271,6.601707,6.113514,4.483380,5.147827,4.420033,4.939547,4.281253,5.616235,5.746428,5.846839,5.015168,5.928582,5.341012,3.539433,4.661052,1.141395,3.581110,4.856768,3.663313,3.311150,3.649067,5.271345,1.145860,0.684920,0.710528,2.235389,1.292340,0.952618,0.000000,0.000000,0.000000,0.000000,1.191693,0.915371
5,Birch,0.363469,0.363469,0.363469,0.363469,0.363469,0.363469,0.363469,0.363469,0.363469,0.363469,0.363469,0.363469,0.401105,0.401105,4.474031,9.162280,9.304555,0.401105,0.401105,3.458502,9.092067,9.505990,6.408323,0.401105,4.427022,5.102318,6.640683,8.914975,10.319047,10.027184,5.150489,7.361847,9.758839,10.261445,7.141717,3.887696,5.335603,5.456330,6.665747,9.195708,9.774203,8.822677,6.785790,8.332983,9.135627,8.986801,6.203695,5.807036,5.869991,6.638891,7.839666,8.784893,8.742321,8.458552,6.945690,6.273781,6.898030,7.820072,6.959088,6.090538,6.162570,6.559202,7.834283,8.875845,6.369035,7.227063,5.669044,5.955914,5.557076,6.363650,5.796643,6.459086,6.653859,7.121904,6.548466,6.008354,4.189750,4.763432,4.488894,4.825917,4.481458,5.262875,5.656331,5.970466,5.145191,5.808266,5.009946,3.591759,4.587794,3.858584,4.564943,4.880744,4.355044,3.406189,5.035689,5.368060,1.338119,0.862961,0.541184,2.290544,1.105598,0.000000,0.726319,1.187564,1.651181,1.169986,2.319379,2.028049
6,Birch,0.376560,0.376560,0.376560,0.376560,0.376560,0.376560,0.376560,0.376560,0.376560,0.376560,0.376560,0.376560,0.447754,0.447754,4.539872,7.961671,8.438744,0.447754,0.447754,4.797393,6.882081,9.787057,2.889409,0.447754,4.748541,5.530183,8.710409,9.241937,10.358737,8.806322,6.182294,5.763570,9.464423,9.620724,6.766299,5.514263,5.220737,5.956266,6.387886,9.278152,10.107765,9.032027,8.861787,6.720023,9.136964,8.770396,6.193767,6.258881,5.960649,6.715588,7.489721,7.553797,9.045497,8.412525,7.103333,6.496297,7.666764,7.914042,7.206697,6.199033,6.346119,6.848456,7.834067,8.476426,6.420937,6.847296,5.198344,6.164867,4.459623,5.761758,5.620745,5.974339,6.147193,6.824244,5.855087,5.577943,5.095414,4.931253,4.446357,4.756852,3.459134,5.612859,5.908383,5.810715,5.709099,5.179922,5.104571,4.182889,3.967697,4.467005,4.021704,4.643346,4.278231,3.381117,4.434045,4.978163,1.106702,1.691353,1.398424,2.413172,0.000000,0.000000,0.000000,1.367839,1.114759,1.397081,0.000000,1.458716
7,Birch,0.359299,0.359299,0.359299,0.359299,0.359299,0.359299,0.359299,0.359299,0.359299,0.359299,0.359299,0.359299,0.433795,4.355118,4.855834,5.912663,9.405092,0.433795,0.433795,0.450143,8.555660,7.082208,7.250639,3.492457,3.934751,5.053687,6.474271,8.921358,9.475536,9.138818,5.425599,5.117559,9.308731,10.086148,7.478027,7.323490,4.339067,5.133891,8.300776,9.166515,10.096124,9.252866,7.337117,6.408441,8.931864,8.713648,5.758369,5.900126,5.803403,6.291056,6.941318,8.292061,9.140486,8.961433,6.710144,6.556982,8.235988,7.609982,6.807328,6.612523,6.365975,6.943640,8.039710,8.794805,6.758121,7.079654,6.750476,6.517692,5.671733,5.537476,5.934398,5.170071,6.704805,6.484314,6.285267,6.232652,4.843267,4.658741,4.363203,4.935698,5.478310,5.461894,5.601520,5.004600,5.554191,5.894784,5.327418,4.635424,4.865030,4.359904,4.591960,4.336551,4.468203,3.650083,5.065588,5.348409,1.310144,0.000000,1.086070,0.758148,1.536273,0.897143,0.000000,0.000000,0.000000,1.020450,1.642831,1.801166
8,Birch,0.376224,0.376224,0.376224,0.376224,0.376224,0.376224,0.376224,0.376224,0.376224,0.376224,0.376224,0.376224,0.511518,4.523491,4.550043,7.308972,9.183373,0.511518,0.511518,0.511518,8.496213,9.153003,7.250498,0.511518,4.932532,5.130157,5.042999,8.837603,10.291180,8.940843,5.932164,5.644266,9.444671,9.455163,7.212532,3.199544,4.815746,5.563095,7.067390,9.314524,9.742085,8.896867,7.003006,8.128596,8.498301,8.635277,6.598762,5.908939,4.177619,4.322423,7.165428,7.158607,8.666190,8.449321,6.997992,6.604545,7.093829,7.746639,6.465464,6.155471,6.423718,6.423575,7.914477,6.797199,6.423270,6.992197,6.961111,6.565309,5.524447,4.968289,6.088072,4.695338,6.529273,5.430041,6.664929,6.035233,4.748880,4.945197,3.957866,4.922829,3.900128,5.062688,4.164865,5.127875,4.444621,3.562607,5.125764,4.074273,4.472121,4.860339,2.910574,4.352229,4.375437,3.230669,4.121312,4.862590,0.000000,0.000000,0.000000,0.000000,0.000000,0.000000,0.000000,0.000000,0.000000,0.000000,0.000000,0.462981
9,Birch,0.358163,0.358163,0.358163,0.358163,0.358163,0.358163,0.358163,0.358163,0.358163,0.358163,0.358163,0.358163,0.409032,0.409032,0.409032,7.908488,7.069304,0.616464,0.409032,0.409032,9.075341,9.685753,6.272514,0.409032,3.999320,5.449596,8.737806,9.308117,10.096904,9.146668,4.321009,6.447576,10.172177,10.068592,7.419359,6.075036,5.115174,5.244380,7.915601,8.895323,10.011859,9.427204,8.142442,6.309670,9.069987,9.041226,6.881848,6.297937,6.117157,4.348166,7.325754,8.428852,8.841228,8.266437,6.586477,6.439447,7.391660,8.118147,6.741462,5.515563,6.672194,7.708657,7.465352,8.365089,6.457382,6.909400,5.484831,6.353966,4.299389,6.151611,5.809505,5.504670,6.518969,6.753551,6.785741,6.163386,4.660006,5.090390,3.808324,5.090678,4.592477,5.188672,5.542284,5.869419,5.307910,5.853987,5.180084,3.703537,4.710816,4.163095,3.171983,4.768245,3.828108,3.705101,5.377129,5.250401,2.014589,0.000000,1.734328,1.359921,0.000000,0.000000,1.438597,1.023405,2.029237,2.510789,2.354376,1.740458
10,Birch,0.386042,0.386042,0.386042,0.386042,0.386042,0.386042,0.386042,0.386042,0.386042,0.386042,0.386042,0.386042,0.457172,4.276053,4.446937,7.929262,8.989014,0.457172,0.457172,0.457172,5.993510,7.429137,6.837538,3.091337,4.507669,5.285730,5.793165,8.754519,10.022657,7.682235,4.953516,6.217092,9.319891,8.638755,7.336029,6.060894,4.778058,5.483185,7.781892,8.646809,10.166918,8.640678,8.624226,6.729583,8.906183,8.243622,6.873014,6.271267,5.598792,6.482045,7.560747,7.817832,8.938405,8.854022,7.040302,6.838516,7.138496,8.073409,6.485384,5.882611,6.671470,6.064761,7.630312,7.873367,6.222275,7.333358,5.753139,6.088164,4.587895,5.130481,5.746692,5.353065,6.163331,6.626271,5.848960,5.513349,5.880002,5.033627,4.725726,5.194115,4.886287,5.662009,5.739553,5.366026,5.433162,5.585610,5.135736,4.026618,4.302856,1.985105,3.480827,4.411401,4.446399,3.148444,5.109609,5.050995,1.126288,0.000000,0.467217,2.348615,0.000000,0.000000,0.000000,0.312914,0.994682,1.762750,1.058207,0.700939
11,Birch,0.362006,0.362006,0.362006,0.362006,0.362006,0.362006,0.362006,0.362006,0.362006,0.362006,0.362006,0.362006,0.406159,0.406159,0.406159,8.607833,7.638107,0.406159,0.406159,0.406159,8.863606,9.168781,5.978778,0.406159,0.470918,4.888069,5.224746,8.975169,9.823912,6.190865,3.943653,7.263028,9.942404,10.293118,6.885869,5.417760,5.623755,5.776206,6.538106,8.213908,9.799356,8.263800,7.431411,6.793911,8.966519,9.084044,7.525363,6.152245,5.731377,5.698944,7.788784,7.980462,7.905303,7.902333,6.415224,5.961875,8.125433,7.956576,6.864150,6.271939,6.924201,6.597548,7.920640,7.920807,5.717725,5.935295,5.981423,5.977701,4.837973,5.444244,6.026915,5.305782,6.568451,5.247397,6.102389,5.796070,4.602696,3.638217,3.860706,4.569735,4.092689,5.538437,5.460998,5.694838,5.302345,5.366403,5.171856,3.937438,5.014120,4.606887,3.433972,4.235804,4.624208,3.357544,4.312723,4.928381,1.322710,1.349479,0.000000,0.000000,0.000000,0.600625,0.000000,0.556307,1.962856,1.972490,1.320734,1.875833
12,Birch,0.381306,0.381306,0.381306,0.381306,0.381306,0.381306,0.381306,0.381306,0.381306,0.381306,0.381306,0.381306,0.520984,0.520984,1.402363,8.187885,9.364637,0.520984,0.520984,0.520984,7.024068,9.395733,6.704560,0.520984,2.527657,4.529546,3.057160,8.933704,9.788342,8.688286,7.461422,5.985518,9.394687,9.193156,7.283463,7.107994,4.734643,5.203397,5.613805,9.132083,10.211910,9.132831,7.308801,6.534159,8.574313,8.849707,7.986943,6.508594,6.165551,6.164914,7.557423,7.858508,8.533930,7.791886,6.535788,6.360295,7.725075,8.272459,6.851240,5.777714,6.965247,6.749543,6.707337,5.810979,6.813009,6.627894,6.131053,6.342557,4.990214,5.819291,5.669146,5.437948,5.672588,6.433968,4.990832,3.164129,4.609349,4.949999,3.761360,4.783941,3.720884,5.460414,5.567722,5.582438,4.672812,4.554627,4.585185,3.577563,4.063578,2.349966,4.929997,4.405303,4.471752,2.421651,4.532443,5.077388,0.000000,0.000000,0.000000,2.274284,0.000000,0.000000,0.000000,0.000000,0.000000,0.000000,0.000000,0.000000
13,Birch,0.357482,0.357482,0.357482,0.357482,0.357482,0.357482,0.357482,0.357482,0.357482,0.357482,0.357482,0.357482,0.396317,3.762369,5.894128,7.995404,8.630405,0.396317,0.396317,3.863644,8.414447,9.712928,5.720613,0.396317,4.554976,5.480800,8.518955,9.471208,10.400084,9.594360,5.435512,5.953419,9.488088,9.656628,6.724618,3.346989,4.826263,4.992435,8.423912,8.772388,10.279686,9.107790,6.719219,6.538481,8.422367,8.247072,6.485846,5.917523,6.027791,5.483558,7.258065,8.422690,8.922445,8.849013,7.614994,6.355519,7.708465,7.629974,6.671998,5.590003,6.862693,6.628036,7.254403,7.376410,6.571934,7.523339,6.144726,6.482975,4.124211,5.733548,6.037071,5.394861,6.485851,6.748134,6.718855,5.489599,4.790794,5.237504,4.472810,5.222734,4.537007,5.272564,5.213708,5.158467,5.101476,5.856508,5.346366,3.809751,4.947311,4.607714,4.013851,4.277343,4.589768,3.248788,4.394538,5.193687,0.000000,0.000000,0.000000,0.000000,0.000000,0.000000,0.000000,1.563267,0.611825,0.782588,2.216168,0.000000
14,Birch,0.397728,0.397728,0.397728,0.397728,0.397728,0.397728,0.397728,0.397728,0.397728,0.397728,0.397728,0.397728,0.413918,0.413918,4.776098,7.571371,0.413918,2.766000,0.413918,7.730853,9.249293,10.015747,6.963368,0.413918,0.430934,5.073781,5.805186,8.857303,9.731879,7.577096,6.089497,6.331264,10.099184,10.560839,7.654268,5.399795,4.639686,5.653815,5.147378,9.135074,9.810410,9.338187,6.879098,8.278214,9.104797,8.258820,7.420918,5.859098,6.380039,7.422563,7.749727,7.103151,8.618810,8.837680,6.577352,6.591529,7.472548,8.310406,6.290276,6.082803,6.414413,6.404632,6.760311,6.750085,6.497518,7.012849,6.002299,6.468327,5.605300,5.589450,5.911853,5.759444,6.352514,6.952968,5.617481,3.948831,4.817813,4.697434,3.990274,4.580948,2.467380,5.287728,4.815141,5.899063,5.335597,1.324115,4.856495,3.863472,4.637295,3.899182,3.458280,4.896785,4.619995,3.800187,4.835849,5.092230,0.637394,0.000000,0.353703,0.576656,1.812405,0.000000,0.000000,0.118179,0.000000,0.000000,1.907483,2.211761
15,Birch,0.375716,0.375716,0.375716,0.375716,0.375716,0.375716,0.375716,0.375716,0.375716,0.375716,0.375716,0.375716,0.463588,3.899612,0.463588,7.544666,8.314344,2.189869,0.463588,4.550564,8.257907,0.463588,6.711541,0.463588,4.603406,5.212980,5.853614,8.901837,10.200280,7.257597,6.501999,6.134059,8.961240,8.025570,7.466063,4.540976,4.809991,5.716103,5.265992,8.583371,9.195436,9.498346,7.522505,7.126758,8.643613,8.534745,6.180398,5.806425,5.619070,6.866688,6.789426,8.076393,8.936261,8.541955,6.524905,6.692599,6.979818,8.069623,6.534859,5.622233,6.297123,6.437559,7.987644,8.354589,6.497899,7.107653,6.063717,6.720289,4.658566,6.060726,5.875891,5.508421,6.208145,6.845267,6.032118,5.186263,4.862060,5.162481,3.986411,4.914825,4.013680,5.322946,4.997969,5.635762,4.382936,5.743764,4.775448,3.152059,4.071103,1.659824,3.291096,3.992228,4.404979,3.427433,4.937235,4.758718,0.130236,0.081395,0.091838,0.000000,1.512870,0.000000,0.000000,0.000000,0.640935,2.228626,2.077123,0.620296
16,Birch,0.349199,0.349199,0.349199,0.349199,0.349199,0.349199,0.349199,0.349199,0.349199,0.349199,0.349199,0.349199,0.578394,0.450068,0.450068,9.134785,9.209008,0.450068,0.450068,4.739100,8.564261,8.290114,4.331003,0.450068,4.542481,4.731275,6.753346,9.065868,10.338719,7.841345,6.900670,6.631428,9.709340,9.873962,7.470760,5.417482,4.390050,5.557760,7.235176,8.990970,10.440559,8.733939,7.247715,6.385960,9.123580,8.896873,7.877330,5.507123,6.038298,6.032010,7.517323,7.773691,8.650301,8.876291,6.682929,6.256984,7.701320,7.790266,6.727209,6.284469,6.242890,6.727583,7.844927,8.751173,7.292480,7.499659,6.625944,6.256444,5.249244,5.825153,5.985732,5.530606,6.345594,6.003958,6.764891,5.719773,4.938679,5.109231,4.651188,5.093216,4.814223,4.555788,4.996198,5.325302,4.537001,5.079444,5.320598,3.620339,4.310197,4.828372,3.447928,3.557697,4.779274,3.576795,3.094659,4.425076,0.000000,1.134963,1.165560,2.148647,1.436269,0.728577,0.000000,0.000000,0.000000,0.000000,0.000000,0.000000
17,Birch,0.325694,0.325694,0.325694,0.325694,0.325694,0.325694,0.325694,0.325694,0.325694,0.325694,0.325694,0.325694,0.329316,0.329316,3.787653,7.510222,8.710071,0.329316,0.329316,0.329316,8.464725,0.329316,6.356085,0.329316,4.642324,4.669981,6.657361,8.993854,9.387982,8.127593,5.921850,6.491869,8.725411,9.769829,7.179175,5.907946,5.267908,5.119673,7.187245,9.187688,9.616584,9.495129,7.328730,6.439094,8.772468,8.517288,6.830803,6.048282,4.092747,6.305618,7.263319,8.700658,8.857666,8.176265,6.550519,6.086805,7.085482,8.147961,6.489932,5.538963,6.496009,6.546485,7.824856,7.985753,6.750539,6.979461,5.795383,6.312050,5.558305,5.860258,5.698332,5.260498,6.813671,6.603311,6.285042,6.033382,4.542628,4.900131,4.133197,4.966328,4.128488,4.805982,5.055379,5.606711,4.681663,4.842728,4.613505,3.988606,4.801163,4.588504,3.243249,4.154606,4.584187,4.529662,5.013852,4.986586,1.029113,0.931047,1.325728,2.278087,1.599972,0.000000,0.000000,0.000000,0.000000,2.295146,1.958298,1.681836
18,Birch,0.386322,0.386322,0.386322,0.386322,0.386322,0.386322,0.386322,0.386322,0.386322,0.386322,0.386322,0.386322,0.431589,0.431589,0.431589,8.689822,6.399622,0.431589,0.431589,0.431589,0.431589,6.111111,7.039427,3.150405,4.762092,4.831760,5.878836,8.944513,10.721580,8.054816,8.230311,6.146780,8.251861,6.968382,6.818362,5.065969,4.803131,5.324517,5.272930,9.142957,10.193213,9.187284,7.310651,6.590105,8.825473,8.725842,6.769490,5.948554,5.121415,6.309787,7.311966,8.219369,8.795991,8.699908,6.388200,6.998922,7.072633,7.885663,6.912856,5.869035,6.198348,5.846048,7.669721,7.563306,7.037691,6.896719,6.045109,6.675019,4.486144,5.425855,5.732494,4.825613,6.640777,6.560882,6.600445,5.694020,4.959391,4.983707,4.322387,4.589669,3.632477,5.432716,5.364546,5.720979,5.205609,2.442561,5.433236,4.164855,4.814659,4.400373,3.087862,3.893363,4.466253,3.258042,4.899265,3.512068,1.155237,0.951771,0.000000,0.000000,0.154301,0.000000,1.281931,1.990791,1.128883,0.666905,2.004169,1.746118
19,Birch,0.368761,0.368761,0.368761,0.368761,0.368761,0.368761,0.368761,0.368761,0.368761,0.368761,0.368761,0.368761,0.440378,0.440378,4.695417,8.885276,9.779245,0.440378,0.440378,4.121024,5.946031,0.440378,5.672067,0.440378,3.478509,4.551703,5.402894,9.254611,10.289309,4.731956,6.788772,4.740240,9.331324,9.978374,7.739328,3.223232,4.596479,5.624925,6.239755,9.003253,9.803456,9.103086,7.869271,6.749156,8.762957,8.948551,6.861503,6.102433,5.651420,5.873981,7.535482,8.450377,9.156951,8.864023,6.839599,6.060947,7.118605,8.296753,6.266986,5.892831,6.704162,6.621787,7.619539,8.503695,7.071711,7.169256,5.968140,6.319890,4.648336,5.624834,6.214222,5.664944,6.917962,6.590098,5.888290,5.822676,4.666061,5.348136,4.255351,4.936568,4.323549,5.157389,5.566897,5.348399,5.062352,5.661016,5.076575,4.486306,4.583610,4.004057,3.815312,4.876420,5.237905,3.302558,4.712212,4.989684,0.119387,0.424838,0.334018,0.459192,1.676010,0.000000,0.000000,0.000000,1.696014,2.157051,2.166546,2.456831
20,Birch,0.415865,0.415865,0.415865,0.415865,0.415865,0.415865,0.415865,0.415865,0.415865,0.415865,0.415865,0.415865,0.476599,4.245711,3.939538,7.392483,9.698935,2.545004,0.476599,0.476599,7.534618,9.065548,6.140833,1.216105,4.064959,5.374594,5.399876,9.270152,10.352287,8.249979,6.776580,6.321337,8.972697,8.824446,7.466805,6.017789,4.694920,5.128566,6.882635,8.231009,8.916968,8.921468,7.279992,6.193761,8.790857,8.350087,6.066338,6.458192,3.775885,5.594659,7.414814,8.744235,8.618615,8.708071,7.064227,6.446864,7.144954,7.605680,5.968748,6.065710,6.878284,6.781920,7.927637,7.668034,6.823833,7.237741,6.535804,6.887387,4.795907,5.907078,5.539289,5.524537,5.646237,6.716903,6.545814,6.032550,4.740932,5.012975,4.159169,4.547418,4.377536,5.388346,5.434505,5.218728,3.729932,5.666160,4.623590,4.088837,4.427587,3.627257,3.663004,4.831069,4.800175,3.573067,4.587005,5.130503,0.000000,0.398767,1.438960,2.599672,1.807066,0.061680,0.000000,0.000000,1.268819,0.000000,0.000000,0.000000
21,Birch,0.409797,0.409797,0.409797,0.409797,0.409797,0.409797,0.409797,0.409797,0.409797,0.409797,0.409797,0.409797,0.508682,4.051352,8.344338,7.988877,10.026844,0.508682,0.508682,0.508682,8.842752,9.837628,5.483896,3.324634,2.906807,5.364069,7.133008,9.336111,10.070833,9.012022,6.650935,5.656216,9.607323,10.002960,7.357031,3.582968,5.118585,5.982389,8.382032,8.992933,9.937946,9.351876,7.364234,7.095881,8.912631,8.702769,6.392768,5.557497,5.610299,4.950220,7.342065,8.349102,8.622418,8.711215,6.776889,6.533731,7.381391,8.052920,6.768083,5.658430,7.015389,6.947699,7.948737,8.455793,6.936900,7.607528,5.885988,6.500758,5.410854,5.366704,6.432884,5.326413,6.439362,6.118971,6.001751,6.230411,4.208532,5.106857,4.258162,4.743223,3.413976,5.652163,5.346158,5.852661,5.396613,5.678816,5.223284,3.951997,4.835216,4.375784,3.801398,4.669354,4.211262,4.809242,4.313251,5.483105,1.662311,0.439840,1.747692,2.448826,2.259588,0.000000,0.000000,0.000000,0.000000,1.999822,2.243171,1.627160
22,Birch,0.362533,0.362533,0.362533,0.362533,0.362533,0.362533,0.362533,0.362533,0.362533,0.362533,0.362533,0.362533,0.514017,0.504924,0.479331,8.526032,6.707274,0.479331,0.479331,0.479331,8.754657,8.462202,5.445010,0.479331,3.357568,4.573015,5.239786,9.281837,10.320033,4.223718,4.828587,5.774999,9.725081,10.794227,7.804658,4.899153,6.022599,5.295706,6.982508,8.701324,9.712606,9.346172,8.345451,6.417513,8.866193,9.134978,6.978560,6.521127,3.301860,6.252814,7.423835,8.093432,9.040995,8.636179,6.987029,6.655523,6.403027,8.110388,6.771488,5.783938,6.637297,6.592004,7.519095,8.651710,7.080803,7.379190,5.807336,6.384502,5.361249,5.377464,5.998402,4.787116,7.108798,6.780887,6.558617,5.849058,4.670070,5.036637,4.904111,4.939289,4.502223,5.239135,5.011190,5.731565,5.297227,5.570459,4.739216,4.163515,4.777028,4.108239,4.231508,4.274290,5.220623,3.415325,4.448822,5.537556,1.686460,1.729681,0.668803,0.000000,0.000000,0.000000,0.000000,0.000000,1.982690,1.745080,2.075824,2.520467
23,Birch,0.405599,0.405599,0.405599,0.405599,0.405599,0.405599,0.405599,0.405599,0.405599,0.405599,0.405599,0.405599,0.526476,0.526476,3.676971,7.637903,7.832057,0.526476,0.526476,0.526476,7.709742,5.647073,5.239158,0.526476,2.385343,5.189830,5.122239,8.718875,9.221055,7.533925,6.427363,5.386541,8.773855,10.075912,9.940955,5.240108,5.579066,5.794610,6.892104,9.098312,9.549347,8.499325,7.850914,7.884929,8.899485,9.019867,6.052595,6.011722,5.076148,4.845830,7.916366,8.366220,8.727032,8.628318,6.539804,6.570104,7.505945,8.192167,8.195239,5.571253,6.855721,6.740031,6.413654,7.708864,6.844925,7.257278,5.744748,6.269963,4.173589,5.833047,5.766082,5.750215,5.932030,6.373050,5.576864,5.743723,4.970720,4.571887,4.332869,4.971949,3.829632,5.761631,5.272503,5.989043,4.113340,5.393734,4.111028,4.175919,4.264131,4.977459,3.623414,4.544782,2.401039,3.721315,3.100416,5.360213,0.372922,0.344596,1.504362,1.966872,0.136276,0.000000,0.000000,0.157940,1.407550,2.195782,1.365713,2.127371
24,Birch,0.327359,0.327359,0.327359,0.327359,0.327359,0.327359,0.327359,0.327359,0.327359,0.327359,0.327359,0.327359,0.360171,0.360171,4.909695,8.404132,8.060121,0.360171,0.360171,4.799012,4.736670,8.165318,6.649312,0.360171,4.608634,5.355877,4.847834,9.048001,8.276584,7.747682,5.506484,4.908972,9.394080,9.749849,7.980752,5.590240,3.676713,5.633315,6.270004,8.583309,9.893231,9.297967,7.003251,6.424880,9.023564,8.533606,6.804782,5.851251,3.268800,6.591939,7.712797,8.331963,8.630191,7.746530,6.345012,6.418440,7.329315,8.203053,7.310749,5.963305,6.634246,6.622420,8.120052,7.678679,7.613960,7.085991,6.934373,5.842254,4.609390,5.881742,5.773390,5.312735,6.440585,6.664974,6.001589,5.548429,5.301472,4.848023,4.237541,5.091886,5.002293,4.827038,5.328937,5.665099,4.824449,5.913303,4.690179,4.173975,4.815930,4.433754,2.670053,2.580547,4.653996,2.930214,5.091009,3.895138,0.404472,0.000000,1.236148,2.124492,0.000000,0.000000,0.000000,0.000000,1.388461,0.759763,1.363743,0.845644
25,Birch,0.324749,0.324749,0.324749,0.324749,0.324749,0.324749,0.324749,0.324749,0.324749,0.324749,0.324749,0.324749,0.347615,0.347615,5.286970,5.964277,6.921524,0.347615,0.347615,2.554952,7.727376,8.486987,6.173622,0.347615,4.653120,5.525358,5.697733,9.266305,10.491920,5.768113,6.565735,5.114441,9.411695,9.893040,6.827691,4.679201,5.287807,5.567831,6.184101,8.716232,10.239221,9.102289,7.725011,6.572509,8.828278,9.044200,6.324167,5.244708,5.785395,5.719254,7.053761,7.735238,9.083634,8.784138,6.610097,6.340353,7.417155,8.130063,6.362564,5.809214,6.738324,6.883982,7.860691,7.908369,7.025107,7.234260,5.513731,6.116713,5.106194,5.667601,6.068559,5.736077,6.586148,7.157568,6.802572,5.389859,4.096566,5.078938,3.899101,5.221387,3.177432,5.175268,5.443552,5.389254,5.230525,3.992360,3.880174,4.100444,4.164402,3.728899,3.727344,4.882950,4.716749,3.660166,4.637113,4.975852,0.000000,1.166402,0.967308,1.751156,0.000000,0.000000,0.000000,0.456883,1.205603,1.728471,0.000000,0.000000
26,Birch,0.322653,0.322653,0.322653,0.322653,0.322653,0.322653,0.322653,0.322653,0.322653,0.322653,0.322653,0.322653,0.404408,4.241686,5.571688,8.401301,10.286573,2.559622,0.404408,0.523217,9.254137,9.213786,5.272687,2.938438,4.833544,4.786571,4.987287,9.446436,10.059834,7.421319,4.852279,6.191336,9.500216,9.526436,6.948572,4.557323,4.627063,5.272073,6.979103,9.208851,7.847024,8.163939,6.926251,6.964913,8.324723,8.566380,6.824017,6.293906,5.253431,5.742418,7.562030,8.202478,8.783795,8.533116,6.558982,6.395697,7.267831,7.677408,6.684291,5.953592,6.576528,6.496239,7.592278,8.773581,7.002283,6.737761,5.400265,5.928426,4.237972,5.079210,5.672808,4.991938,5.599049,6.567521,6.383408,6.011589,4.863612,5.157688,4.116119,4.382829,3.926111,5.406027,5.405846,5.240898,5.272409,5.150546,4.682833,4.355803,4.896002,4.002892,3.125074,4.858908,4.543830,4.490613,4.405070,5.016956,1.815862,0.000000,0.000000,2.846689,2.688914,0.000000,0.000000,0.000000,0.000000,1.330343,1.928008,2.210841
27,Birch,0.401266,0.401266,0.401266,0.401266,0.401266,0.401266,0.401266,0.401266,0.401266,0.401266,0.401266,0.401266,0.501945,0.452022,0.452022,8.746798,8.426164,2.216210,0.452022,0.452022,8.075260,7.407189,4.365940,0.452022,3.893961,5.212688,5.383011,8.386381,10.023142,8.695338,7.282821,5.048544,8.731979,9.897441,7.244086,0.493327,5.550263,5.598153,6.854168,8.839998,10.061935,9.546487,7.326918,6.485793,8.820242,8.402081,6.811064,6.649721,5.256490,7.265833,7.670697,8.442453,8.714328,8.617339,6.750081,6.653050,7.241451,8.114171,6.708592,5.852109,5.841101,6.373000,7.308992,8.128823,6.757252,7.327249,6.353496,6.003162,5.351150,6.266150,6.448356,5.480330,6.623997,6.782403,6.492961,5.964449,5.245759,4.906349,4.223685,5.107017,5.153029,4.826179,5.135494,6.310441,5.245014,5.733658,5.107590,4.367916,4.631694,4.664998,3.495192,4.847004,3.735208,3.380685,4.865710,5.310419,1.061063,1.529498,0.000000,0.000000,0.000000,0.000000,0.281308,0.000000,0.000000,0.000000,0.732563,1.469392
28,Birch,0.407278,0.407278,0.407278,0.407278,0.407278,0.407278,0.407278,0.407278,0.407278,0.407278,0.407278,0.407278,0.540872,2.840309,2.436273,5.808992,8.363194,0.540872,0.540872,4.423956,9.304700,8.699099,7.043949,0.540872,4.829208,5.626350,5.128913,8.736439,10.430831,7.146079,6.111889,6.133673,9.713627,9.367088,7.470303,5.620237,4.925130,5.100583,6.127547,9.177268,9.870868,9.222423,7.205127,7.879763,8.846409,8.623166,6.766820,6.685645,4.925876,6.082075,7.657628,8.806911,9.140620,8.649092,6.989508,6.439759,7.454731,8.457525,7.679012,5.773401,6.570282,6.299899,8.251348,8.075951,7.034710,7.329432,5.952954,6.124730,4.777413,5.512817,6.144891,6.048845,6.100870,6.831996,6.071317,5.526943,4.697595,5.421843,5.024211,4.871050,3.946568,5.568667,5.316327,5.264597,5.449898,4.791485,5.407772,4.789615,4.866412,5.030894,4.751942,5.107329,4.525755,3.646512,4.984593,5.555627,0.000000,0.000000,1.384043,0.471794,0.000000,0.489324,0.703706,2.313197,1.040647,1.004375,1.018447,1.304833
29,Birch,0.356796,0.356796,0.356796,0.356796,0.356796,0.356796,0.356796,0.356796,0.356796,0.356796,0.356796,0.356796,0.417712,0.417712,0.417712,8.493175,8.175418,0.417712,0.417712,4.678380,6.892569,9.335061,6.530752,1.365361,1.241762,5.554574,5.473204,9.423903,10.314523,9.650146,6.753861,6.454953,9.647353,10.034768,7.146515,5.590247,5.183155,5.488293,7.417778,9.048985,10.024323,9.225805,7.339757,6.271092,9.117306,8.890052,6.846938,5.989603,2.458633,6.529879,7.811790,7.867190,8.962643,8.665982,7.042343,6.514913,7.344738,8.068683,7.222224,5.541430,6.660339,6.679806,7.963137,8.508938,6.756999,7.163951,6.172065,6.377192,5.220154,5.689343,6.055498,5.911361,7.199529,6.540547,6.344283,5.687481,4.655397,5.168320,4.968820,4.658031,4.339664,5.638660,5.637266,5.038403,4.723195,5.141091,5.231207,3.469008,4.740848,4.049876,3.795385,5.043895,4.142300,3.475776,3.561335,5.040446,2.210846,1.092350,1.415638,2.255241,1.355897,0.000000,0.000000,0.000000,0.000000,2.507942,2.655456,1.509156
30,Birch,0.328837,0.328837,0.328837,0.328837,0.328837,0.328837,0.328837,0.328837,0.328837,0.328837,0.328837,0.328837,0.453454,4.249952,4.960245,8.737365,7.555684,0.375781,0.375781,4.960009,8.965026,5.721460,6.799918,0.375781,4.583696,5.120564,5.877734,8.869829,10.254470,9.193856,6.846200,8.149041,9.880688,10.306499,7.445521,5.627288,6.206520,5.393561,6.143497,8.283195,8.417820,9.184726,7.284530,6.706534,8.337287,8.803887,6.098746,5.681870,5.474302,5.119815,7.399379,8.302363,9.120315,8.566913,6.872759,6.610165,7.313413,8.079041,6.308657,5.884634,6.452311,6.984522,8.090730,7.904017,6.859040,7.249765,5.916169,6.403698,4.478926,5.567248,6.121167,5.002458,5.729109,6.196961,5.536842,5.174187,4.993920,4.572530,4.036257,4.564332,4.644260,5.223372,5.436913,5.885416,4.492449,5.746268,5.074551,3.494452,4.683403,4.692815,3.250149,1.608616,5.242908,3.891078,4.443520,3.910964,0.479614,0.000000,2.326450,1.946157,1.472070,0.000000,0.000000,0.000000,0.000000,0.000000,1.111793,1.641571
31,Birch,0.407316,0.407316,0.407316,0.407316,0.407316,0.407316,0.407316,0.407316,0.407316,0.407316,0.407316,0.407316,0.459950,0.992704,5.149557,7.483115,5.587236,2.202377,0.459950,0.993651,6.401355,6.885184,5.112017,0.459950,0.489749,5.157546,5.461739,9.134331,9.445174,6.564258,7.330625,7.773301,9.856196,9.778342,7.030498,4.289378,5.501158,5.070935,6.580451,8.839275,9.635040,9.175837,8.417815,7.405324,8.588335,8.408057,7.325883,6.113729,2.742615,4.402366,7.476456,8.653230,9.097388,8.622540,6.988055,6.607595,7.167931,8.064447,6.720142,5.846025,6.952342,6.541341,8.424587,8.610609,6.770559,7.694433,5.734932,6.109344,4.699475,5.473841,5.697351,5.726140,6.322315,6.575128,6.424977,5.926507,5.549183,5.200308,4.324847,4.197807,4.183820,5.012788,5.632806,5.370764,5.779670,5.780741,4.867063,4.044921,4.762250,4.422245,4.026737,4.975660,3.886642,3.677396,5.150511,4.779897,0.000000,0.000000,1.040611,2.358117,1.995135,1.381284,1.157899,0.000000,0.000000,0.000000,0.000000,0.000000
32,Birch,0.352779,0.352779,0.352779,0.352779,0.352779,0.352779,0.352779,0.352779,0.352779,0.352779,0.352779,0.352779,0.403185,0.403185,0.403185,0.403185,7.869653,0.403185,0.582101,4.288482,8.437790,9.517459,4.488025,3.343531,2.610265,5.231612,8.050405,9.091230,9.830762,7.649570,6.492841,9.251586,9.705152,10.283669,7.389155,7.786834,4.962090,5.369434,8.837383,9.412387,10.383451,9.394744,7.163138,6.394328,8.431046,8.683139,6.244624,6.108235,5.348884,3.839461,7.642055,8.426523,9.229881,8.391040,7.787589,6.480175,7.120559,7.154155,6.144688,5.585864,6.824250,6.484928,7.945195,8.053005,6.992640,6.686711,5.183991,6.278312,6.328474,5.722724,6.380006,5.685964,5.943300,6.526698,6.542481,5.254618,4.813165,4.164419,4.957567,5.039408,4.332165,5.615364,5.455064,5.611821,5.513337,5.800312,6.144633,4.237872,2.538305,3.734584,3.586476,4.695636,3.385700,3.139138,4.663956,5.208983,1.763036,0.823125,1.053478,0.217240,1.806458,0.000000,0.000000,0.000000,0.892658,2.144173,2.253420,2.192234
33,Birch,0.346353,0.346353,0.346353,0.346353,0.346353,0.346353,0.346353,0.346353,0.346353,0.346353,0.346353,0.346353,0.416272,3.097492,2.634886,9.169141,9.307348,2.551180,0.416272,6.996416,8.970159,4.445987,6.099676,0.416272,4.088245,5.241172,9.059942,9.144594,10.438532,8.945912,6.099581,7.037512,9.522184,10.082703,7.164661,5.532170,4.799909,5.176504,7.536100,9.405228,10.065769,9.467968,7.544138,6.897666,8.866609,8.588908,7.422519,6.321145,4.994603,6.007147,7.849491,7.781558,8.759104,8.632892,8.341374,6.583625,7.056735,8.054589,6.660526,5.896525,6.691669,6.695796,7.780189,8.387872,6.578515,7.331626,5.503771,6.351894,6.263532,5.756510,6.003581,5.475491,7.076943,6.483577,6.167717,5.968491,4.412976,5.030562,3.592366,5.083383,3.220543,5.618416,5.453360,5.311929,5.394431,5.283887,5.054946,3.813426,5.018394,4.103741,2.496177,4.980043,4.535786,3.143599,4.912566,5.527109,0.305951,0.505906,1.489827,1.311715,1.844263,0.000000,0.000000,0.000000,0.000000,0.000000,2.397133,0.998069
34,Birch,0.335003,0.335003,0.335003,0.335003,0.335003,0.335003,0.335003,0.335003,0.335003,0.335003,0.335003,0.335003,0.505068,5.071124,4.752192,7.896821,9.635991,0.338026,0.338026,0.338026,6.884932,8.716660,7.186275,0.338026,4.019034,4.955510,6.430391,9.249006,10.113997,4.389403,4.423058,0.411407,9.266391,10.020937,7.674226,5.546196,5.002203,5.162302,6.576554,9.008854,10.274998,9.286438,7.052555,5.774550,8.938586,8.398054,6.212636,6.292645,4.548845,6.289552,7.163783,8.180887,8.412051,8.816794,7.258685,6.613785,6.813534,8.105783,6.778199,5.758341,6.660065,6.677790,7.497080,8.549245,6.413602,6.710833,6.158911,6.346061,5.321058,5.577066,5.716437,5.695275,6.995605,6.195954,6.903796,5.459853,4.997419,5.146493,4.185598,4.813034,4.357597,5.137256,5.925972,5.700152,4.953877,6.062713,5.165864,4.097645,4.426347,4.345010,3.527817,4.454522,4.621031,4.660843,4.836916,5.203891,1.118740,0.643646,0.000000,2.146670,0.000000,0.000000,0.000000,0.000000,1.582055,1.085585,0.891915,1.635327
35,Birch,0.356462,0.356462,0.356462,0.356462,0.356462,0.356462,0.356462,0.356462,0.356462,0.356462,0.356462,0.356462,0.374854,4.158676,0.374854,4.955670,9.450678,0.374854,0.374854,2.558561,8.625285,10.071531,8.320073,0.374854,1.342731,5.147257,4.998944,9.402060,9.215199,8.164633,7.098976,6.285662,9.352180,10.129340,9.512253,3.304559,4.583222,5.114625,6.333856,8.796974,9.999148,8.599289,7.415005,7.027273,8.792412,8.738860,8.129989,6.367341,5.656775,6.945217,7.655596,8.629235,8.803700,8.898551,8.436262,6.698233,7.190778,7.974760,6.906345,5.324912,6.726470,6.676601,7.568916,8.193833,7.019958,7.178107,5.922398,5.728535,4.566433,5.977992,5.891687,5.411587,6.544613,6.036212,6.691181,5.656336,4.959746,5.487533,4.964725,5.244691,3.618687,5.357405,5.963421,5.438025,4.883409,4.962744,5.236640,4.011397,4.976185,3.954023,3.078985,4.991284,4.631505,3.675157,4.802208,4.748231,0.745983,1.281749,1.243235,1.236102,1.619839,0.646157,0.941363,0.248475,1.465292,1.321043,0.915620,1.832347
36,Birch,0.381987,0.381987,0.381987,0.381987,0.381987,0.381987,0.381987,0.381987,0.381987,0.381987,0.381987,0.381987,0.481541,0.481541,4.762073,8.691957,8.029881,0.481541,0.481541,3.585360,8.647548,10.311937,5.386721,0.481541,2.608269,4.927307,8.645863,9.100434,10.419901,7.156668,7.223407,5.654983,9.684839,10.214880,7.743481,5.531042,4.673802,5.200805,7.143727,9.263324,9.789072,9.368692,7.152705,7.669331,8.580191,8.481863,6.551416,6.206857,6.177321,6.192949,7.864826,7.886639,8.595517,8.904720,7.350253,6.389277,7.052773,7.827530,6.311968,5.791383,6.465457,6.909425,8.341311,8.530028,6.783885,6.979327,5.813541,6.385719,4.765926,5.877818,5.565843,5.151873,6.784925,6.493808,6.287197,6.050877,4.746533,4.903676,4.210456,4.603148,4.969719,5.630971,5.769047,5.237294,5.625151,5.822941,4.594022,4.087987,3.487495,4.203179,4.620386,4.365101,4.198885,3.296911,4.601735,4.639880,0.873218,0.877765,0.583180,2.401855,0.922326,0.000000,0.000000,0.732695,0.735305,1.906233,1.950484,0.761073
37,Birch,0.379314,0.379314,0.379314,0.379314,0.379314,0.379314,0.379314,0.379314,0.379314,0.379314,0.379314,0.379314,0.471740,4.174685,4.568286,8.946675,4.112798,0.471740,0.471740,4.719879,8.130921,10.138144,0.471740,0.471740,0.551197,5.465548,5.774530,9.470518,9.598865,7.547428,4.650422,7.518368,9.021554,9.859233,8.256734,5.655352,4.729280,5.326583,7.334362,9.201591,9.455791,9.172468,7.650676,6.227234,8.846872,8.732942,8.546421,6.017713,3.903105,4.463109,8.248779,8.125245,8.324794,8.659131,7.260262,6.516766,6.922501,8.150140,6.903316,5.587241,6.607256,6.898327,7.178740,8.540743,7.307149,7.025115,5.777541,6.223050,4.523387,5.859449,5.570829,5.034305,6.172961,7.076066,6.594294,5.521099,4.920959,5.177935,4.338984,4.564700,4.138155,4.969539,5.486261,5.734663,5.387938,5.869063,4.869447,3.834677,3.730274,3.951545,3.284984,5.069143,4.376122,2.170304,4.601949,5.451657,1.128561,0.301180,0.000000,0.320097,1.451085,0.245859,0.000000,1.809900,1.178100,0.000000,2.389413,1.872883
38,Birch,0.358440,0.358440,0.358440,0.358440,0.358440,0.358440,0.358440,0.358440,0.358440,0.358440,0.358440,0.358440,0.427680,0.427680,5.056939,8.933117,8.285097,0.427680,0.427680,4.844680,8.158266,8.447972,6.634737,0.427680,4.529007,5.302304,6.987049,8.957603,10.067002,8.484826,5.396553,5.657207,8.929894,9.090858,7.274826,5.439326,4.806460,4.963884,8.506720,9.002592,9.612774,9.083113,7.225806,7.137562,8.616443,8.926745,6.786925,5.997103,5.744637,6.741401,7.393004,9.013002,8.712238,8.621851,6.556618,6.095736,6.985255,8.161817,6.147538,5.673196,6.375376,6.488094,8.081976,8.204562,6.253675,7.369351,5.881894,5.657153,4.912593,5.727762,6.322182,5.938736,6.337443,6.711377,6.489153,5.588659,4.753388,5.229081,4.190972,5.482935,4.169244,5.524787,5.766494,5.225651,5.254404,5.805553,5.129142,3.969958,3.342319,3.959222,3.286653,4.528488,4.403316,4.348019,4.637319,4.974046,0.000000,0.653378,0.488501,0.850951,1.713857,0.000000,0.000000,1.160239,0.919036,2.152346,2.600047,1.679426
39,Birch,0.368181,0.368181,0.368181,0.368181,0.368181,0.368181,0.368181,0.368181,0.368181,0.368181,0.368181,0.368181,0.484810,3.613078,5.000036,5.250670,9.560321,0.484810,0.484810,4.748127,7.684614,7.207189,5.447321,0.484810,5.397955,5.173740,7.939493,8.861478,9.701052,7.836416,6.575335,6.274104,9.423312,9.983837,5.797725,5.207437,5.082283,5.651762,6.404597,9.092198,10.400772,8.938766,6.982065,6.471887,8.544060,9.105952,6.484469,5.608845,5.406320,5.485956,7.506916,8.713455,9.005751,8.912870,7.071144,5.977991,6.584216,8.003730,6.394121,5.354139,6.599624,7.197766,7.633919,8.020390,6.893250,7.321723,6.781040,6.591042,4.797820,5.428820,5.735686,6.078635,5.162115,6.488575,6.229363,5.761597,6.157017,5.490679,4.743858,4.876889,3.731055,5.379043,5.511536,5.876050,4.127440,3.914147,4.665506,2.994200,4.526017,4.274902,3.266229,4.849700,4.509703,3.890109,4.037032,3.423263,0.000000,0.000000,0.384507,0.350281,0.433151,0.000000,0.000000,0.000000,0.000000,0.000000,1.521836,0.000000
40,Birch,0.342917,0.342917,0.342917,0.342917,0.342917,0.342917,0.342917,0.342917,0.342917,0.342917,0.342917,0.342917,0.381597,4.028843,4.023432,7.611862,9.222855,4.178006,0.381597,0.389478,8.828475,9.035939,7.887088,0.381597,3.940177,5.816200,7.716305,9.283585,10.303926,8.448670,6.548714,4.802466,9.752429,10.221367,7.321209,5.576538,5.009012,5.320529,6.417240,9.067379,10.150302,9.777237,7.157240,8.229064,8.875613,8.946415,6.279136,6.167856,5.003133,6.408411,7.561099,8.176544,9.044344,8.123995,7.006142,6.521310,7.102273,7.637265,6.686652,5.836854,6.936392,6.754053,7.846231,8.268993,7.189716,7.336942,6.166334,6.073615,6.174533,5.846234,6.026611,5.998889,6.277416,6.677410,6.167593,5.754086,4.848381,4.841629,4.376633,5.054568,4.248588,4.612385,5.010761,5.182080,4.709815,4.748578,5.443998,3.955949,4.800398,4.043428,2.993190,4.632042,4.379296,3.084723,5.086719,4.993390,0.000000,1.308843,1.221913,2.245747,0.243237,0.000000,0.000000,1.310784,0.800966,0.929460,2.357347,2.444259
41,Birch,0.321903,0.321903,0.321903,0.321903,0.321903,0.321903,0.321903,0.321903,0.321903,0.321903,0.321903,0.321903,0.364263,3.411210,4.399487,8.799785,9.253187,0.364263,0.364263,4.570225,6.723269,9.858316,6.492341,0.364263,4.099064,5.245517,8.613075,8.943908,9.636949,8.326715,5.695098,6.305300,9.244445,9.936764,7.664897,5.504778,4.740805,5.120138,6.943729,8.635165,9.408803,8.718924,7.446990,6.729263,8.985869,8.502656,6.427289,5.969878,3.534006,6.051132,7.866124,8.212571,9.259329,8.562684,6.821719,6.258502,6.944066,8.075560,6.871081,6.116384,6.747371,6.440109,7.090607,7.820755,6.714406,7.280742,5.974317,6.753456,5.688574,5.713212,6.164611,5.394864,6.843571,6.182950,6.338058,4.205305,5.034842,5.247990,4.020352,4.886760,3.885915,5.055000,5.596491,5.514810,4.130300,5.060026,2.610146,4.154875,5.004153,4.023252,2.701900,4.815863,4.739594,3.332147,4.347773,3.690504,0.000000,0.434142,1.231009,0.000000,0.000000,1.167616,0.874250,1.402453,1.081032,0.934771,1.023777,0.271263
42,Birch,0.410276,0.410276,0.410276,0.410276,0.410276,0.410276,0.410276,0.410276,0.410276,0.410276,0.410276,0.410276,0.423413,4.886892,2.873274,5.112380,9.825570,0.423413,0.423413,4.538830,8.559909,10.128101,9.391724,0.515876,3.287452,5.335752,9.125988,9.575141,10.243755,9.271996,7.054770,5.432257,10.198921,10.400940,7.282261,6.814584,4.495678,6.008808,6.621905,9.251166,10.146749,8.952388,7.876972,6.369870,9.044758,8.711379,6.323528,6.008331,4.940701,6.697488,7.378670,8.388965,8.954206,8.928808,7.818142,6.369680,6.827551,8.329657,6.182643,5.796738,6.637327,6.883751,8.395415,8.703278,7.237802,7.183566,5.608520,6.243219,4.514608,5.091590,5.770381,5.088773,6.939107,6.493938,6.730454,5.780741,6.074192,4.865372,4.628065,5.347142,4.602489,5.623625,5.539731,5.748199,4.913891,5.713537,5.088272,4.681270,4.678603,4.039290,4.045055,4.123678,4.175698,2.541409,4.739166,5.428310,0.000000,0.000000,0.000000,2.300430,0.905065,0.000000,0.000000,0.000000,0.000000,0.000000,0.000000,0.000000
43,Birch,0.397570,0.397570,0.397570,0.397570,0.397570,0.397570,0.397570,0.397570,0.397570,0.397570,0.397570,0.397570,0.453912,3.879243,5.289854,6.275978,6.516786,2.013994,0.432855,0.432855,7.655087,9.831429,5.848117,0.432855,4.338090,5.308774,7.589454,9.743407,10.329100,9.329796,7.199473,5.925412,9.784939,10.283034,7.340622,6.782711,5.521833,5.831040,5.839374,9.382257,10.093563,9.477198,7.760516,6.568322,8.179552,8.731212,6.516743,6.212758,5.157615,4.422742,7.271738,8.359364,8.608298,8.409988,6.548734,6.568239,7.087877,8.172288,6.860955,5.074227,6.647673,6.525775,7.823480,8.844678,6.933030,7.117341,6.342204,6.528214,4.983829,5.996316,5.912512,6.450900,6.318668,6.195891,5.944040,5.706645,4.640868,5.230594,4.013667,5.166507,5.224199,5.535298,5.141025,5.923955,4.988702,5.025537,4.805387,4.312485,4.297482,4.111914,4.647178,4.666965,4.493774,3.423147,4.867641,5.293419,0.000000,0.990598,0.175047,2.034718,0.000000,0.000000,0.000000,0.901548,1.147896,2.225647,0.000000,1.059792
44,Birch,0.315886,0.315886,0.315886,0.315886,0.315886,0.315886,0.315886,0.315886,0.315886,0.315886,0.315886,0.315886,0.318527,4.270246,0.318527,9.186397,7.923433,0.318527,0.318527,0.318527,9.397698,9.360958,6.576097,0.572398,0.354617,5.184639,5.563756,9.203519,9.805147,3.940443,0.354617,6.007674,9.124380,9.305442,7.355816,5.544428,4.636463,5.077296,6.384521,8.926791,10.398488,7.901984,7.289718,6.479275,8.029679,8.318997,6.579724,6.165277,3.818710,4.095315,7.601086,8.415652,8.890689,8.002899,7.043348,6.520454,8.153260,7.801941,6.653293,5.714939,6.643548,6.892648,7.821063,7.226106,8.738707,7.407169,5.525776,6.288869,4.525539,6.005930,6.052356,5.810209,6.298385,6.434451,6.375003,5.993672,5.075312,5.118627,4.676748,5.561340,4.161888,4.988597,4.693225,5.566907,4.559754,2.992956,5.027407,4.423332,4.937016,4.092744,3.326278,3.498483,4.496363,3.643544,4.862381,4.917492,0.000000,0.000000,0.199330,2.248837,1.457175,0.000000,0.000000,0.000000,0.000000,2.063445,1.983686,0.317753
45,Birch,0.392452,0.392452,0.392452,0.392452,0.392452,0.392452,0.392452,0.392452,0.392452,0.392452,0.392452,0.392452,0.571302,3.767649,4.208440,8.331893,8.081684,0.571302,0.571302,4.924387,9.400021,9.230819,6.886355,3.020240,3.915188,4.779532,6.762234,9.687475,10.203169,9.792126,4.724082,5.957393,9.060469,9.545540,7.148927,5.855198,4.418011,5.735531,6.688436,8.664127,9.770202,9.267982,6.890220,6.271602,8.447931,8.542687,6.373376,6.308029,5.462495,5.060443,7.211628,8.255574,9.241748,9.002170,6.613159,6.189834,6.566288,8.129580,6.882329,5.413688,6.589139,6.309793,7.393365,7.699131,6.767904,6.721257,6.002731,6.174790,4.733328,5.779629,5.645171,5.601202,6.668261,5.122369,5.834525,5.476257,4.520284,5.117748,4.266025,4.693199,4.522364,5.516984,5.721527,5.552705,3.875238,4.659112,4.467611,3.148444,4.969552,3.676309,3.570163,4.472678,4.534218,3.382389,2.758371,3.065992,0.000000,0.000000,0.000000,0.000000,0.000000,0.000000,0.000000,0.000000,0.000000,0.000000,0.000000,0.000000
46,Birch,0.370796,0.370796,0.370796,0.370796,0.370796,0.370796,0.370796,0.370796,0.370796,0.370796,0.370796,0.370796,0.377745,3.810867,4.031044,6.324242,8.267904,0.377745,0.377745,0.377745,0.377745,9.454057,8.103744,0.377745,3.148610,5.684526,8.121938,9.093930,10.152021,8.950563,3.998041,7.519094,9.440557,9.721642,8.121453,6.667966,4.761605,5.275866,5.837223,9.441022,9.993802,8.778187,7.274371,6.291239,8.942428,8.698858,6.827631,6.505455,6.197474,6.711732,7.169894,8.282852,8.879635,8.561638,6.517529,6.159113,6.811215,8.153967,6.729318,6.001242,6.877424,6.511783,7.797793,8.328835,6.450469,6.574018,6.206947,5.806705,5.530393,5.548635,5.699452,5.725330,6.458026,6.134719,6.421221,5.487694,4.268197,4.552405,4.324009,4.995379,4.295567,5.629730,4.608987,5.715529,5.533952,6.026352,5.519059,4.013667,4.792966,4.142508,3.662811,4.368176,4.959136,4.304681,5.078925,5.243774,0.000000,0.000000,0.000000,2.311173,0.501319,0.000000,0.000000,0.000000,1.367159,2.360900,2.338189,0.000000
47,Birch,0.409733,0.409733,0.409733,0.409733,0.409733,0.409733,0.409733,0.409733,0.409733,0.409733,0.409733,0.409733,0.426237,0.426237,4.380802,4.325483,7.355672,0.426237,0.426237,3.708258,5.334183,9.299263,6.336969,1.780994,0.443223,4.675632,8.035846,9.159091,9.277756,8.971148,6.048368,5.496420,9.603467,10.320777,8.958859,5.677376,5.064815,5.470361,6.916375,8.870174,9.298446,9.094203,7.280767,6.985744,8.327955,9.098916,6.558607,6.389709,5.228036,5.602706,7.624655,8.051612,8.015155,7.342170,6.230667,6.315336,6.975751,8.183139,6.109570,5.698073,6.352177,6.802376,7.416245,7.816077,6.715686,7.266166,5.903042,6.914441,6.219208,5.614727,6.349114,5.155386,5.367349,5.901918,6.772171,5.634134,4.677855,4.752323,4.201259,4.731546,3.525082,5.444850,5.682304,5.707112,4.753575,5.087856,4.047736,3.560753,4.408194,4.046825,3.876570,4.533937,4.756317,4.008553,3.657812,5.123487,1.999081,0.453586,0.000000,2.590376,0.000000,0.000000,0.044444,1.361424,1.791767,0.000000,0.000000,0.239680
48,Birch,0.408824,0.408824,0.408824,0.408824,0.408824,0.408824,0.408824,0.903205,0.408824,0.408824,0.408824,0.408824,0.575565,3.893593,5.006833,4.038241,8.072636,0.575565,0.575565,0.575565,9.232854,9.659718,7.148455,0.575565,3.941806,5.468729,5.672777,9.418488,10.194699,7.724387,6.373284,8.138514,9.612679,10.612392,7.327246,6.055474,5.454028,5.597000,6.075022,8.867905,10.348680,9.363025,7.351797,6.591314,9.140451,8.513004,6.361253,6.306022,5.605655,5.536479,7.097202,8.441219,9.301561,9.137772,6.803892,6.455484,7.057959,7.745680,7.977293,5.683742,6.605724,6.762156,8.167592,8.260638,7.401392,7.003760,6.148110,6.270896,5.657768,6.123292,6.122579,5.540233,7.114794,6.321836,6.114189,5.010046,4.635278,4.824204,4.251341,4.543929,3.698473,5.055124,5.802656,5.560480,5.278687,5.927175,5.261183,4.049858,4.626792,4.429325,3.102935,4.687201,4.151848,4.885771,4.808031,5.165964,0.000000,0.000000,0.000000,0.000000,0.000000,0.000000,0.000000,0.000000,0.000000,0.000000,0.000000,0.000000
49,Birch,0.382016,0.382016,0.382016,0.382016,0.382016,0.382016,0.382016,0.382016,0.382016,0.382016,0.382016,0.382016,0.439966,4.671177,4.130063,7.246094,7.687037,0.439966,0.439966,0.439966,7.936538,9.796224,6.184604,0.439966,4.205468,4.917156,7.607529,9.159529,10.003017,5.371414,5.668074,7.705073,10.096046,10.330079,7.545222,3.425198,4.875026,5.367139,9.256557,9.192696,9.736402,9.361986,6.961800,5.907735,8.837434,9.074533,6.724590,5.786912,5.652215,6.256357,7.833231,7.903284,9.295807,8.480118,7.693884,6.160892,7.103705,8.115134,6.351797,6.713495,6.683234,6.284509,7.586503,7.543342,6.965650,7.668594,5.838339,6.731472,5.454754,5.742285,5.755954,5.172989,6.765459,6.842145,6.153385,5.699203,4.744560,4.766266,5.145755,4.747515,4.312232,5.324203,5.525434,5.250623,4.958508,4.985353,4.950466,3.997070,4.901258,4.321489,4.267351,4.799137,4.790293,3.802920,4.116105,5.315521,0.000000,0.000000,0.000000,0.000000,0.000000,0.000000,0.240538,1.376310,1.181290,1.212316,1.475164,1.627141
50,Birch,0.344395,0.344395,0.344395,0.344395,0.344395,0.344395,0.344395,0.344395,0.344395,0.344395,0.344395,0.344395,0.400807,0.400807,0.400807,8.220267,8.127039,0.400807,0.400807,0.400807,7.083125,8.458440,5.132612,0.400807,4.363436,5.044036,5.182530,9.258361,10.288371,9.082533,5.904142,5.283224,8.762955,9.017827,7.449528,5.893561,5.290270,5.119011,5.959953,9.141939,10.154253,9.099500,7.149019,6.506323,8.380008,8.033821,6.939410,5.876246,3.689864,4.923028,6.913298,8.229471,8.907603,8.393155,6.952452,6.305288,7.336887,8.190006,6.854762,5.473156,6.836990,6.860014,8.012725,7.743835,6.609617,6.914928,6.143740,6.601044,6.015870,5.439142,5.896242,5.509541,5.801394,6.656705,6.205476,5.784938,5.100194,4.656629,4.002000,5.090662,3.445583,5.659461,5.833359,6.034344,5.153604,5.860976,4.978137,3.700090,2.461036,4.564664,3.972079,4.010877,4.569646,3.288060,4.262291,4.597284,0.000000,1.176520,1.092790,0.922400,1.636204,0.000000,0.000000,0.000000,1.621234,1.496419,0.000000,0.000000
