1,Pine,4.250784,3.650105,4.071860,2.859618,3.754629,3.338374,3.593422,1.899325,4.029694,3.259636,4.224535,3.186845,4.266369,4.077308,4.199614,3.748666,4.182713,3.786682,3.881764,3.542475,3.953930,3.591859,4.141724,3.598266,3.678679,3.661905,3.778018,4.054091,4.179954,3.410776,3.828289,3.906431,3.921108,3.438425,4.094852,3.955867,3.783212,3.517639,3.912947,2.959873,3.709628,3.286147,3.630185,3.316162,3.393648,3.206679,3.276001,3.669062,3.711070,2.894724,3.168183,3.296643,3.283018,3.188851,3.492977,3.243279,3.394651,3.056914,2.806322,2.602404,2.970800,2.781193,3.004782,2.717767,2.517596,2.757232,2.839903,2.945045,2.879966,2.940293,2.629208,2.425956,2.171065,1.774088,2.308244,2.183069,2.275369,2.138187,2.006871,2.239615,1.807121,2.056467,2.187540,2.442053,1.078151,0.846737,0.885619,1.002045,1.642834,1.230142,1.149744,1.309832,1.030325,1.493342,1.641135,1.477750,0.035670,0.747515,0.441352,0.588459,0.035670,0.688006,0.381767,0.549145,0.035670,0.035670,0.509872,0.479179
2,Pine,4.160957,2.312446,2.468012,3.534896,3.689332,2.746539,3.226851,3.000970,2.415270,0.141389,3.601842,3.609938,4.215487,4.115883,4.330874,3.117450,3.988898,3.756659,4.283572,3.567254,4.104670,3.663064,3.861453,3.819223,3.734658,3.981101,3.630724,4.084713,4.126322,3.630248,3.525844,3.452638,3.339761,3.257070,3.695333,3.832635,3.651027,3.048180,3.115597,3.145862,3.514436,3.609054,3.117219,3.324582,3.201393,3.637684,2.963027,3.676668,2.929519,2.969003,3.295734,3.327225,3.450136,2.812808,3.209395,3.243957,2.820440,2.552855,2.854373,2.411273,2.440271,2.845254,2.631116,2.929468,3.209156,2.300834,2.653827,2.560997,2.946647,2.492925,2.587935,2.624058,2.364188,2.005934,2.365122,2.481051,2.138065,1.336007,2.135427,2.059493,1.326740,0.932115,2.388630,2.170705,1.298975,1.741619,1.251123,1.177258,1.332315,0.912607,1.351820,1.281957,0.767205,1.179255,1.442881,1.089965,0.586118,0.035849,0.035849,0.035849,0.553527,0.035849,0.709363,0.035849,0.508037,0.486867,0.035849,0.035849
3,Pine,3.196357,3.459941,2.311885,3.503685,3.414037,3.192985,3.516504,2.748309,3.714181,3.531494,3.925132,0.151556,3.935876,4.088636,4.308142,3.481267,4.026408,3.900530,4.051068,3.331287,4.305236,3.838216,4.050202,3.870939,3.362374,3.827082,3.515390,4.071661,4.197631,4.038530,3.734436,3.603035,3.663851,3.124313,3.575199,3.858393,3.468107,2.922444,3.863170,3.393689,3.367418,3.235912,3.481972,3.260714,3.980773,3.219280,3.244105,3.815223,3.528327,3.285150,3.306402,2.859454,3.545006,3.204594,3.038638,3.129230,3.263619,3.049106,2.989269,2.493456,2.133729,2.820358,2.601998,2.996963,2.764764,2.563161,2.822418,2.630895,2.930704,2.951736,2.912956,2.220317,2.276346,1.994634,2.467523,2.347440,1.951870,2.073305,2.336079,1.924506,1.730369,1.858575,2.521519,2.430706,0.986438,0.870136,0.847889,0.440662,0.998959,1.685873,1.399024,1.247059,1.427574,1.748093,1.053748,0.959201,0.036310,0.036310,0.546077,0.623900,0.036310,0.036310,0.586792,0.466874,0.036310,0.036310,0.605395,0.512304
4,Pine,4.063633,2.917379,3.146168,3.531638,3.500680,3.200433,2.618307,0.125198,4.192394,3.474276,3.450466,3.565715,4.316954,3.601934,3.667894,3.736425,3.905654,3.965759,3.960975,3.402493,4.234900,3.717315,3.970434,3.946671,3.677885,3.258390,3.690371,4.028899,4.166436,3.823864,3.714008,3.619075,3.598140,3.289099,3.758965,3.851356,3.685611,3.032450,3.213520,3.341123,3.345934,3.518709,3.547048,3.396979,3.737343,3.340043,3.255392,3.840933,3.193772,3.222426,3.494919,3.207721,3.165927,3.066763,3.232027,0.368218,3.331128,3.028535,3.170578,2.463511,2.900648,2.854897,3.066860,2.349307,2.819119,2.146986,2.678169,2.940225,2.651321,2.308092,2.293675,2.036089,1.543868,1.867970,1.873816,1.283754,1.758179,1.927095,2.037502,2.300839,1.885531,2.275910,2.459592,1.982066,1.463477,1.550321,0.516127,0.586535,1.507172,1.833974,1.311668,0.958872,1.456964,1.411536,1.770883,1.162698,0.028363,0.028363,0.576294,0.028363,0.229842,0.028363,0.550594,0.028363,0.028363,0.028363,0.028363,0.499485
5,Pine,3.796641,4.029804,3.304686,3.373786,3.653960,2.559846,3.543278,2.824172,4.200521,3.555169,3.424059,3.825435,4.361147,4.002869,3.588795,3.607192,3.257730,3.562421,4.165057,3.030779,4.195592,3.744873,3.641562,3.896744,3.314022,4.011411,3.893536,4.024402,3.819085,3.818987,3.828123,3.837629,2.681485,3.617086,3.577369,3.947456,3.356238,2.524579,3.886215,2.822757,3.619001,3.511338,3.334538,3.049937,3.812626,3.572908,3.271599,3.479046,3.116132,3.313805,3.473065,3.243752,3.203172,3.219864,3.407327,3.191523,3.416102,2.969374,3.317768,2.555104,2.833143,1.648174,3.018933,2.951346,3.134718,2.791636,2.742685,2.489240,2.842242,2.099238,2.601073,2.434550,2.249907,2.157042,2.471041,1.671444,2.216147,2.021996,2.360046,2.569458,1.326858,2.433528,2.307257,2.442914,1.449375,0.056711,0.551170,0.821534,1.402473,1.835081,1.149350,1.410012,1.450723,1.110671,1.443271,1.542076,0.521094,0.417323,0.798680,0.541463,0.696002,0.029522,0.029522,0.029522,0.370311,0.029522,0.029522,0.029522
6,Pine,2.904330,2.747213,2.714225,3.215758,1.924233,3.891084,3.724749,2.877423,3.931460,3.379596,3.516993,2.064621,4.372458,3.837002,3.880419,3.528506,4.000030,3.815053,4.308683,3.729426,4.263316,3.422454,4.333415,4.033788,3.629359,3.757935,3.813614,4.009744,3.935200,4.048833,3.624757,3.834784,3.679088,4.155994,4.166167,3.947196,3.830027,3.136992,3.360926,3.399105,3.501822,3.664265,3.905530,3.024102,3.665470,3.331149,3.261979,3.545028,3.601296,3.254164,2.967973,2.606441,3.341883,3.136172,2.730402,3.305117,2.814301,2.989294,3.530857,2.530265,2.921728,2.786060,2.814862,2.880415,2.539555,2.720926,1.922817,2.976889,2.827158,2.934568,2.309865,2.694855,2.049591,2.291980,2.135081,2.083014,1.593464,1.359359,1.747484,2.270602,1.688102,1.618426,2.152964,2.278892,1.516290,1.506648,1.148700,1.449342,1.594390,1.852142,1.471832,0.898218,1.715729,1.590449,0.883960,0.992712,0.035993,0.625214,0.546094,0.035993,0.035993,0.577592,0.589318,0.035993,0.035993,0.465095,0.641331,0.035993
7,Pine,3.652414,2.639800,3.126186,3.443635,3.796330,3.457598,3.002481,2.854133,2.903477,2.088001,1.540159,0.816339,3.972419,4.062207,4.276418,3.005544,3.975571,3.634505,3.873269,3.162333,4.071040,3.615716,4.073501,3.338182,3.708955,4.029205,3.703790,3.427410,4.052570,3.871944,3.785724,3.690326,3.668580,3.596763,3.837691,3.546515,3.382945,3.157507,3.407142,3.216295,3.613294,3.393806,3.364971,3.361323,3.475735,3.722484,3.215489,3.776232,3.661388,3.206142,3.696659,3.085746,3.402880,3.233065,3.366323,3.308480,3.179412,3.160830,3.341592,2.786920,2.591796,2.756531,2.967481,3.018989,2.478770,2.793392,2.859253,2.276566,2.644712,1.721291,2.102945,2.572192,2.160176,1.591922,1.989661,1.536715,1.924854,1.960295,2.196239,2.340829,1.752747,2.384118,1.678166,2.626026,1.296263,1.847987,1.064606,0.493903,1.054733,1.366949,0.872808,0.538463,0.673796,1.426496,1.089297,0.630387,0.513381,0.036298,0.036298,0.462437,0.390382,0.036298,0.036298,0.588264,0.587144,0.465344,0.036298,0.480855
8,Pine,2.609533,3.646729,3.055598,2.653482,3.955627,3.687641,2.670138,3.036255,3.716530,0.136501,2.776005,2.748397,3.757803,4.088077,3.628371,3.020921,3.984107,3.375196,4.120942,3.030469,3.747176,3.885772,4.403570,3.860406,3.393752,3.677996,3.877469,4.080525,4.119987,3.647456,3.899215,3.666048,3.646242,3.474630,3.857610,3.532076,3.797472,2.994946,3.044962,3.290286,3.592362,3.388678,3.082927,3.413107,3.891157,3.324073,3.238594,3.679284,3.636746,3.222424,3.212933,3.309493,3.068429,3.119715,2.873590,3.194104,3.248716,2.719141,2.941421,2.442670,2.525363,2.538633,3.015847,2.664622,3.202068,2.023798,2.835853,2.911027,2.999193,2.847070,2.637248,2.623734,2.237615,2.132501,2.101523,2.166394,1.491838,2.152838,2.107123,2.155876,0.981374,1.687402,2.095524,2.455803,1.478344,0.899848,0.441486,0.485416,0.701717,1.422174,1.179127,1.394204,1.640926,1.938079,0.617049,1.351510,0.584292,0.035473,0.358573,0.551781,0.368430,0.035473,0.588601,0.035473,0.515074,0.548184,0.035473,0.460496
9,Pine,2.259994,2.953722,3.128276,3.486580,3.001152,3.260747,2.388716,2.960039,3.626744,3.237640,3.010461,2.306664,3.803316,4.111559,3.858292,3.347352,3.347864,3.803191,4.020609,3.600474,3.773105,3.702147,4.313400,3.996554,3.746310,3.590204,3.874725,3.780615,3.856392,3.471663,3.774762,3.809631,3.710245,3.321161,4.169303,3.751695,3.811018,2.996855,3.220752,3.048399,3.548879,3.487949,3.835203,3.497154,3.288382,3.547139,3.149484,3.438323,3.316671,3.201392,3.530776,3.097343,3.398281,3.160106,3.403620,3.243351,2.797944,2.794955,3.523927,2.527334,3.201043,2.888990,2.472967,2.784599,2.293652,1.423062,2.691297,2.955271,2.849194,2.876383,1.992194,2.683154,2.061943,2.176150,2.224966,2.104670,2.138149,1.987448,2.159237,1.212752,1.767280,2.329314,1.773163,2.111176,1.183881,0.860836,0.703558,1.123172,1.305949,0.047982,1.012500,1.294155,1.651140,1.521804,1.041394,1.350260,0.583962,0.504338,0.489326,0.478122,0.386606,0.035058,0.628767,0.035058,0.769807,0.619121,0.877467,0.577969
10,Pine,3.617597,4.097959,3.778293,3.290706,3.953993,3.309963,3.550752,1.646703,3.747205,3.352747,3.684478,0.127074,3.879617,3.690478,4.287173,3.397022,3.973382,3.878710,4.223562,3.242321,3.912637,3.598813,4.286529,3.734163,3.796945,3.555057,3.494348,3.534048,4.162452,3.675616,3.483691,3.793245,3.644686,3.070005,4.117748,3.848902,3.618544,2.992019,3.553670,3.397483,3.455650,2.748922,3.516404,3.287238,3.723476,3.399752,3.269092,3.814420,3.019480,3.203351,3.199389,3.231672,2.990843,3.203093,3.299872,3.185241,3.390976,2.986761,3.653192,2.611607,3.072275,2.722078,3.010362,2.882372,2.302187,2.569046,2.787725,2.533351,2.576244,2.845980,2.584313,2.350255,2.143117,1.942250,2.384530,1.807351,2.152138,1.958436,2.215355,2.559650,1.711355,1.885307,2.356084,2.241549,1.162758,0.597815,0.641702,1.180451,0.577168,1.815196,1.783175,0.543397,1.605070,1.597734,1.673542,1.434667,0.985342,0.731283,0.028759,0.587747,0.028759,0.028759,0.530493,0.484484,0.028759,0.488759,0.394599,0.689466
11,Pine,1.967488,2.711912,3.374189,3.504417,3.530719,3.353021,3.403595,0.131775,3.679172,2.278282,3.644921,0.131775,3.599235,4.092806,4.057639,3.261747,3.988686,3.825505,3.563961,3.644865,4.275388,3.732754,4.305809,3.824127,3.646787,3.726574,3.892953,3.596364,3.649772,3.988998,3.874892,3.841409,3.587731,3.294603,4.115033,3.491903,3.844637,2.983372,3.701635,3.282323,3.184731,3.396008,3.043538,3.035425,3.520982,3.673631,3.327186,3.772195,3.469738,3.020121,3.097237,2.826185,3.399156,2.490509,2.910629,2.929210,3.349575,2.866352,3.556723,2.496483,2.598008,2.549276,2.895730,2.883139,2.817338,2.599449,2.714154,2.880135,2.077082,2.511900,1.894301,2.186442,2.165146,1.875525,2.133759,2.303039,1.194890,2.108038,2.135103,1.872362,1.843962,2.299414,1.998235,2.204795,0.651614,0.867521,0.565318,1.004096,0.517147,1.584317,1.908746,1.737717,0.903134,1.815370,1.786086,1.143007,0.158493,0.446731,0.035707,0.534356,0.346822,0.505636,0.035707,0.627084,0.489868,0.035707,0.035707,0.504719
12,Pine,2.855565,3.148055,2.317430,3.574548,3.591494,3.063858,3.401498,2.703258,2.975433,3.715394,3.507592,3.650282,3.456171,4.065332,3.706278,3.530366,4.153422,4.007289,4.338115,3.711456,3.924686,3.714030,3.932697,3.835628,3.566059,3.888967,3.711160,3.577748,4.193099,3.761273,2.861000,3.774766,3.767046,3.566347,4.104510,3.848334,3.423088,3.095933,3.480578,3.353608,3.498362,3.357355,3.642945,2.993614,3.805605,3.138991,3.364362,3.657081,3.038079,2.460063,3.602173,3.234787,2.939630,3.216070,3.079203,3.118443,3.048837,2.568723,2.931650,2.496093,3.164732,2.972690,2.788345,2.223127,2.532416,2.599724,2.572948,2.068926,2.387775,3.063445,2.590269,2.675303,2.262588,1.988151,2.731179,2.585903,2.222551,1.538393,1.452846,2.248811,1.758913,1.509600,1.673248,2.454741,0.899111,1.731124,1.128073,1.287601,1.258154,0.996692,1.059398,0.709393,0.800202,1.135426,1.339023,1.384686,0.480145,0.035998,0.625087,0.035998,0.197415,0.035998,0.757583,0.545061,0.548714,0.035998,0.505797,0.518092
13,Pine,0.138143,3.816560,1.688451,1.672850,3.049401,3.816537,1.789501,1.688666,3.057333,3.283358,2.812328,3.148020,4.362425,3.972443,4.147630,4.097287,4.070999,3.942711,4.086614,2.709248,3.559062,3.500979,4.320426,3.470948,3.595320,3.920461,3.264068,4.072262,4.212495,3.922456,3.622523,3.655176,3.723978,2.952890,4.136628,3.513300,3.361179,3.159756,3.640496,3.364770,3.486073,3.415393,3.535431,2.962108,3.823212,3.504064,3.264135,3.756189,3.570138,3.272471,3.542627,3.009306,3.233677,3.046701,3.428701,3.211377,3.199634,2.896570,3.202765,2.338496,2.881582,2.767039,2.582569,2.825528,3.202871,1.668912,2.814501,2.878413,2.405625,2.906127,2.268537,2.763236,2.011214,2.175514,2.691237,1.698259,1.882161,2.008249,1.690029,1.795183,1.596267,2.364041,2.545245,1.897138,1.467445,1.832254,0.909037,0.723363,1.399231,1.109990,1.654476,1.360075,0.809996,0.905149,1.740564,1.350228,0.547652,0.028390,0.028390,0.028390,0.196202,0.028390,0.028390,0.510961,0.028390,0.028390,0.028390,0.365153
14,Pine,4.221512,1.355289,2.517145,3.541409,3.440784,0.131281,2.574692,3.080321,3.495943,3.427806,3.453443,3.752013,4.414916,3.995315,4.335452,3.622755,3.887321,3.636073,3.904614,3.027437,4.284394,3.754350,4.063613,3.739590,3.505869,4.069592,3.568285,4.130414,3.410339,3.490172,3.810552,3.901873,3.819448,3.543266,3.990672,3.865253,3.632214,2.991518,3.480721,3.440301,3.523286,3.269352,3.633144,3.129729,3.230320,3.307990,3.008920,3.552969,2.985029,3.167194,3.679052,3.351210,3.382248,2.957077,3.115520,2.809113,3.438194,3.050647,3.332865,2.628926,2.744814,2.902491,2.654779,2.619826,2.821943,2.572493,2.762364,3.045181,2.643117,2.894957,2.345448,2.561502,1.647878,1.350928,1.884824,2.343833,1.804265,1.122439,1.552939,2.461565,1.766281,2.329797,1.234601,2.126170,0.909859,1.209274,1.051956,1.447727,1.510360,1.392671,1.354236,0.554605,1.267321,1.438494,1.360929,0.893865,0.037134,0.037134,0.037134,0.625783,0.037134,0.037134,0.587321,0.535201,0.037134,0.037134,0.680639,0.551299
15,Pine,2.485068,4.085219,1.283893,2.303478,2.823434,3.612765,2.851068,1.239548,4.027680,3.537435,3.426223,1.074253,4.027578,3.619033,4.044012,3.296270,3.955485,3.883345,4.175448,3.027206,3.933974,3.743167,4.147244,3.872048,3.408556,3.741151,3.882692,3.850980,4.232161,4.005112,3.766461,3.420570,3.744936,3.526839,3.792055,3.861051,3.982358,3.367085,3.918911,3.279703,2.974978,2.869163,3.858262,3.657737,3.564140,3.586308,3.710289,3.982253,3.070725,2.717154,3.117617,2.714302,2.965361,3.226435,3.256777,3.250881,3.088442,2.813374,3.000571,2.596074,2.674739,2.775167,2.549325,2.786777,2.475818,2.621694,2.666356,2.914285,2.535367,2.349036,2.399223,2.506589,1.714776,2.216555,2.246917,1.813860,2.283914,1.949594,2.381717,2.681534,1.736102,1.707634,2.534979,2.591544,1.340759,1.574749,0.885310,0.549851,1.328285,1.445781,1.454601,0.736188,1.181456,0.687524,1.701869,1.297417,0.035800,0.403783,0.573002,0.035800,0.035800,0.500205,0.543800,0.035800,0.035800,0.588511,0.628243,0.639499
16,Pine,3.678006,3.717902,0.147277,3.078866,3.910226,3.571649,3.182075,2.246225,3.853975,3.571449,3.662409,3.473487,4.264868,4.070270,4.150440,3.244315,4.003795,3.919468,4.178071,3.114370,4.126309,3.397863,3.878436,3.764470,3.664221,3.901621,3.890963,3.518546,3.929774,3.689351,3.888254,3.471883,3.684914,3.585238,4.161833,3.882671,3.893933,3.002444,3.757918,3.117969,3.538527,3.543176,3.606168,3.209314,3.435368,3.647680,3.208012,3.367795,3.057991,3.125282,3.575137,3.222631,2.784016,3.155270,3.081059,3.185826,2.926899,3.004936,3.545956,2.671003,3.018071,2.718334,2.454001,2.601843,3.006428,2.737153,2.533925,2.738400,2.924718,2.893528,2.524114,2.586002,1.813195,1.782198,2.535516,2.314035,2.346343,1.504238,1.575180,2.117268,1.805958,1.628762,1.700125,2.235368,0.777169,1.349367,1.153553,0.506483,1.585845,1.896597,1.999310,1.057093,1.045743,1.580127,1.908445,0.969683,0.626123,0.035994,0.035994,0.534360,0.365255,1.076282,0.566562,0.035994,0.483340,0.549674,0.035994,0.035994
17,Pine,3.029476,3.040058,3.213273,3.423711,3.243727,3.191555,2.795116,2.260660,3.639402,3.601589,3.810476,2.553393,4.276101,3.958254,3.676097,3.369389,4.091420,3.784170,4.315677,3.762842,4.061533,3.735459,4.014218,3.901777,3.153284,3.742087,3.836582,4.041678,4.177857,4.023303,3.702086,3.555857,3.582235,3.677001,3.858643,3.411434,3.534893,3.056359,3.416960,3.321538,1.715481,3.555570,3.520156,3.222133,3.541320,3.399258,3.196649,3.668264,3.766825,3.258838,3.645492,3.188357,3.333718,2.992540,3.060680,3.261664,3.509210,2.637950,3.037216,2.071502,3.217550,2.649832,3.022382,2.869454,2.683505,2.768934,2.804626,2.588408,2.186948,2.703519,2.505147,1.770516,1.861914,2.217997,1.753767,2.470952,2.120759,1.070098,2.224005,1.633290,1.707300,1.500778,1.811694,1.822550,0.824420,1.198921,1.287374,1.300476,1.116168,0.660502,0.882170,1.147894,1.305958,1.042341,0.587220,1.237252,0.584577,0.959175,0.036122,0.519941,0.036122,0.495544,0.036122,0.491807,0.532125,0.584759,0.036122,0.581345
18,Pine,4.108706,0.142728,2.838802,3.255442,3.900554,3.298835,2.687146,2.747631,4.107611,3.581178,3.267748,2.150236,4.298039,3.978525,4.033283,3.258750,4.091794,3.679925,4.219373,3.119964,4.419357,3.706682,4.073222,3.713772,3.665249,3.976833,3.599972,3.977482,3.616536,3.893149,3.666050,3.843864,3.198828,3.547507,3.800813,3.596126,3.874209,3.028737,3.416108,3.195081,3.553842,3.535394,2.995941,3.050842,3.198737,2.975725,3.289650,3.889046,3.315654,3.282786,2.967708,2.973997,2.910391,3.165858,2.851639,2.625098,3.297172,3.013617,3.601210,2.666990,3.101327,2.814320,3.036939,2.751591,2.505836,2.100053,2.770344,3.066444,2.769477,2.681428,2.257724,2.554294,1.776170,2.145437,2.274470,2.263215,1.990037,1.070744,1.736232,1.319948,1.371672,2.138012,2.328441,1.706745,1.564903,1.779560,0.804110,0.514572,0.855200,0.985082,2.013723,1.267912,0.910610,0.916300,0.523461,1.330932,0.824708,0.640937,0.420145,0.745935,0.028503,0.028503,0.028503,0.553088,0.028503,0.028503,0.028503,0.647690
19,Pine,2.466607,0.145946,0.145946,2.716195,3.224210,2.655855,3.240334,1.528422,3.427141,3.514500,3.665019,2.909746,3.971907,4.032912,4.292835,3.603068,3.947608,3.870127,3.989208,3.073027,4.116342,3.669895,4.264567,3.630287,3.645360,3.775453,2.991730,3.641588,4.221638,4.149811,3.804433,3.259771,4.009982,3.629159,3.786177,3.607942,3.802232,2.845446,3.341590,3.320069,3.551598,2.794629,3.585309,3.428288,3.502741,3.363666,3.432216,3.134154,3.108450,2.932997,3.589571,2.928821,2.739800,3.193885,3.196795,3.268332,3.044644,3.035441,3.593030,2.462627,2.944603,2.808853,1.667871,2.258837,2.928968,2.782686,2.141166,2.812533,2.839458,2.258710,2.536334,2.701017,2.135000,1.880692,2.452856,2.198206,2.222814,1.687442,1.453624,2.523411,2.323715,2.330419,2.611856,2.113299,1.465107,1.444403,0.517158,0.913050,1.423608,0.943661,0.953043,0.800324,1.341174,1.188173,0.954281,1.371105,0.036721,0.544807,0.036721,0.554472,0.283270,0.036721,0.036721,0.499000,0.500948,0.036721,0.506686,0.618740
20,Pine,2.910506,2.432640,3.935795,3.364012,3.165158,3.128959,3.258594,0.108100,2.758200,3.583027,3.815829,0.108100,3.926305,4.030664,4.071494,3.866470,3.917437,3.738837,4.075744,3.321174,4.201262,3.997235,3.957479,3.844227,3.020618,4.001835,3.811054,3.662364,4.059686,4.071763,3.803019,3.805677,3.626925,3.561287,3.876737,3.927524,3.646988,3.001153,3.665644,3.269153,3.674524,3.504603,3.673781,3.272774,3.823098,3.617425,3.401982,4.013374,3.496219,3.263082,3.418692,2.605858,3.164087,3.157002,3.450594,3.174058,2.996781,2.860653,3.616098,2.688925,3.113293,2.561567,3.014778,2.934050,3.044296,2.487691,2.598898,3.007984,2.493307,2.463997,2.515045,2.713370,2.228072,1.786413,2.065500,2.008095,1.757544,2.010132,2.134847,2.280091,1.993870,1.617795,2.419538,2.462770,0.694603,1.407657,1.213188,0.990379,0.835970,1.474129,1.505228,1.121275,0.965459,0.523108,0.790495,0.534389,0.027673,0.288800,0.472290,0.185775,0.027673,0.027673,0.588231,0.027673,0.027673,0.027673,0.542925,0.027673
21,Pine,3.576296,3.184663,2.723827,2.548004,2.512757,3.781287,3.456822,0.139595,3.520730,3.168079,3.204047,0.139595,3.714818,4.048617,4.251807,2.821548,2.933446,3.791608,4.318011,3.032497,3.801200,3.641406,4.412810,3.882336,3.432758,3.830617,3.734494,3.549963,4.150777,4.008742,3.853122,3.427411,3.648654,3.491828,4.023423,4.004160,3.163453,3.000408,3.720782,3.581525,3.489223,3.533323,3.841242,3.416411,3.858104,3.075728,3.469336,3.637496,3.500508,2.802146,3.166396,2.738125,3.508976,2.952431,3.404450,3.087887,2.690109,2.978007,3.521683,3.373290,2.783863,2.643748,2.993623,2.617968,2.532124,2.282424,2.796164,2.594200,2.339190,2.919066,2.281910,2.428365,2.138792,2.094901,1.930580,2.274566,1.854524,1.842643,1.873381,2.272104,2.050320,1.994242,2.121018,2.226973,1.197453,0.549141,0.530263,1.454270,0.696305,0.586953,0.994542,1.208988,1.339695,1.116390,1.662490,1.592045,0.547297,0.035494,0.505377,0.508780,0.435559,0.035494,0.580797,0.369726,0.474923,0.035494,0.612210,0.363283
22,Pine,2.174045,3.383496,4.101601,2.551594,0.140253,3.163220,4.099041,2.744406,3.702858,3.585998,3.457404,0.140253,4.001937,4.048070,4.347297,3.364159,4.010926,3.620290,4.267052,2.825935,4.097148,3.702617,4.379038,3.908221,3.608724,3.892186,3.813394,3.985315,3.846169,4.073815,3.821229,3.098563,3.767903,3.547588,3.852773,3.683891,3.774829,3.603375,3.780117,3.253566,3.663620,1.624925,3.838662,3.528812,3.615165,3.688444,3.342839,3.868760,3.140208,3.309936,2.743649,3.232640,3.557708,3.174294,2.931173,2.826328,2.889785,3.011865,3.033534,2.677409,2.139822,2.074765,2.416660,2.594106,3.171706,2.702310,2.655078,2.787911,2.792131,2.651842,2.567369,2.629932,2.192947,2.009559,2.614865,2.441183,2.005279,1.763919,2.155278,1.486577,1.777582,2.120044,2.638287,1.633099,1.316108,0.547727,1.185542,1.056666,0.907378,1.267766,1.979800,1.203048,1.306038,0.782474,1.762187,1.324510,0.027893,0.027893,0.027893,0.451703,0.336701,0.325947,0.451244,0.241726,0.669272,0.027893,0.027893,0.374355
23,Pine,0.127662,3.358832,3.791792,3.453914,3.746444,3.417065,2.626128,2.758757,3.709277,3.681131,3.380505,2.757182,4.030152,3.951119,4.359275,3.341247,3.442390,3.795094,3.779367,3.110627,4.140283,3.667483,4.464879,3.837323,3.671118,4.017236,3.837276,3.708606,3.914417,3.836752,3.732932,3.332523,3.773683,3.615496,3.558771,3.832606,3.520632,3.048144,3.204959,3.348018,3.256953,3.213731,3.490820,3.444064,3.841254,2.999734,3.191545,4.002779,3.669044,3.304666,3.498534,2.810302,3.079226,3.205078,3.319821,3.173224,3.416453,3.052540,3.158645,2.513929,2.739972,2.754446,3.014343,2.818412,2.827743,2.616751,2.784171,2.885259,3.005201,2.949785,2.491739,2.586673,2.327966,1.929059,2.386220,2.174647,1.968786,2.213736,2.356440,2.238715,1.778677,2.116338,2.646379,2.167075,1.418845,1.396600,0.520760,0.860010,1.588774,0.999744,1.026893,1.130115,0.491762,0.552640,0.948403,1.622617,0.622416,0.580900,0.036598,0.624460,0.327141,0.736018,0.526603,0.036598,0.376213,0.545249,0.036598,0.589013
24,Pine,4.000147,3.512422,2.503020,2.756338,0.137417,3.669534,3.441625,3.102526,3.717910,3.009990,3.536238,2.079720,3.736161,3.935019,4.102925,3.289147,3.960612,3.372702,3.772171,2.502732,3.752296,3.642289,4.109841,3.760416,3.705634,3.860122,3.763358,3.939055,4.098704,3.403885,3.822392,3.621720,3.267856,3.452411,3.847738,3.720272,3.769685,3.720369,3.594844,3.314003,3.149147,3.638188,3.267021,3.320399,3.837344,3.647225,3.153489,3.968126,3.404902,3.292634,3.634588,3.296615,2.560342,2.919656,3.283225,3.211016,2.307547,2.896603,2.977331,2.347359,3.087847,2.807361,2.829305,2.161473,2.484603,2.430235,2.407467,2.615257,2.534765,2.856009,2.563622,2.554942,2.027756,2.207427,2.282575,2.415844,1.517043,2.184774,2.275959,2.018924,1.172216,2.291457,2.553813,2.793472,1.507797,1.162065,1.472682,1.505880,1.570444,1.247236,1.211650,1.394656,1.407726,1.722304,1.228112,0.948459,0.552356,0.037783,0.542211,0.496468,0.362747,0.037783,0.037783,0.534981,0.579691,0.511976,0.585925,0.452840
25,Pine,3.588014,3.398269,3.146454,3.507536,3.363545,3.632409,3.822146,2.874671,3.706823,0.138659,3.483143,3.687377,3.950919,3.623427,4.347654,3.342790,3.826307,3.884035,4.255452,3.040141,4.047610,3.892893,4.357238,3.799248,3.684815,3.292284,3.801315,4.074814,4.086901,3.758773,3.801800,3.827696,3.559628,3.568571,3.642507,3.900340,3.752234,2.935766,2.906175,3.293298,3.419952,3.416112,3.394518,3.017295,3.919609,3.476090,2.671847,3.509903,3.712746,2.825037,3.634788,3.219689,2.869888,2.637751,3.000719,3.317460,3.198142,2.822320,3.249644,2.626271,3.125358,2.717911,1.937231,2.551683,2.679565,2.690046,2.662509,2.982326,2.537981,2.920576,2.230253,2.644590,1.813317,2.040776,2.321613,1.861081,1.954781,1.570500,1.940527,1.634983,1.766021,2.019192,2.035585,2.183320,1.162377,0.581268,1.235932,1.179074,1.332613,1.244400,1.256235,1.331110,1.407976,1.876953,1.484715,1.659786,0.166336,0.534950,0.824371,0.933741,0.037496,0.507930,1.017587,0.492033,0.037496,0.584257,0.536934,0.624969
26,Pine,2.105557,3.392540,0.140265,3.506750,0.140265,3.739510,3.486060,2.500297,3.365644,3.361321,3.955321,3.628794,3.994761,3.742025,3.865999,3.674288,4.021254,3.792279,4.245823,3.133723,4.302346,3.708279,4.400650,3.833458,3.619819,3.905483,3.838362,3.568128,3.730935,3.968464,3.720116,3.802503,3.602937,3.645331,3.756265,3.670982,3.822047,3.092617,3.296868,3.248069,3.244058,3.550436,3.441142,3.216671,3.699540,3.437236,2.560400,4.041883,3.721553,3.272560,3.109825,3.243217,3.388894,3.231605,2.965100,3.251113,3.122116,2.641665,3.072203,2.599729,2.482365,2.512719,2.980927,2.457907,2.514933,2.419260,2.727276,2.317910,2.868953,2.254874,2.542471,2.563251,2.168653,2.197768,2.044209,2.446595,2.117579,1.776663,1.614603,2.384364,2.084193,2.459768,1.058075,2.396344,0.484585,0.941442,0.999992,0.872549,1.614553,1.703583,1.974972,1.082311,1.359996,1.796263,0.965159,0.693954,0.493903,0.466766,0.609482,0.622386,0.376418,0.036987,0.589680,0.580045,0.036987,0.681802,0.546537,0.514308
27,Pine,2.834619,3.458205,3.213154,0.141498,3.363449,2.963350,3.932936,0.141498,2.964173,2.890696,4.181711,0.141498,4.240973,4.010193,4.224231,3.884041,4.113358,3.784281,4.168386,3.521895,4.210661,3.394418,4.468233,3.845165,3.613222,3.284308,3.808661,3.827255,3.445458,3.541083,3.288947,3.851624,3.921629,3.481503,3.549610,4.031631,3.824683,3.000210,3.331764,2.510249,3.564476,3.602660,3.888531,2.229554,3.665316,3.413537,3.188913,3.345432,3.270674,2.583126,3.597257,2.921921,3.185814,2.624304,3.363429,3.462461,3.369799,2.731241,2.997468,2.926951,2.917019,2.250268,2.796706,2.249689,2.558854,2.491257,2.213491,2.171322,2.888663,2.897986,2.622635,2.318851,2.204548,2.236076,2.136151,2.138652,1.898467,2.088496,2.163686,2.047480,1.747373,1.744467,1.984573,2.117539,1.198420,1.004467,1.099787,1.422312,1.672040,1.567929,1.558607,1.279178,0.480247,1.839958,1.422368,1.602468,0.028325,0.028325,0.518501,0.028325,0.028325,1.020289,0.800644,0.028325,0.028325,0.028325,0.549007,0.028325
28,Pine,4.089776,3.749919,3.914305,3.383630,3.475958,3.146771,4.220591,0.135501,3.618069,3.281269,3.775552,3.695958,3.717881,4.094895,4.337248,3.788608,3.946176,3.965723,4.267118,1.850820,3.762696,3.112891,4.485494,3.784027,3.659380,3.739454,3.830564,4.049020,3.955796,4.048419,3.644209,3.718775,3.464538,3.558308,3.882339,3.608675,3.619766,2.983381,3.328779,3.292181,3.356631,3.023105,3.836262,3.453598,3.569249,3.733387,3.258994,3.945585,3.604810,3.310652,3.191223,3.169335,3.324922,2.711045,2.938342,2.955023,2.882074,2.584436,3.007591,2.066797,2.832754,2.586950,2.253457,2.967478,3.323791,2.767766,2.661926,1.755182,2.817949,2.739013,2.186264,2.607435,1.996447,2.064589,2.513443,2.462195,1.513152,1.062504,2.074552,2.584506,1.614193,2.127758,2.476715,1.936836,1.482984,1.123544,0.728529,0.882411,1.351387,0.901344,0.805034,1.479384,1.593606,0.978918,1.534772,1.598399,0.035717,0.035717,0.398982,0.622697,0.375358,0.035717,0.035717,0.535476,0.035717,0.035717,0.035717,0.537435
29,Pine,3.604704,3.491741,3.275602,3.514061,2.990663,2.924194,1.909548,3.025202,3.726707,3.065514,3.508839,3.712356,4.054458,3.868782,4.263456,3.338528,3.594761,3.872257,4.324244,3.036102,3.926732,3.612820,4.124612,3.866017,3.660149,4.024623,3.842113,3.564214,3.963601,4.044816,3.701528,3.712513,3.567253,2.960827,3.948151,3.685151,3.774143,2.951619,3.388558,3.372473,3.607731,3.379697,3.342660,3.356888,3.639875,3.306101,3.275694,3.463444,3.675679,2.956699,3.038329,3.258225,2.974748,2.665640,3.449594,3.143752,3.245979,2.675422,3.552492,3.569571,2.971601,2.279574,3.016986,2.609947,2.719792,2.589043,2.842122,1.681457,2.208628,2.260575,2.606446,2.471508,2.102901,2.531694,2.505512,1.148731,1.989587,2.161101,1.784596,1.857554,1.712917,1.731154,1.933537,2.255375,0.984360,1.687298,1.448425,1.048799,1.438801,1.254862,1.075158,0.896909,1.330814,1.524796,0.792077,1.414126,0.028007,0.525365,0.028007,0.028007,0.028007,0.590196,0.028007,0.028007,0.028007,0.463050,0.028007,0.465025
30,Pine,2.751155,4.044668,3.857755,1.951260,2.754309,2.624538,3.615892,3.045470,2.599551,2.445696,2.850941,3.308198,4.295402,4.062681,4.252947,3.300572,3.972426,3.919286,4.226519,3.042632,4.260091,3.707230,4.104885,3.827585,3.644192,3.917856,3.646523,3.502943,3.582150,4.131291,3.372593,3.658135,3.868150,3.586196,3.984956,3.791209,3.104487,3.239389,3.510254,2.693501,3.511132,3.516394,3.816291,2.884721,3.535491,3.617085,3.331717,3.747562,3.196091,3.160461,3.563648,3.609766,3.375789,3.217220,3.014633,2.939541,2.985687,3.073902,2.712554,2.588099,3.118363,2.594413,2.628509,0.564440,3.079650,2.286235,2.200477,2.635997,2.916176,2.393503,2.277662,2.107257,2.246586,2.265746,1.871202,1.510689,2.201000,2.237381,2.118706,1.844889,1.770824,2.033896,2.327386,1.222702,0.509259,0.578265,0.541716,0.612377,1.012325,1.595757,1.420538,1.272215,0.830359,0.899199,1.317499,1.010677,0.552195,0.035519,0.035519,0.584987,0.035519,0.851221,0.776133,0.615001,0.035519,0.035519,0.482070,0.527475
31,Pine,2.746885,3.276948,0.135719,3.490503,3.682910,3.567233,2.502025,0.135719,3.551317,3.582795,2.866771,3.019467,4.344181,3.769416,3.900916,3.722652,4.041097,3.804948,4.272220,3.023172,3.887754,3.551899,4.265426,3.828956,2.952526,3.984462,3.671424,4.009363,3.795582,3.709163,3.767438,3.316068,3.562439,3.571587,3.869227,3.809968,3.429429,2.962728,3.836248,3.326117,3.403165,3.581438,3.456453,3.345780,3.433704,3.408419,3.257554,3.885985,3.308286,3.314309,2.975150,3.285804,3.405022,3.124901,2.309175,3.152785,2.693452,2.851916,2.920445,2.565795,2.765552,2.099927,3.000473,3.005572,2.554722,2.635874,2.422853,2.727522,2.905742,2.486058,2.606107,2.266046,2.240523,1.799399,2.672966,2.164943,2.044951,2.155529,2.259136,2.342879,1.770089,1.451423,2.275724,2.023152,1.122828,1.382365,1.124704,0.976822,0.551013,0.661515,1.430492,1.296635,1.123061,1.192905,0.998863,0.812157,0.036232,0.623420,0.487486,0.036232,0.036232,0.588847,0.036232,0.036232,0.509014,0.517274,0.426118,0.036232
32,Pine,4.355217,2.041753,3.188585,3.258132,1.846969,0.140830,0.140830,2.936508,4.293720,3.039782,3.951322,3.099960,4.052258,4.084129,4.334955,3.257456,3.667228,3.752097,4.314610,3.094901,4.352794,3.536353,4.070653,3.853535,3.670534,3.800681,3.781832,3.755979,3.734035,3.627620,3.716673,3.838273,3.718564,3.580915,4.169596,3.765053,3.690153,2.998022,3.884108,3.338006,3.515169,3.551754,3.213775,2.676574,3.624951,3.340790,3.246839,3.220083,3.036572,3.175171,2.943212,3.245863,2.904239,3.169606,3.159071,3.001621,2.582500,2.456294,3.523210,2.337010,2.726774,2.745517,3.064832,2.776308,3.170968,2.146211,1.996660,2.811430,2.559431,2.792583,2.116509,2.665859,1.748223,2.145122,2.437156,2.468382,1.925259,2.159852,1.724972,1.595435,1.692071,2.204604,1.648593,2.346886,1.449670,1.595010,0.511573,0.723772,1.289474,1.066382,1.376353,1.083989,1.575546,1.291492,1.826219,1.197705,0.507474,0.463173,0.035198,0.035198,0.383815,0.390173,0.527607,0.035198,0.612228,0.770170,0.861112,0.376871
33,Pine,0.132993,4.088364,2.902817,0.759635,3.732615,3.665992,3.472492,0.132993,3.825730,3.535787,2.144151,2.632873,3.818064,4.067388,3.839720,3.379412,4.057446,3.975161,3.515135,3.290122,4.008286,3.707534,4.325254,3.780385,2.650443,4.006664,3.880462,3.905275,3.457084,3.566239,3.746132,3.476682,3.875492,3.956124,4.111768,3.895670,3.436811,3.027208,3.429795,3.408959,3.534014,3.451176,3.298177,3.445498,3.402494,3.655206,3.303312,3.709703,3.397817,3.284815,3.339822,3.194257,1.889410,2.134157,3.038927,2.997450,3.430966,2.500394,2.633071,2.651119,2.803338,2.571651,2.537467,2.899559,2.807554,2.515131,2.790144,2.644078,2.567032,2.921877,2.660059,2.798626,2.085282,2.146386,2.760844,2.373030,1.765388,1.972866,2.040746,2.496619,1.155020,1.864495,2.537137,2.687009,0.770588,0.927671,0.992553,1.033009,1.263079,1.589950,1.843542,1.197602,1.215863,1.352042,0.964153,0.606834,0.037173,0.618704,0.589321,0.037173,0.037173,0.588711,0.542357,0.037173,0.037173,0.536757,0.585163,0.620246
34,Pine,2.521938,3.462371,3.211652,3.489392,2.781604,3.206783,1.781148,3.020201,3.751499,0.146460,2.843820,3.591188,4.360043,4.214453,3.983733,3.968602,4.036534,3.807658,4.251150,2.959429,4.176794,3.970329,4.389131,3.346037,3.779796,3.820950,3.643804,4.120290,3.819486,3.281443,3.539553,3.826253,3.610408,2.836597,3.886114,3.884292,3.521616,2.934284,3.417217,3.383725,3.573605,3.235348,3.593034,3.389629,3.875618,3.180427,3.303337,3.880316,3.039939,3.001108,3.592442,2.967975,3.421677,2.834753,3.230522,2.788720,3.201185,3.048820,3.436476,2.579198,3.067217,2.335207,3.009011,2.595529,2.764173,2.346967,2.880592,2.930516,2.757101,2.177131,2.548662,2.595180,2.264319,1.785390,2.061354,1.863851,1.526293,1.856988,0.831135,2.503642,1.763759,2.130424,2.411234,1.420639,1.300074,0.702067,0.991177,0.765805,0.492872,0.514879,0.904353,1.287148,0.663851,0.861195,0.511045,1.389369,0.465690,0.035481,0.035481,0.589404,0.035481,0.526716,0.035481,0.618094,0.387881,0.579520,0.035481,0.521383
35,Pine,3.700232,3.986826,2.559627,3.188155,3.444958,2.956839,3.683697,3.117894,3.637593,3.531279,3.646190,0.141533,3.936870,4.148138,4.315906,3.691334,3.981247,3.883802,4.204900,3.423097,3.444033,3.671473,3.968133,3.557750,3.589681,3.883445,3.446236,4.062519,4.230693,3.983113,3.659631,3.461243,3.658885,3.501637,3.891061,3.909996,3.561908,3.111994,3.566329,3.373131,2.671805,3.365811,3.574466,3.414344,3.824859,3.492395,3.212589,3.884412,3.116209,3.268073,3.557381,3.249813,3.435984,2.967843,3.130197,3.335275,3.235953,2.580921,2.484297,2.514557,3.132443,2.649905,2.161077,2.945234,2.958053,2.795758,2.451001,2.553798,2.993493,3.057235,2.538391,2.636048,2.104365,2.216330,2.103695,2.221594,1.791957,1.690060,2.162674,2.107949,1.731678,2.016401,1.992056,1.921024,1.061618,0.462913,1.231794,1.405625,1.545930,1.687776,1.328334,1.325581,1.449443,1.415691,1.613178,1.556290,0.028888,0.028888,0.028888,0.583863,0.028888,0.849250,0.503149,0.452362,0.028888,0.028888,0.028888,0.521313
36,Pine,3.379852,4.084543,3.061578,3.169289,3.962338,3.751568,0.146555,1.660716,3.458495,3.324789,2.774594,1.828117,3.849550,4.090129,4.085197,3.301341,4.000323,3.487545,3.992682,3.807601,4.120091,3.496591,4.327704,4.142786,3.541595,4.003881,3.631990,3.786204,4.213693,4.020292,3.697416,3.610079,3.560047,3.570257,3.506217,3.437485,3.830453,2.797051,3.457648,3.458628,3.163644,3.433099,1.049929,3.236094,3.323094,3.613888,3.508449,3.930725,2.914908,3.346080,3.520592,3.053790,3.079127,3.222693,3.447377,3.189247,3.366075,3.040200,3.414343,2.533017,2.463401,2.885411,2.998236,3.003879,3.018570,2.758554,2.695917,2.852061,2.991680,2.624612,2.009541,2.283199,2.101545,1.654778,2.347980,1.424183,1.761814,1.941272,2.167929,2.527341,1.692316,1.973105,2.287605,2.004555,0.694830,1.148326,1.062866,0.866533,0.535091,1.126936,1.857596,1.302303,1.159513,1.792990,1.412037,1.367329,0.036988,0.036988,0.625753,0.583666,0.453129,0.535599,0.574363,0.153530,0.421083,0.515248,0.559901,0.508000
37,Pine,2.849133,3.621628,3.198799,3.344111,3.542587,3.126139,3.903339,2.764063,3.421571,2.926279,2.824831,3.752550,4.000047,4.129349,3.893187,3.372194,3.463228,3.883917,4.127485,2.903961,4.118078,3.594500,3.900480,3.825016,3.634572,4.083562,3.856634,3.481501,4.006901,3.282620,3.895818,3.270263,3.688951,3.989810,4.144973,3.351524,3.847252,3.002801,3.378358,3.353294,3.382628,2.575308,3.050598,3.421219,3.842785,3.621392,3.030028,3.927269,2.404582,2.884362,3.585920,3.060389,3.313160,3.028704,3.367399,3.286803,3.317650,2.462052,3.164909,2.523977,3.080292,2.337312,2.664982,3.006339,3.044941,2.572350,1.430622,2.696153,2.897031,2.551675,2.589278,2.652901,2.319287,1.987554,2.305836,2.502299,1.225272,1.930110,2.027418,1.740512,0.445873,1.683210,2.172851,2.513179,0.871707,0.846057,1.212713,0.898821,1.026287,1.846520,1.612539,1.045612,0.927308,0.527853,1.478849,1.549276,0.762234,0.619540,0.830454,0.625886,0.037590,0.521454,0.472794,0.581510,0.037590,0.545454,0.258426,0.587585
38,Pine,0.143498,3.004785,3.799865,2.956247,4.018104,2.871885,4.267575,2.665837,3.819063,3.423877,4.015429,1.572001,4.148060,4.193408,4.315870,3.532727,4.123423,3.865103,3.871675,2.993925,4.306953,3.617076,4.344157,3.881941,3.619449,3.864163,3.809407,3.437700,4.081925,3.948643,3.605401,3.700198,3.790387,3.512623,3.800380,3.600652,3.441339,2.998905,3.862028,3.375358,3.303398,3.552165,3.809959,3.262039,3.505095,3.326945,3.570419,3.733807,3.700705,2.718923,3.552038,2.961325,3.311719,3.096033,3.225411,3.106639,3.129144,3.133271,3.546211,3.140022,2.949468,2.794432,2.921849,2.906972,2.963927,2.731520,2.347625,2.760436,2.158649,2.494124,2.399299,2.660187,1.783771,2.213862,2.262629,2.327764,2.236944,1.968764,2.236785,1.117991,1.677096,2.410330,2.051711,1.995523,1.283921,1.061933,1.121220,1.425886,1.145161,0.582729,1.459820,1.137802,0.571733,1.163897,1.553746,1.599546,0.027945,0.520542,0.027945,0.027945,0.027945,0.027945,0.465706,0.671655,0.711421,0.027945,0.582022,0.027945
39,Pine,4.089919,3.583429,2.572074,3.099020,3.242759,2.010661,1.597412,2.688620,3.631636,3.683329,4.069488,2.254486,3.773455,3.762447,3.884917,3.403949,4.165747,3.828421,4.236849,4.117938,4.278306,3.770840,4.263877,3.873878,2.281975,4.081123,3.890580,3.416438,4.236491,4.002858,3.903631,3.736599,3.464616,3.575172,4.027342,3.428146,3.482209,3.005388,3.549786,3.360635,3.432657,3.467286,3.365470,3.399648,3.516274,3.044858,3.385474,3.715977,3.590785,3.339627,3.492460,3.275798,3.134288,3.258809,3.177221,2.861216,3.419264,2.999813,3.675102,2.473768,2.482012,2.842427,2.613120,2.819663,2.681217,2.568527,2.439564,2.237983,2.971246,2.881771,1.950614,2.602419,2.175838,2.166487,2.034995,2.132689,1.802083,1.291931,2.092291,1.619163,1.693622,1.465048,1.191933,2.573057,0.721311,0.870339,1.248069,0.636782,1.220991,1.395621,0.997158,1.101224,0.742208,0.835450,1.334095,0.908801,0.028746,0.499945,0.207701,0.028746,0.214980,0.413934,0.420992,0.028746,0.028746,0.651020,0.028746,0.028746
40,Pine,2.033503,1.877406,2.248648,2.987315,3.457464,3.616812,3.249850,0.139806,3.397660,3.363611,0.139806,3.641592,4.088650,3.571711,4.130959,3.239262,4.102488,3.711025,3.799303,3.869354,4.073224,3.475578,4.157784,3.752243,3.578145,3.497402,3.840613,3.899410,3.749278,3.416793,3.712780,3.448263,3.256623,3.665740,4.253167,3.542073,3.262140,3.072249,3.740117,3.374452,3.426756,3.514937,3.545893,3.536804,3.464454,3.607899,3.212215,3.905111,3.189318,2.469898,3.242813,3.080802,2.804141,3.173473,3.180842,3.252024,3.382581,3.038573,3.109789,2.528897,2.018500,2.740266,2.935821,2.888549,2.778096,1.939824,2.720723,2.947273,1.965526,2.714776,2.108082,2.608823,1.531003,1.973944,2.435509,2.260176,1.818499,2.132746,2.265635,1.514682,1.467955,1.125339,2.113618,2.735522,1.498197,1.636784,0.636001,0.847104,0.986181,0.851866,0.948511,0.928013,1.666543,1.346393,0.713883,1.004001,0.028310,0.487231,0.028310,0.406020,0.028310,0.028310,0.724751,0.028310,0.028310,0.028310,0.580317,0.028310
41,Pine,2.006409,3.509412,0.139300,3.080527,3.863280,0.139300,3.247906,3.064677,3.755303,3.645072,0.139300,2.990856,4.074034,4.007287,4.104061,3.306329,4.019386,3.738527,3.976467,3.055316,3.906743,3.577687,4.208428,3.844083,3.413399,3.900909,3.825913,3.469183,3.744129,3.879653,3.768350,3.467488,3.725962,3.510423,3.987341,3.923886,3.811935,3.446347,3.825091,3.208646,3.579290,3.441169,3.312052,3.416548,3.405344,3.369146,3.341161,3.626169,3.761720,2.535519,3.486567,3.252105,2.807559,2.949055,3.381965,3.254553,3.068424,3.035324,2.637567,2.535534,2.959131,2.669320,3.062426,2.511886,3.157708,2.479188,2.606613,2.974237,2.304343,2.919362,2.480451,2.374838,2.172559,2.203853,2.542663,2.455194,1.669102,0.935370,2.065488,2.421451,1.737020,1.411151,2.241676,2.267196,0.719894,1.003101,0.914303,0.723563,0.510993,0.809422,0.746221,1.064717,1.166795,1.774226,1.825138,0.881591,0.028329,0.587649,0.028329,0.028329,0.028329,0.545218,0.028329,0.028329,0.028329,0.498728,0.449628,0.516256
42,Pine,2.832389,3.754192,2.941141,2.398640,0.141483,2.679467,2.045076,2.777060,3.037104,3.676327,1.951454,3.355737,4.012208,3.635158,4.124651,3.370134,3.847447,3.040385,4.196883,3.031818,3.558939,3.735440,3.891599,3.797932,3.686514,4.023962,3.802356,3.494107,4.204947,3.653049,3.581505,2.698843,3.726391,3.618184,3.686731,3.845547,3.722576,3.196916,3.778649,3.387192,3.576785,3.495074,3.661509,3.043534,3.830650,3.667321,3.144901,3.906660,3.402831,3.203537,3.654399,3.045353,3.176988,2.906934,3.303547,2.985279,2.921647,3.090248,2.742375,2.075646,3.212347,2.366338,2.641251,2.228771,2.904474,2.060229,2.503422,2.935373,2.401874,2.732210,2.649066,2.315778,2.127857,2.161816,2.042552,2.229962,1.519099,1.449643,1.351491,1.843499,1.787633,1.983468,2.402316,2.483850,0.724421,1.740185,0.814429,1.010954,1.568619,1.722739,1.079916,1.335458,1.341079,1.707721,1.523452,0.522546,0.028083,0.028083,0.683470,0.028083,0.028083,0.413571,0.352272,0.028083,0.028083,0.028083,0.544868,0.028083
43,Pine,3.839692,3.383172,3.095968,3.490514,3.476721,3.760468,3.628799,2.877466,4.035061,3.587527,3.806620,2.629164,3.911302,4.169363,3.864441,3.305777,3.854523,3.810328,3.657891,3.039141,3.879091,3.768626,3.522569,3.926824,3.810607,3.817813,3.887418,4.068888,2.998309,3.914388,3.845126,3.398675,3.743624,3.349507,3.840349,3.824088,3.756867,2.975430,3.736787,3.409554,3.629598,3.355581,3.246369,3.434744,3.809350,3.533884,3.590021,4.045729,3.627010,3.301750,3.629684,3.214241,3.125986,2.774377,3.309204,3.138466,2.441843,3.031664,3.276100,2.494270,3.092974,2.569528,2.884947,2.795721,2.681286,2.741346,2.775157,2.794838,2.605547,2.998509,2.566971,2.754237,2.017045,1.999096,1.455306,2.257631,2.122969,2.219465,1.942973,2.635656,0.977317,1.960425,2.282358,1.749057,0.984608,1.609371,0.981097,1.596422,1.532685,1.667088,1.360057,1.329317,0.961530,1.430982,1.147495,0.866320,0.623475,0.035593,0.035593,0.035593,0.359499,1.172369,0.035593,0.035593,0.589656,0.971245,0.035593,0.035593
44,Pine,4.288304,2.821439,2.755675,3.200880,3.466485,3.385930,3.310283,1.592652,3.668480,3.531457,3.099507,2.553260,4.325114,4.099698,3.858065,3.957644,3.919997,3.894464,3.805049,2.836746,3.668704,3.655271,3.780772,3.895571,3.564110,3.979913,3.213598,3.942503,4.317726,3.877546,3.391192,3.620684,3.716923,3.579496,4.111848,3.761213,3.845933,2.738508,3.532121,3.360170,3.593400,3.561164,3.522447,3.384465,3.664388,3.190606,2.731268,3.911155,3.088610,3.320309,3.450553,3.254109,3.455408,2.866488,3.089379,3.194590,3.500464,2.530484,3.286652,2.695263,3.051178,2.828151,2.873781,2.356611,3.102243,2.491311,2.710194,2.551654,2.687774,2.450502,2.487839,2.698510,1.572329,1.714805,2.108012,1.903730,2.235380,2.180106,2.253569,2.563831,1.668535,1.974703,2.118217,2.453737,1.363031,1.134506,0.709326,0.522964,0.886834,0.506134,1.810595,1.209699,1.429803,1.644260,0.868406,1.645216,0.027908,0.027908,0.589707,0.027908,0.027908,0.505539,0.408640,0.027908,0.027908,0.027908,0.543835,0.027908
45,Pine,4.125881,0.138706,3.212686,2.023507,3.470344,3.316765,3.670677,2.022635,3.618922,2.931312,4.174291,2.714536,4.055872,3.538287,3.634782,3.463528,3.999916,3.636251,3.854911,3.394874,3.918199,3.685351,4.339174,3.499000,3.682033,4.043816,3.779477,3.827724,3.742036,4.031916,3.633129,3.574446,3.186351,3.577670,3.878330,3.878729,3.555583,2.994950,3.890329,3.360158,3.561061,3.546264,3.713499,3.427255,3.550733,3.468260,3.386669,3.702050,3.278844,2.797477,3.548546,3.192511,3.470544,3.151329,3.158022,3.099416,3.341768,2.178270,3.533041,2.561523,3.115017,2.506677,2.950181,2.232784,3.160258,2.836597,2.333683,2.812322,2.999002,3.052572,2.023750,2.701335,1.684868,2.181207,2.320390,2.467809,1.709334,1.051182,2.024233,2.647423,0.991728,1.672019,2.609453,1.903445,1.329896,1.529948,1.153585,1.204389,1.195523,1.945420,1.797811,1.224309,1.104856,1.386100,0.949833,0.748686,0.027719,0.027719,0.550871,0.027719,0.027719,0.027719,0.484791,0.027719,0.712651,0.969922,0.648365,0.573942
46,Pine,1.707029,3.362681,3.225832,3.493523,2.904318,3.649513,0.131111,2.592150,2.701067,3.058668,3.887467,1.661733,4.327123,4.043859,4.310155,3.275658,3.424935,3.759755,4.299892,3.032817,3.906004,3.800668,4.392407,3.827411,3.679567,3.930186,3.840827,3.364323,3.762818,4.099286,3.765248,3.221655,3.781757,2.878260,4.101326,4.041800,3.486661,3.195345,3.797728,3.331009,3.507294,3.227947,3.864795,3.251812,3.633224,3.121278,3.275546,3.797645,3.664983,3.249609,3.511372,2.837940,3.377877,3.052198,3.454627,2.631646,3.172268,3.023628,3.207626,2.612130,2.911258,2.815458,2.911286,2.795514,2.846231,2.224037,2.851070,2.225024,2.317117,2.945819,2.507957,2.653399,1.753627,1.536515,1.942600,2.512217,0.684352,2.173284,2.263875,2.303294,1.788330,2.021625,1.962131,2.235453,1.474285,1.367506,1.300815,1.486279,1.237978,1.913304,1.984226,0.550270,0.057522,0.997485,0.687289,1.485120,0.765908,0.028520,0.028520,0.537606,0.028520,0.028520,0.028520,0.822984,0.610865,1.200278,0.767283,0.586055
47,Pine,1.999421,1.584767,3.179337,2.956624,3.603843,2.951899,3.390592,2.693973,3.661250,2.939773,3.686058,2.720112,3.774028,3.842086,3.806539,3.265783,3.946878,3.706827,4.092596,3.026981,4.278688,3.708846,4.262735,3.785164,3.628311,3.938643,3.506199,4.109644,3.936813,4.006314,3.602798,3.579712,3.425497,3.630529,3.330112,3.437366,3.921902,2.994918,3.188314,3.344210,3.562599,3.242568,3.435504,3.155918,3.515872,3.297022,3.349411,3.542750,2.995439,3.062696,3.245474,3.156925,3.269841,3.063426,3.086960,3.224119,3.018830,3.039814,2.797157,2.558193,2.268986,2.346771,2.825386,2.802486,2.865260,2.501545,2.721789,2.914258,2.090370,2.783540,2.188127,2.485718,2.116454,2.246356,2.596469,2.498303,2.238829,1.871794,2.086063,2.100587,1.854064,1.440994,1.153487,2.263256,0.791283,0.930218,0.615645,0.431243,1.555243,1.485338,1.005350,0.677393,0.827196,1.210630,1.446228,1.221166,0.027793,0.027793,0.027793,0.582097,0.027793,0.496932,0.485456,0.247836,0.027793,0.379989,0.794138,0.719545
48,Pine,4.064097,3.320661,0.136623,2.895176,3.966194,2.834637,2.701868,2.387123,3.937352,3.613136,3.471223,3.507785,4.176755,4.044999,4.320020,3.495916,3.804938,3.922388,4.361873,3.892592,4.099543,3.634552,4.324038,3.901292,3.724221,3.944728,3.837923,4.049900,4.164276,3.696958,3.750457,3.762936,3.799620,3.580937,3.602879,3.961808,3.925401,3.220766,3.852175,3.350070,2.972141,3.545009,3.810933,2.589061,3.703111,3.684032,3.504298,3.917639,3.215605,2.874126,3.541911,3.172709,2.712307,3.038513,2.953622,3.062216,3.363599,2.962197,3.599032,2.434290,3.121619,2.253361,2.657326,2.849137,3.286944,2.258466,2.660481,2.831761,2.813966,2.325365,2.556159,2.717067,1.739715,2.189177,2.643778,2.303534,2.163467,2.188465,1.468417,2.611009,2.098959,2.135723,2.417729,2.473853,0.760619,1.170038,0.976086,0.517408,1.306536,1.870964,1.544415,1.114902,0.714866,1.147016,1.898011,1.555833,0.579634,0.035376,0.035376,0.439306,0.363801,0.035376,0.035376,0.494653,0.476754,0.035376,0.472015,0.581829
49,Pine,4.094872,3.031293,2.926138,3.564814,3.288245,3.598664,3.016899,2.837108,4.073827,3.538149,4.167492,3.677160,3.995252,4.064761,4.253161,3.277941,4.098212,3.849433,3.539488,2.689786,4.098716,3.639423,4.369172,3.871309,3.318266,3.986573,3.662061,3.962257,4.227243,3.886338,3.795628,3.844013,3.145329,3.378458,3.990205,3.913608,3.818395,3.055434,3.805448,3.289456,3.477576,3.666835,3.555936,3.383347,3.837110,3.278645,3.299301,3.481635,3.641522,3.492563,3.269748,2.887058,3.135493,2.889573,3.359022,2.803660,2.858581,2.914841,2.887493,2.660368,2.779783,2.594826,2.783274,2.934660,2.559548,2.305962,2.847193,2.816739,2.948164,2.749052,2.535259,2.659724,2.173921,1.772995,2.365550,1.898369,1.788996,1.691872,2.320861,1.937658,1.584961,1.004634,2.153912,2.145153,0.842269,0.735111,1.015945,0.987356,1.038477,1.365669,1.950243,1.091280,1.377144,1.876460,1.562678,0.676198,0.860419,0.770186,0.591387,0.858915,0.197548,0.039123,0.750472,0.763999,0.595629,0.039123,0.671413,0.039123
50,Pine,2.736269,3.562276,3.916434,2.328881,3.508368,3.285927,3.160645,2.677069,3.447328,3.504429,0.140741,0.140741,4.255336,4.116909,3.894622,3.457574,3.972087,3.810095,3.765694,3.022691,4.042347,3.807352,4.217659,3.839939,3.747121,3.788462,3.746881,4.105634,3.942883,3.896023,3.585824,3.327526,3.846549,3.599682,3.551276,3.774501,3.380852,3.701604,3.897699,3.350055,2.919081,3.533393,3.669450,3.418233,3.857657,2.945032,3.280617,3.838018,3.064330,3.339195,3.478150,3.204728,3.502258,3.184455,2.609804,3.036817,3.286263,2.999188,2.746270,2.638236,3.116225,2.871665,2.546107,2.613671,2.930760,2.618336,1.979560,2.774443,3.001881,2.891061,1.782999,2.660470,2.291444,2.186985,2.215963,1.776945,1.332864,1.798873,2.358837,1.846541,1.764343,1.554703,2.455512,2.345635,0.668272,0.546361,0.848333,0.408901,1.242707,1.404527,1.106597,1.202872,1.591484,0.738096,1.336576,1.366635,0.028798,0.586486,0.028798,0.028798,0.372228,0.858994,0.330710,0.803521,0.028798,0.457204,0.490037,0.028798
